========================================
[2026-08-02 14:40:03] [PUSH-EVENT] Push detected.
[2026-08-02 14:40:03] [REF] refs/tags/v2.15.0 (402040b6e093ec26df6d747f56831085b28bb735) -> refs/tags/v2.15.0 (0000000000000000000000000000000000000000)
[2026-08-02 14:40:03] [PRE-PUSH] HEAD SHA: 402040b6e093ec26df6d747f56831085b28bb735
[2026-08-02 14:40:09] [BACKUP-START] Mirroring to backup remote...
========================================
[2026-08-02 14:40:13] [PUSH-EVENT] Push detected.
[2026-08-02 14:40:13] [REF] refs/heads/master (402040b6e093ec26df6d747f56831085b28bb735) -> refs/heads/master (739ea0a45d76a747ee7c3e78178c9559f58fd922)
[2026-08-02 14:40:13] [REF] refs/tags/v2.7.3 (56381e7b12ccbed136911cae55433d3270f914df) -> refs/tags/v2.7.3 (1364c262bc89902bc18eb9334eb2b3167f410b83)
[2026-08-02 14:40:13] [REF] refs/remotes/backup/master (739ea0a45d76a747ee7c3e78178c9559f58fd922) -> refs/remotes/backup/master (0000000000000000000000000000000000000000)
[2026-08-02 14:40:13] [REF] refs/remotes/github/HEAD (0ec73d824836cb66cd2775c450595f58356fb58c) -> refs/remotes/github/HEAD (0000000000000000000000000000000000000000)
[2026-08-02 14:40:13] [REF] refs/remotes/github/main (0ec73d824836cb66cd2775c450595f58356fb58c) -> refs/remotes/github/main (0000000000000000000000000000000000000000)
[2026-08-02 14:40:13] [REF] refs/remotes/github/master (739ea0a45d76a747ee7c3e78178c9559f58fd922) -> refs/remotes/github/master (0000000000000000000000000000000000000000)
[2026-08-02 14:40:13] [REF] refs/remotes/origin/HEAD (739ea0a45d76a747ee7c3e78178c9559f58fd922) -> refs/remotes/origin/HEAD (0000000000000000000000000000000000000000)
[2026-08-02 14:40:13] [REF] refs/remotes/origin/master (739ea0a45d76a747ee7c3e78178c9559f58fd922) -> refs/remotes/origin/master (0000000000000000000000000000000000000000)
[2026-08-02 14:40:13] [REF] refs/tags/v2.15.0 (402040b6e093ec26df6d747f56831085b28bb735) -> refs/tags/v2.15.0 (0000000000000000000000000000000000000000)
[2026-08-02 14:40:13] [PRE-PUSH] HEAD SHA: 402040b6e093ec26df6d747f56831085b28bb735
[2026-08-02 14:40:18] [BACKUP-START] Mirroring to backup remote...
========================================
[2026-08-02 14:40:21] [PUSH-EVENT] Push detected.
[2026-08-02 14:40:21] [REF] refs/remotes/backup/master (402040b6e093ec26df6d747f56831085b28bb735) -> refs/remotes/backup/master (739ea0a45d76a747ee7c3e78178c9559f58fd922)
[2026-08-02 14:40:21] [PRE-PUSH] HEAD SHA: 402040b6e093ec26df6d747f56831085b28bb735
[2026-08-02 14:40:27] [BACKUP-START] Mirroring to backup remote...
========================================
[2026-08-02 14:40:29] [PUSH-EVENT] Push detected.
[2026-08-02 14:40:29] [PRE-PUSH] HEAD SHA: 402040b6e093ec26df6d747f56831085b28bb735
[2026-08-02 14:40:37] [BACKUP-START] Mirroring to backup remote...
========================================
[2026-08-02 14:41:01] [PUSH-EVENT] Push detected.
[2026-08-02 14:41:01] [PRE-PUSH] HEAD SHA: 402040b6e093ec26df6d747f56831085b28bb735
[2026-08-02 14:41:13] [BACKUP-START] Mirroring to backup remote...
========================================
[2026-08-02 14:41:25] [PUSH-EVENT] Push detected.
[2026-08-02 14:41:25] [PRE-PUSH] HEAD SHA: 402040b6e093ec26df6d747f56831085b28bb735
[2026-08-02 14:41:33] [BACKUP-START] Mirroring to backup remote...
========================================
[2026-08-02 14:41:40] [PUSH-EVENT] Push detected.
[2026-08-02 14:41:40] [PRE-PUSH] HEAD SHA: 402040b6e093ec26df6d747f56831085b28bb735
[2026-08-02 14:41:47] [BACKUP-START] Mirroring to backup remote...
========================================
[2026-08-02 14:41:54] [PUSH-EVENT] Push detected.
[2026-08-02 14:41:54] [PRE-PUSH] HEAD SHA: 402040b6e093ec26df6d747f56831085b28bb735
[2026-08-02 14:42:01] [BACKUP-START] Mirroring to backup remote...
========================================
[2026-08-02 14:42:15] [PUSH-EVENT] Push detected.
[2026-08-02 14:42:15] [PRE-PUSH] HEAD SHA: 402040b6e093ec26df6d747f56831085b28bb735
[2026-08-02 14:42:22] [BACKUP-START] Mirroring to backup remote...
========================================
[2026-08-02 14:42:30] [PUSH-EVENT] Push detected.
[2026-08-02 14:42:30] [PRE-PUSH] HEAD SHA: 402040b6e093ec26df6d747f56831085b28bb735
[2026-08-02 14:42:38] [BACKUP-START] Mirroring to backup remote...
========================================
[2026-08-02 14:42:51] [PUSH-EVENT] Push detected.
[2026-08-02 14:42:51] [PRE-PUSH] HEAD SHA: 402040b6e093ec26df6d747f56831085b28bb735
[2026-08-02 14:43:00] [BACKUP-START] Mirroring to backup remote...
========================================
[2026-08-02 14:43:07] [PUSH-EVENT] Push detected.
[2026-08-02 14:43:07] [PRE-PUSH] HEAD SHA: 402040b6e093ec26df6d747f56831085b28bb735
[2026-08-02 14:43:16] [BACKUP-START] Mirroring to backup remote...
========================================
[2026-08-02 14:43:23] [PUSH-EVENT] Push detected.
[2026-08-02 14:43:23] [PRE-PUSH] HEAD SHA: 402040b6e093ec26df6d747f56831085b28bb735
[2026-08-02 14:43:31] [BACKUP-START] Mirroring to backup remote...
========================================
[2026-08-02 14:43:41] [PUSH-EVENT] Push detected.
[2026-08-02 14:43:41] [PRE-PUSH] HEAD SHA: 402040b6e093ec26df6d747f56831085b28bb735
[2026-08-02 14:43:49] [BACKUP-START] Mirroring to backup remote...
========================================
[2026-08-02 14:43:59] [PUSH-EVENT] Push detected.
[2026-08-02 14:43:59] [PRE-PUSH] HEAD SHA: 402040b6e093ec26df6d747f56831085b28bb735
[2026-08-02 14:44:09] [BACKUP-START] Mirroring to backup remote...
========================================
[2026-08-02 14:44:18] [PUSH-EVENT] Push detected.
[2026-08-02 14:44:18] [PRE-PUSH] HEAD SHA: 402040b6e093ec26df6d747f56831085b28bb735
[2026-08-02 14:44:25] [BACKUP-START] Mirroring to backup remote...
========================================
[2026-08-02 14:44:35] [PUSH-EVENT] Push detected.
[2026-08-02 14:44:35] [PRE-PUSH] HEAD SHA: 402040b6e093ec26df6d747f56831085b28bb735
[2026-08-02 14:44:44] [BACKUP-START] Mirroring to backup remote...
========================================
[2026-08-02 14:44:53] [PUSH-EVENT] Push detected.
[2026-08-02 14:44:53] [PRE-PUSH] HEAD SHA: 402040b6e093ec26df6d747f56831085b28bb735
[2026-08-02 14:45:06] [BACKUP-START] Mirroring to backup remote...
========================================
[2026-08-02 14:45:16] [PUSH-EVENT] Push detected.
[2026-08-02 14:45:16] [PRE-PUSH] HEAD SHA: 402040b6e093ec26df6d747f56831085b28bb735
[2026-08-02 14:45:25] [BACKUP-START] Mirroring to backup remote...
========================================
[2026-08-02 14:45:34] [PUSH-EVENT] Push detected.
[2026-08-02 14:45:34] [PRE-PUSH] HEAD SHA: 402040b6e093ec26df6d747f56831085b28bb735
[2026-08-02 14:45:43] [BACKUP-START] Mirroring to backup remote...
========================================
[2026-08-02 14:45:53] [PUSH-EVENT] Push detected.
[2026-08-02 14:45:53] [PRE-PUSH] HEAD SHA: 402040b6e093ec26df6d747f56831085b28bb735
[2026-08-02 14:46:02] [BACKUP-START] Mirroring to backup remote...
========================================
[2026-08-02 14:46:20] [PUSH-EVENT] Push detected.
[2026-08-02 14:46:20] [PRE-PUSH] HEAD SHA: 402040b6e093ec26df6d747f56831085b28bb735
[2026-08-02 14:46:36] [BACKUP-START] Mirroring to backup remote...
========================================
[2026-08-02 14:46:50] [PUSH-EVENT] Push detected.
[2026-08-02 14:46:50] [PRE-PUSH] HEAD SHA: 402040b6e093ec26df6d747f56831085b28bb735
[2026-08-02 14:47:00] [BACKUP-START] Mirroring to backup remote...
========================================
[2026-08-02 14:47:11] [PUSH-EVENT] Push detected.
[2026-08-02 14:47:11] [PRE-PUSH] HEAD SHA: 402040b6e093ec26df6d747f56831085b28bb735
[2026-08-02 14:47:22] [BACKUP-START] Mirroring to backup remote...
========================================
[2026-08-02 14:47:38] [PUSH-EVENT] Push detected.
[2026-08-02 14:47:38] [PRE-PUSH] HEAD SHA: 402040b6e093ec26df6d747f56831085b28bb735
[2026-08-02 14:47:52] [BACKUP-START] Mirroring to backup remote...
========================================
[2026-08-02 14:48:04] [PUSH-EVENT] Push detected.
[2026-08-02 14:48:04] [PRE-PUSH] HEAD SHA: 402040b6e093ec26df6d747f56831085b28bb735
[2026-08-02 14:48:16] [BACKUP-START] Mirroring to backup remote...
========================================
[2026-08-02 14:48:37] [PUSH-EVENT] Push detected.
[2026-08-02 14:48:37] [PRE-PUSH] HEAD SHA: 402040b6e093ec26df6d747f56831085b28bb735
========================================
[2026-08-02 14:48:45] [PUSH-EVENT] Push detected.
[2026-08-02 14:48:45] [PRE-PUSH] HEAD SHA: 402040b6e093ec26df6d747f56831085b28bb735
[2026-08-02 14:48:48] [BACKUP-START] Mirroring to backup remote...
[2026-08-02 14:48:53] [BACKUP-START] Mirroring to backup remote...
========================================
[2026-08-02 14:49:05] [PUSH-EVENT] Push detected.
========================================
[2026-08-02 14:49:06] [PUSH-EVENT] Push detected.
[2026-08-02 14:49:05] [PRE-PUSH] HEAD SHA: 402040b6e093ec26df6d747f56831085b28bb735
[2026-08-02 14:49:06] [PRE-PUSH] HEAD SHA: 402040b6e093ec26df6d747f56831085b28bb735
[2026-08-02 14:49:15] [BACKUP-START] Mirroring to backup remote...
[2026-08-02 14:49:16] [BACKUP-START] Mirroring to backup remote...
========================================
[2026-08-02 14:49:26] [PUSH-EVENT] Push detected.
[2026-08-02 14:49:26] [PRE-PUSH] HEAD SHA: 402040b6e093ec26df6d747f56831085b28bb735
========================================
[2026-08-02 14:49:31] [PUSH-EVENT] Push detected.
[2026-08-02 14:49:31] [PRE-PUSH] HEAD SHA: 402040b6e093ec26df6d747f56831085b28bb735
[2026-08-02 14:49:38] [BACKUP-START] Mirroring to backup remote...
[2026-08-02 14:49:40] [BACKUP-START] Mirroring to backup remote...
========================================
[2026-08-02 14:49:51] [PUSH-EVENT] Push detected.
[2026-08-02 14:49:51] [PRE-PUSH] HEAD SHA: 402040b6e093ec26df6d747f56831085b28bb735
========================================
[2026-08-02 14:49:53] [PUSH-EVENT] Push detected.
[2026-08-02 14:49:53] [PRE-PUSH] HEAD SHA: 402040b6e093ec26df6d747f56831085b28bb735
[2026-08-02 14:50:00] [BACKUP-START] Mirroring to backup remote...
[2026-08-02 14:50:02] [BACKUP-START] Mirroring to backup remote...
========================================
[2026-08-02 14:50:12] [PUSH-EVENT] Push detected.
========================================
[2026-08-02 14:50:14] [PUSH-EVENT] Push detected.
[2026-08-02 14:50:12] [PRE-PUSH] HEAD SHA: 402040b6e093ec26df6d747f56831085b28bb735
[2026-08-02 14:50:14] [PRE-PUSH] HEAD SHA: 402040b6e093ec26df6d747f56831085b28bb735
[2026-08-02 14:50:22] [BACKUP-START] Mirroring to backup remote...
[2026-08-02 14:50:22] [BACKUP-START] Mirroring to backup remote...
========================================
[2026-08-02 14:50:33] [PUSH-EVENT] Push detected.
========================================
[2026-08-02 14:50:34] [PUSH-EVENT] Push detected.
[2026-08-02 14:50:34] [PRE-PUSH] HEAD SHA: 402040b6e093ec26df6d747f56831085b28bb735
[2026-08-02 14:50:33] [PRE-PUSH] HEAD SHA: 402040b6e093ec26df6d747f56831085b28bb735
[2026-08-02 14:50:43] [BACKUP-START] Mirroring to backup remote...
[2026-08-02 14:50:44] [BACKUP-START] Mirroring to backup remote...
========================================
[2026-08-02 14:50:57] [PUSH-EVENT] Push detected.
========================================
[2026-08-02 14:50:58] [PUSH-EVENT] Push detected.
[2026-08-02 14:50:57] [PRE-PUSH] HEAD SHA: 402040b6e093ec26df6d747f56831085b28bb735
[2026-08-02 14:50:58] [PRE-PUSH] HEAD SHA: 402040b6e093ec26df6d747f56831085b28bb735
[2026-08-02 14:51:08] [BACKUP-START] Mirroring to backup remote...
[2026-08-02 14:51:10] [BACKUP-START] Mirroring to backup remote...
========================================
[2026-08-02 14:51:25] [PUSH-EVENT] Push detected.
========================================
[2026-08-02 14:51:28] [PUSH-EVENT] Push detected.
[2026-08-02 14:51:25] [PRE-PUSH] HEAD SHA: 402040b6e093ec26df6d747f56831085b28bb735
[2026-08-02 14:51:28] [PRE-PUSH] HEAD SHA: 402040b6e093ec26df6d747f56831085b28bb735
[2026-08-02 14:51:37] [BACKUP-START] Mirroring to backup remote...
[2026-08-02 14:51:38] [BACKUP-START] Mirroring to backup remote...
========================================
[2026-08-02 14:51:50] [PUSH-EVENT] Push detected.
[2026-08-02 14:51:50] [PRE-PUSH] HEAD SHA: 402040b6e093ec26df6d747f56831085b28bb735
========================================
[2026-08-02 14:51:53] [PUSH-EVENT] Push detected.
[2026-08-02 14:51:53] [PRE-PUSH] HEAD SHA: 402040b6e093ec26df6d747f56831085b28bb735
[2026-08-02 14:52:02] [BACKUP-START] Mirroring to backup remote...
[2026-08-02 14:52:04] [BACKUP-START] Mirroring to backup remote...
========================================
[2026-08-02 14:52:15] [PUSH-EVENT] Push detected.
[2026-08-02 14:52:15] [PRE-PUSH] HEAD SHA: 402040b6e093ec26df6d747f56831085b28bb735
========================================
[2026-08-02 14:52:21] [PUSH-EVENT] Push detected.
[2026-08-02 14:52:21] [PRE-PUSH] HEAD SHA: 402040b6e093ec26df6d747f56831085b28bb735
[2026-08-02 14:52:26] [BACKUP-START] Mirroring to backup remote...
[2026-08-02 14:52:32] [BACKUP-START] Mirroring to backup remote...
========================================
[2026-08-02 14:52:43] [PUSH-EVENT] Push detected.
[2026-08-02 14:52:43] [PRE-PUSH] HEAD SHA: 402040b6e093ec26df6d747f56831085b28bb735
========================================
[2026-08-02 14:52:49] [PUSH-EVENT] Push detected.
[2026-08-02 14:52:49] [PRE-PUSH] HEAD SHA: 402040b6e093ec26df6d747f56831085b28bb735
[2026-08-02 14:52:55] [BACKUP-START] Mirroring to backup remote...
[2026-08-02 14:52:58] [BACKUP-START] Mirroring to backup remote...
========================================
[2026-08-02 14:53:05] [PUSH-EVENT] Push detected.
[2026-08-02 14:53:05] [PRE-PUSH] HEAD SHA: 402040b6e093ec26df6d747f56831085b28bb735
========================================
[2026-08-02 14:53:13] [PUSH-EVENT] Push detected.
[2026-08-02 14:53:13] [PRE-PUSH] HEAD SHA: 402040b6e093ec26df6d747f56831085b28bb735
[2026-08-02 14:53:19] [BACKUP-START] Mirroring to backup remote...
[2026-08-02 14:53:22] [BACKUP-START] Mirroring to backup remote...
========================================
[2026-08-02 14:53:28] [PUSH-EVENT] Push detected.
[2026-08-02 14:53:28] [PRE-PUSH] HEAD SHA: 402040b6e093ec26df6d747f56831085b28bb735
========================================
[2026-08-02 14:53:34] [PUSH-EVENT] Push detected.
[2026-08-02 14:53:36] [BACKUP-START] Mirroring to backup remote...
[2026-08-02 14:53:34] [PRE-PUSH] HEAD SHA: 402040b6e093ec26df6d747f56831085b28bb735
[2026-08-02 14:53:44] [BACKUP-START] Mirroring to backup remote...
========================================
[2026-08-02 14:53:50] [PUSH-EVENT] Push detected.
[2026-08-02 14:53:50] [PRE-PUSH] HEAD SHA: 402040b6e093ec26df6d747f56831085b28bb735
========================================
[2026-08-02 14:54:01] [PUSH-EVENT] Push detected.
[2026-08-02 14:54:04] [BACKUP-START] Mirroring to backup remote...
[2026-08-02 14:54:01] [PRE-PUSH] HEAD SHA: 402040b6e093ec26df6d747f56831085b28bb735
[2026-08-02 14:54:16] [BACKUP-START] Mirroring to backup remote...
========================================
[2026-08-02 14:54:25] [PUSH-EVENT] Push detected.
[2026-08-02 14:54:25] [PRE-PUSH] HEAD SHA: 402040b6e093ec26df6d747f56831085b28bb735
========================================
[2026-08-02 14:54:38] [PUSH-EVENT] Push detected.
[2026-08-02 14:54:38] [PRE-PUSH] HEAD SHA: 402040b6e093ec26df6d747f56831085b28bb735
[2026-08-02 14:54:42] [BACKUP-START] Mirroring to backup remote...
[2026-08-02 14:54:48] [BACKUP-START] Mirroring to backup remote...
========================================
[2026-08-02 14:55:02] [PUSH-EVENT] Push detected.
[2026-08-02 14:55:02] [PRE-PUSH] HEAD SHA: 402040b6e093ec26df6d747f56831085b28bb735
========================================
[2026-08-02 14:55:09] [PUSH-EVENT] Push detected.
[2026-08-02 14:55:09] [PRE-PUSH] HEAD SHA: 402040b6e093ec26df6d747f56831085b28bb735
[2026-08-02 14:55:21] [BACKUP-START] Mirroring to backup remote...
[2026-08-02 14:55:24] [BACKUP-START] Mirroring to backup remote...
========================================
[2026-08-02 14:55:32] [PUSH-EVENT] Push detected.
[2026-08-02 14:55:32] [PRE-PUSH] HEAD SHA: 402040b6e093ec26df6d747f56831085b28bb735
========================================
[2026-08-02 14:55:35] [PUSH-EVENT] Push detected.
[2026-08-02 14:55:35] [PRE-PUSH] HEAD SHA: 402040b6e093ec26df6d747f56831085b28bb735
========================================
[2026-08-02 14:55:38] [PUSH-EVENT] Push detected.
[2026-08-02 14:55:40] [BACKUP-START] Mirroring to backup remote...
[2026-08-02 14:55:38] [PRE-PUSH] HEAD SHA: 402040b6e093ec26df6d747f56831085b28bb735
[2026-08-02 14:55:45] [BACKUP-START] Mirroring to backup remote...
[2026-08-02 14:55:48] [BACKUP-START] Mirroring to backup remote...
========================================
[2026-08-02 14:55:59] [PUSH-EVENT] Push detected.
========================================
[2026-08-02 14:56:03] [PUSH-EVENT] Push detected.
[2026-08-02 14:55:59] [PRE-PUSH] HEAD SHA: 402040b6e093ec26df6d747f56831085b28bb735
[2026-08-02 14:56:03] [PRE-PUSH] HEAD SHA: 402040b6e093ec26df6d747f56831085b28bb735
========================================
[2026-08-02 14:56:07] [PUSH-EVENT] Push detected.
[2026-08-02 14:56:07] [PRE-PUSH] HEAD SHA: 402040b6e093ec26df6d747f56831085b28bb735
[2026-08-02 14:56:12] [BACKUP-START] Mirroring to backup remote...
[2026-08-02 14:56:13] [BACKUP-START] Mirroring to backup remote...
[2026-08-02 14:56:16] [BACKUP-START] Mirroring to backup remote...
========================================
[2026-08-02 14:56:28] [PUSH-EVENT] Push detected.
========================================
[2026-08-02 14:56:32] [PUSH-EVENT] Push detected.
[2026-08-02 14:56:28] [PRE-PUSH] HEAD SHA: 402040b6e093ec26df6d747f56831085b28bb735
[2026-08-02 14:56:32] [PRE-PUSH] HEAD SHA: 402040b6e093ec26df6d747f56831085b28bb735
========================================
[2026-08-02 14:56:37] [PUSH-EVENT] Push detected.
[2026-08-02 14:56:37] [PRE-PUSH] HEAD SHA: 402040b6e093ec26df6d747f56831085b28bb735
[2026-08-02 14:56:44] [BACKUP-START] Mirroring to backup remote...
[2026-08-02 14:56:46] [BACKUP-START] Mirroring to backup remote...
[2026-08-02 14:56:48] [BACKUP-START] Mirroring to backup remote...
========================================
[2026-08-02 14:56:59] [PUSH-EVENT] Push detected.
========================================
[2026-08-02 14:57:02] [PUSH-EVENT] Push detected.
[2026-08-02 14:56:59] [PRE-PUSH] HEAD SHA: 402040b6e093ec26df6d747f56831085b28bb735
========================================
[2026-08-02 14:57:04] [PUSH-EVENT] Push detected.
[2026-08-02 14:57:02] [PRE-PUSH] HEAD SHA: 402040b6e093ec26df6d747f56831085b28bb735
[2026-08-02 14:57:04] [PRE-PUSH] HEAD SHA: 402040b6e093ec26df6d747f56831085b28bb735
[2026-08-02 14:57:11] [BACKUP-START] Mirroring to backup remote...
[2026-08-02 14:57:13] [BACKUP-START] Mirroring to backup remote...
[2026-08-02 14:57:14] [BACKUP-START] Mirroring to backup remote...
========================================
[2026-08-02 14:57:25] [PUSH-EVENT] Push detected.
========================================
[2026-08-02 14:57:29] [PUSH-EVENT] Push detected.
[2026-08-02 14:57:25] [PRE-PUSH] HEAD SHA: 402040b6e093ec26df6d747f56831085b28bb735
[2026-08-02 14:57:29] [PRE-PUSH] HEAD SHA: 402040b6e093ec26df6d747f56831085b28bb735
========================================
[2026-08-02 14:57:34] [PUSH-EVENT] Push detected.
[2026-08-02 14:57:34] [PRE-PUSH] HEAD SHA: 402040b6e093ec26df6d747f56831085b28bb735
[2026-08-02 14:57:37] [BACKUP-START] Mirroring to backup remote...
[2026-08-02 14:57:39] [BACKUP-START] Mirroring to backup remote...
[2026-08-02 14:57:43] [BACKUP-START] Mirroring to backup remote...
========================================
[2026-08-02 14:57:54] [PUSH-EVENT] Push detected.
========================================
[2026-08-02 14:57:55] [PUSH-EVENT] Push detected.
[2026-08-02 14:57:54] [PRE-PUSH] HEAD SHA: 402040b6e093ec26df6d747f56831085b28bb735
[2026-08-02 14:57:55] [PRE-PUSH] HEAD SHA: 402040b6e093ec26df6d747f56831085b28bb735
========================================
[2026-08-02 14:58:01] [PUSH-EVENT] Push detected.
[2026-08-02 14:58:01] [PRE-PUSH] HEAD SHA: 402040b6e093ec26df6d747f56831085b28bb735
[2026-08-02 14:58:06] [BACKUP-START] Mirroring to backup remote...
[2026-08-02 14:58:06] [BACKUP-START] Mirroring to backup remote...
[2026-08-02 14:58:09] [BACKUP-START] Mirroring to backup remote...
========================================
[2026-08-02 14:58:23] [PUSH-EVENT] Push detected.
========================================
[2026-08-02 14:58:23] [PUSH-EVENT] Push detected.
[2026-08-02 14:58:23] [PRE-PUSH] HEAD SHA: 402040b6e093ec26df6d747f56831085b28bb735
[2026-08-02 14:58:23] [PRE-PUSH] HEAD SHA: 402040b6e093ec26df6d747f56831085b28bb735
========================================
[2026-08-02 14:58:27] [PUSH-EVENT] Push detected.
[2026-08-02 14:58:27] [PRE-PUSH] HEAD SHA: 402040b6e093ec26df6d747f56831085b28bb735
[2026-08-02 14:58:34] [BACKUP-START] Mirroring to backup remote...
[2026-08-02 14:58:35] [BACKUP-START] Mirroring to backup remote...
[2026-08-02 14:58:37] [BACKUP-START] Mirroring to backup remote...
========================================
[2026-08-02 14:58:50] [PUSH-EVENT] Push detected.
[2026-08-02 14:58:50] [PRE-PUSH] HEAD SHA: 402040b6e093ec26df6d747f56831085b28bb735
========================================
[2026-08-02 14:58:56] [PUSH-EVENT] Push detected.
========================================
[2026-08-02 14:58:57] [PUSH-EVENT] Push detected.
[2026-08-02 14:58:56] [PRE-PUSH] HEAD SHA: 402040b6e093ec26df6d747f56831085b28bb735
[2026-08-02 14:58:57] [PRE-PUSH] HEAD SHA: 402040b6e093ec26df6d747f56831085b28bb735
[2026-08-02 14:59:03] [BACKUP-START] Mirroring to backup remote...
[2026-08-02 14:59:07] [BACKUP-START] Mirroring to backup remote...
[2026-08-02 14:59:08] [BACKUP-START] Mirroring to backup remote...
========================================
[2026-08-02 14:59:15] [PUSH-EVENT] Push detected.
[2026-08-02 14:59:15] [PRE-PUSH] HEAD SHA: 402040b6e093ec26df6d747f56831085b28bb735
========================================
[2026-08-02 14:59:28] [PUSH-EVENT] Push detected.
========================================
[2026-08-02 14:59:31] [PUSH-EVENT] Push detected.
[2026-08-02 14:59:33] [BACKUP-START] Mirroring to backup remote...
[2026-08-02 14:59:28] [PRE-PUSH] HEAD SHA: 402040b6e093ec26df6d747f56831085b28bb735
[2026-08-02 14:59:31] [PRE-PUSH] HEAD SHA: 402040b6e093ec26df6d747f56831085b28bb735
[2026-08-02 14:59:43] [BACKUP-START] Mirroring to backup remote...
[2026-08-02 14:59:45] [BACKUP-START] Mirroring to backup remote...
========================================
[2026-08-02 14:59:47] [PUSH-EVENT] Push detected.
[2026-08-02 14:59:47] [PRE-PUSH] HEAD SHA: 402040b6e093ec26df6d747f56831085b28bb735
[2026-08-02 15:00:00] [BACKUP-START] Mirroring to backup remote...
========================================
[2026-08-02 15:00:04] [PUSH-EVENT] Push detected.
========================================
[2026-08-02 15:00:05] [PUSH-EVENT] Push detected.
[2026-08-02 15:00:04] [PRE-PUSH] HEAD SHA: 402040b6e093ec26df6d747f56831085b28bb735
[2026-08-02 15:00:05] [PRE-PUSH] HEAD SHA: 402040b6e093ec26df6d747f56831085b28bb735
========================================
[2026-08-02 15:00:14] [PUSH-EVENT] Push detected.
[2026-08-02 15:00:14] [PRE-PUSH] HEAD SHA: 402040b6e093ec26df6d747f56831085b28bb735
[2026-08-02 15:00:16] [BACKUP-START] Mirroring to backup remote...
[2026-08-02 15:00:17] [BACKUP-START] Mirroring to backup remote...
[2026-08-02 15:00:24] [BACKUP-START] Mirroring to backup remote...
========================================
[2026-08-02 15:00:31] [PUSH-EVENT] Push detected.
[2026-08-02 15:00:31] [PRE-PUSH] HEAD SHA: 402040b6e093ec26df6d747f56831085b28bb735
========================================
[2026-08-02 15:00:37] [PUSH-EVENT] Push detected.
========================================
[2026-08-02 15:00:39] [PUSH-EVENT] Push detected.
[2026-08-02 15:00:37] [PRE-PUSH] HEAD SHA: 402040b6e093ec26df6d747f56831085b28bb735
[2026-08-02 15:00:39] [PRE-PUSH] HEAD SHA: 402040b6e093ec26df6d747f56831085b28bb735
[2026-08-02 15:00:45] [BACKUP-START] Mirroring to backup remote...
[2026-08-02 15:00:50] [BACKUP-START] Mirroring to backup remote...
[2026-08-02 15:00:50] [BACKUP-START] Mirroring to backup remote...
========================================
[2026-08-02 15:01:03] [PUSH-EVENT] Push detected.
[2026-08-02 15:01:03] [PRE-PUSH] HEAD SHA: 402040b6e093ec26df6d747f56831085b28bb735
========================================
[2026-08-02 15:01:10] [PUSH-EVENT] Push detected.
========================================
[2026-08-02 15:01:11] [PUSH-EVENT] Push detected.
[2026-08-02 15:01:10] [PRE-PUSH] HEAD SHA: 402040b6e093ec26df6d747f56831085b28bb735
[2026-08-02 15:01:11] [PRE-PUSH] HEAD SHA: 402040b6e093ec26df6d747f56831085b28bb735
[2026-08-02 15:01:17] [BACKUP-START] Mirroring to backup remote...
[2026-08-02 15:01:20] [BACKUP-START] Mirroring to backup remote...
========================================
[2026-08-02 15:01:20] [PUSH-EVENT] Push detected.
[2026-08-02 15:01:22] [BACKUP-START] Mirroring to backup remote...
[2026-08-02 15:01:20] [PRE-PUSH] HEAD SHA: 402040b6e093ec26df6d747f56831085b28bb735
[2026-08-02 15:01:31] [BACKUP-START] Mirroring to backup remote...
========================================
[2026-08-02 15:01:33] [PUSH-EVENT] Push detected.
[2026-08-02 15:01:33] [PRE-PUSH] HEAD SHA: 402040b6e093ec26df6d747f56831085b28bb735
========================================
[2026-08-02 15:01:37] [PUSH-EVENT] Push detected.
========================================
[2026-08-02 15:01:39] [PUSH-EVENT] Push detected.
[2026-08-02 15:01:37] [PRE-PUSH] HEAD SHA: 402040b6e093ec26df6d747f56831085b28bb735
[2026-08-02 15:01:39] [PRE-PUSH] HEAD SHA: 402040b6e093ec26df6d747f56831085b28bb735
[2026-08-02 15:01:46] [BACKUP-START] Mirroring to backup remote...
========================================
[2026-08-02 15:01:46] [PUSH-EVENT] Push detected.
[2026-08-02 15:01:46] [PRE-PUSH] HEAD SHA: 402040b6e093ec26df6d747f56831085b28bb735
[2026-08-02 15:01:49] [BACKUP-START] Mirroring to backup remote...
[2026-08-02 15:01:51] [BACKUP-START] Mirroring to backup remote...
[2026-08-02 15:01:56] [BACKUP-START] Mirroring to backup remote...
========================================
[2026-08-02 15:02:03] [PUSH-EVENT] Push detected.
[2026-08-02 15:02:03] [PRE-PUSH] HEAD SHA: 402040b6e093ec26df6d747f56831085b28bb735
========================================
[2026-08-02 15:02:07] [PUSH-EVENT] Push detected.
========================================
[2026-08-02 15:02:08] [PUSH-EVENT] Push detected.
[2026-08-02 15:02:07] [PRE-PUSH] HEAD SHA: 402040b6e093ec26df6d747f56831085b28bb735
[2026-08-02 15:02:08] [PRE-PUSH] HEAD SHA: 402040b6e093ec26df6d747f56831085b28bb735
[2026-08-02 15:02:15] [BACKUP-START] Mirroring to backup remote...
========================================
[2026-08-02 15:02:16] [PUSH-EVENT] Push detected.
[2026-08-02 15:02:18] [BACKUP-START] Mirroring to backup remote...
[2026-08-02 15:02:16] [PRE-PUSH] HEAD SHA: 402040b6e093ec26df6d747f56831085b28bb735
[2026-08-02 15:02:20] [BACKUP-START] Mirroring to backup remote...
[2026-08-02 15:02:27] [BACKUP-START] Mirroring to backup remote...
========================================
[2026-08-02 15:02:30] [PUSH-EVENT] Push detected.
[2026-08-02 15:02:30] [PRE-PUSH] HEAD SHA: 402040b6e093ec26df6d747f56831085b28bb735
========================================
[2026-08-02 15:02:34] [PUSH-EVENT] Push detected.
[2026-08-02 15:02:34] [PRE-PUSH] HEAD SHA: 402040b6e093ec26df6d747f56831085b28bb735
========================================
[2026-08-02 15:02:38] [PUSH-EVENT] Push detected.
[2026-08-02 15:02:38] [PRE-PUSH] HEAD SHA: 402040b6e093ec26df6d747f56831085b28bb735
[2026-08-02 15:02:44] [BACKUP-START] Mirroring to backup remote...
========================================
[2026-08-02 15:02:45] [PUSH-EVENT] Push detected.
[2026-08-02 15:02:46] [BACKUP-START] Mirroring to backup remote...
[2026-08-02 15:02:45] [PRE-PUSH] HEAD SHA: 402040b6e093ec26df6d747f56831085b28bb735
[2026-08-02 15:02:50] [BACKUP-START] Mirroring to backup remote...
[2026-08-02 15:02:55] [BACKUP-START] Mirroring to backup remote...
========================================
[2026-08-02 15:02:58] [PUSH-EVENT] Push detected.
[2026-08-02 15:02:58] [PRE-PUSH] HEAD SHA: 402040b6e093ec26df6d747f56831085b28bb735
========================================
[2026-08-02 15:03:04] [PUSH-EVENT] Push detected.
========================================
[2026-08-02 15:03:07] [PUSH-EVENT] Push detected.
[2026-08-02 15:03:04] [PRE-PUSH] HEAD SHA: 402040b6e093ec26df6d747f56831085b28bb735
[2026-08-02 15:03:12] [BACKUP-START] Mirroring to backup remote...
========================================
[2026-08-02 15:03:13] [PUSH-EVENT] Push detected.
[2026-08-02 15:03:07] [PRE-PUSH] HEAD SHA: 402040b6e093ec26df6d747f56831085b28bb735
[2026-08-02 15:03:13] [PRE-PUSH] HEAD SHA: 402040b6e093ec26df6d747f56831085b28bb735
[2026-08-02 15:03:19] [BACKUP-START] Mirroring to backup remote...
[2026-08-02 15:03:22] [BACKUP-START] Mirroring to backup remote...
[2026-08-02 15:03:24] [BACKUP-START] Mirroring to backup remote...
========================================
[2026-08-02 15:03:24] [PUSH-EVENT] Push detected.
[2026-08-02 15:03:24] [PRE-PUSH] HEAD SHA: 402040b6e093ec26df6d747f56831085b28bb735
========================================
[2026-08-02 15:03:34] [PUSH-EVENT] Push detected.
[2026-08-02 15:03:37] [BACKUP-START] Mirroring to backup remote...
[2026-08-02 15:03:34] [PRE-PUSH] HEAD SHA: 402040b6e093ec26df6d747f56831085b28bb735
========================================
[2026-08-02 15:03:39] [PUSH-EVENT] Push detected.
========================================
[2026-08-02 15:03:39] [PUSH-EVENT] Push detected.
[2026-08-02 15:03:39] [PRE-PUSH] HEAD SHA: 402040b6e093ec26df6d747f56831085b28bb735
[2026-08-02 15:03:39] [PRE-PUSH] HEAD SHA: 402040b6e093ec26df6d747f56831085b28bb735
[2026-08-02 15:03:47] [BACKUP-START] Mirroring to backup remote...
========================================
[2026-08-02 15:03:49] [PUSH-EVENT] Push detected.
[2026-08-02 15:03:52] [BACKUP-START] Mirroring to backup remote...
[2026-08-02 15:03:52] [BACKUP-START] Mirroring to backup remote...
[2026-08-02 15:03:49] [PRE-PUSH] HEAD SHA: 402040b6e093ec26df6d747f56831085b28bb735
[2026-08-02 15:04:03] [BACKUP-START] Mirroring to backup remote...
========================================
[2026-08-02 15:04:10] [PUSH-EVENT] Push detected.
========================================
[2026-08-02 15:04:15] [PUSH-EVENT] Push detected.
[2026-08-02 15:04:10] [PRE-PUSH] HEAD SHA: 402040b6e093ec26df6d747f56831085b28bb735
========================================
[2026-08-02 15:04:16] [PUSH-EVENT] Push detected.
[2026-08-02 15:04:15] [PRE-PUSH] HEAD SHA: 402040b6e093ec26df6d747f56831085b28bb735
[2026-08-02 15:04:16] [PRE-PUSH] HEAD SHA: 402040b6e093ec26df6d747f56831085b28bb735
========================================
[2026-08-02 15:04:22] [PUSH-EVENT] Push detected.
[2026-08-02 15:04:22] [PRE-PUSH] HEAD SHA: 402040b6e093ec26df6d747f56831085b28bb735
[2026-08-02 15:04:25] [BACKUP-START] Mirroring to backup remote...
[2026-08-02 15:04:28] [BACKUP-START] Mirroring to backup remote...
[2026-08-02 15:04:30] [BACKUP-START] Mirroring to backup remote...
[2026-08-02 15:04:33] [BACKUP-START] Mirroring to backup remote...
========================================
[2026-08-02 15:04:44] [PUSH-EVENT] Push detected.
========================================
[2026-08-02 15:04:48] [PUSH-EVENT] Push detected.
[2026-08-02 15:04:44] [PRE-PUSH] HEAD SHA: 402040b6e093ec26df6d747f56831085b28bb735
[2026-08-02 15:04:48] [PRE-PUSH] HEAD SHA: 402040b6e093ec26df6d747f56831085b28bb735
========================================
[2026-08-02 15:04:53] [PUSH-EVENT] Push detected.
========================================
[2026-08-02 15:04:54] [PUSH-EVENT] Push detected.
[2026-08-02 15:04:53] [PRE-PUSH] HEAD SHA: 402040b6e093ec26df6d747f56831085b28bb735
[2026-08-02 15:04:54] [PRE-PUSH] HEAD SHA: 402040b6e093ec26df6d747f56831085b28bb735
[2026-08-02 15:04:58] [BACKUP-START] Mirroring to backup remote...
[2026-08-02 15:05:00] [BACKUP-START] Mirroring to backup remote...
[2026-08-02 15:05:05] [BACKUP-START] Mirroring to backup remote...
[2026-08-02 15:05:06] [BACKUP-START] Mirroring to backup remote...
========================================
[2026-08-02 15:05:16] [PUSH-EVENT] Push detected.
========================================
[2026-08-02 15:05:17] [PUSH-EVENT] Push detected.
[2026-08-02 15:05:16] [PRE-PUSH] HEAD SHA: 402040b6e093ec26df6d747f56831085b28bb735
[2026-08-02 15:05:17] [PRE-PUSH] HEAD SHA: 402040b6e093ec26df6d747f56831085b28bb735
========================================
[2026-08-02 15:05:25] [PUSH-EVENT] Push detected.
========================================
[2026-08-02 15:05:26] [PUSH-EVENT] Push detected.
[2026-08-02 15:05:25] [PRE-PUSH] HEAD SHA: 402040b6e093ec26df6d747f56831085b28bb735
[2026-08-02 15:05:26] [PRE-PUSH] HEAD SHA: 402040b6e093ec26df6d747f56831085b28bb735
[2026-08-02 15:05:32] [BACKUP-START] Mirroring to backup remote...
[2026-08-02 15:05:32] [BACKUP-START] Mirroring to backup remote...
[2026-08-02 15:05:39] [BACKUP-START] Mirroring to backup remote...
[2026-08-02 15:05:40] [BACKUP-START] Mirroring to backup remote...
========================================
[2026-08-02 15:05:48] [PUSH-EVENT] Push detected.
========================================
[2026-08-02 15:05:49] [PUSH-EVENT] Push detected.
[2026-08-02 15:05:49] [PRE-PUSH] HEAD SHA: 402040b6e093ec26df6d747f56831085b28bb735
[2026-08-02 15:05:48] [PRE-PUSH] HEAD SHA: 402040b6e093ec26df6d747f56831085b28bb735
========================================
[2026-08-02 15:06:01] [PUSH-EVENT] Push detected.
========================================
[2026-08-02 15:06:03] [PUSH-EVENT] Push detected.
[2026-08-02 15:06:01] [PRE-PUSH] HEAD SHA: 402040b6e093ec26df6d747f56831085b28bb735
[2026-08-02 15:06:07] [BACKUP-START] Mirroring to backup remote...
[2026-08-02 15:06:07] [BACKUP-START] Mirroring to backup remote...
[2026-08-02 15:06:03] [PRE-PUSH] HEAD SHA: 402040b6e093ec26df6d747f56831085b28bb735
[2026-08-02 15:06:12] [BACKUP-START] Mirroring to backup remote...
[2026-08-02 15:06:15] [BACKUP-START] Mirroring to backup remote...
========================================
[2026-08-02 15:06:29] [PUSH-EVENT] Push detected.
========================================
[2026-08-02 15:06:31] [PUSH-EVENT] Push detected.
========================================
[2026-08-02 15:06:31] [PUSH-EVENT] Push detected.
[2026-08-02 15:06:29] [PRE-PUSH] HEAD SHA: 402040b6e093ec26df6d747f56831085b28bb735
[2026-08-02 15:06:31] [PRE-PUSH] HEAD SHA: 402040b6e093ec26df6d747f56831085b28bb735
[2026-08-02 15:06:31] [PRE-PUSH] HEAD SHA: 402040b6e093ec26df6d747f56831085b28bb735
========================================
[2026-08-02 15:06:36] [PUSH-EVENT] Push detected.
[2026-08-02 15:06:36] [PRE-PUSH] HEAD SHA: 402040b6e093ec26df6d747f56831085b28bb735
[2026-08-02 15:06:42] [BACKUP-START] Mirroring to backup remote...
[2026-08-02 15:06:44] [BACKUP-START] Mirroring to backup remote...
[2026-08-02 15:06:45] [BACKUP-START] Mirroring to backup remote...
[2026-08-02 15:06:49] [BACKUP-START] Mirroring to backup remote...
========================================
[2026-08-02 15:07:08] [PUSH-EVENT] Push detected.
========================================
[2026-08-02 15:07:12] [PUSH-EVENT] Push detected.
========================================
[2026-08-02 15:07:16] [PUSH-EVENT] Push detected.
[2026-08-02 15:07:08] [PRE-PUSH] HEAD SHA: 402040b6e093ec26df6d747f56831085b28bb735
[2026-08-02 15:07:12] [PRE-PUSH] HEAD SHA: 402040b6e093ec26df6d747f56831085b28bb735
[2026-08-02 15:07:16] [PRE-PUSH] HEAD SHA: 402040b6e093ec26df6d747f56831085b28bb735
========================================
[2026-08-02 15:07:23] [PUSH-EVENT] Push detected.
[2026-08-02 15:07:31] [BACKUP-START] Mirroring to backup remote...
[2026-08-02 15:07:23] [PRE-PUSH] HEAD SHA: 402040b6e093ec26df6d747f56831085b28bb735
[2026-08-02 15:07:32] [BACKUP-START] Mirroring to backup remote...
[2026-08-02 15:07:36] [BACKUP-START] Mirroring to backup remote...
[2026-08-02 15:07:44] [BACKUP-START] Mirroring to backup remote...
========================================
[2026-08-02 15:07:58] [PUSH-EVENT] Push detected.
========================================
[2026-08-02 15:07:58] [PUSH-EVENT] Push detected.
[2026-08-02 15:07:58] [PRE-PUSH] HEAD SHA: 402040b6e093ec26df6d747f56831085b28bb735
========================================
[2026-08-02 15:08:03] [PUSH-EVENT] Push detected.
[2026-08-02 15:07:58] [PRE-PUSH] HEAD SHA: 402040b6e093ec26df6d747f56831085b28bb735
[2026-08-02 15:08:03] [PRE-PUSH] HEAD SHA: 402040b6e093ec26df6d747f56831085b28bb735
========================================
[2026-08-02 15:08:07] [PUSH-EVENT] Push detected.
[2026-08-02 15:08:12] [BACKUP-START] Mirroring to backup remote...
[2026-08-02 15:08:07] [PRE-PUSH] HEAD SHA: 402040b6e093ec26df6d747f56831085b28bb735
[2026-08-02 15:08:16] [BACKUP-START] Mirroring to backup remote...
[2026-08-02 15:08:19] [BACKUP-START] Mirroring to backup remote...
========================================
[2026-08-02 15:08:19] [PUSH-EVENT] Push detected.
[2026-08-02 15:08:23] [BACKUP-START] Mirroring to backup remote...
[2026-08-02 15:08:19] [PRE-PUSH] HEAD SHA: 402040b6e093ec26df6d747f56831085b28bb735
========================================
[2026-08-02 15:08:34] [PUSH-EVENT] Push detected.
[2026-08-02 15:08:37] [BACKUP-START] Mirroring to backup remote...
[2026-08-02 15:08:34] [PRE-PUSH] HEAD SHA: 402040b6e093ec26df6d747f56831085b28bb735
========================================
[2026-08-02 15:08:42] [PUSH-EVENT] Push detected.
========================================
[2026-08-02 15:08:42] [PUSH-EVENT] Push detected.
[2026-08-02 15:08:49] [BACKUP-START] Mirroring to backup remote...
[2026-08-02 15:08:42] [PRE-PUSH] HEAD SHA: 402040b6e093ec26df6d747f56831085b28bb735
[2026-08-02 15:08:42] [PRE-PUSH] HEAD SHA: 402040b6e093ec26df6d747f56831085b28bb735
========================================
[2026-08-02 15:08:52] [PUSH-EVENT] Push detected.
[2026-08-02 15:08:52] [PRE-PUSH] HEAD SHA: 402040b6e093ec26df6d747f56831085b28bb735
========================================
[2026-08-02 15:08:57] [PUSH-EVENT] Push detected.
[2026-08-02 15:08:59] [BACKUP-START] Mirroring to backup remote...
[2026-08-02 15:08:59] [BACKUP-START] Mirroring to backup remote...
[2026-08-02 15:08:57] [PRE-PUSH] HEAD SHA: 402040b6e093ec26df6d747f56831085b28bb735
========================================
[2026-08-02 15:09:03] [PUSH-EVENT] Push detected.
[2026-08-02 15:09:06] [BACKUP-START] Mirroring to backup remote...
[2026-08-02 15:09:03] [PRE-PUSH] HEAD SHA: 402040b6e093ec26df6d747f56831085b28bb735
[2026-08-02 15:09:11] [BACKUP-START] Mirroring to backup remote...
[2026-08-02 15:09:17] [BACKUP-START] Mirroring to backup remote...
========================================
[2026-08-02 15:09:17] [PUSH-EVENT] Push detected.
========================================
[2026-08-02 15:09:18] [PUSH-EVENT] Push detected.
[2026-08-02 15:09:17] [PRE-PUSH] HEAD SHA: 402040b6e093ec26df6d747f56831085b28bb735
[2026-08-02 15:09:18] [PRE-PUSH] HEAD SHA: 402040b6e093ec26df6d747f56831085b28bb735
========================================
[2026-08-02 15:09:32] [PUSH-EVENT] Push detected.
[2026-08-02 15:09:32] [PRE-PUSH] HEAD SHA: 402040b6e093ec26df6d747f56831085b28bb735
[2026-08-02 15:09:38] [BACKUP-START] Mirroring to backup remote...
[2026-08-02 15:09:38] [BACKUP-START] Mirroring to backup remote...
========================================
[2026-08-02 15:09:39] [PUSH-EVENT] Push detected.
========================================
[2026-08-02 15:09:40] [PUSH-EVENT] Push detected.
[2026-08-02 15:09:39] [PRE-PUSH] HEAD SHA: 402040b6e093ec26df6d747f56831085b28bb735
[2026-08-02 15:09:40] [PRE-PUSH] HEAD SHA: 402040b6e093ec26df6d747f56831085b28bb735
[2026-08-02 15:09:47] [BACKUP-START] Mirroring to backup remote...
[2026-08-02 15:09:53] [BACKUP-START] Mirroring to backup remote...
[2026-08-02 15:09:53] [BACKUP-START] Mirroring to backup remote...
========================================
[2026-08-02 15:09:56] [PUSH-EVENT] Push detected.
========================================
[2026-08-02 15:09:55] [PUSH-EVENT] Push detected.
[2026-08-02 15:09:56] [PRE-PUSH] HEAD SHA: 402040b6e093ec26df6d747f56831085b28bb735
[2026-08-02 15:09:55] [PRE-PUSH] HEAD SHA: 402040b6e093ec26df6d747f56831085b28bb735
========================================
[2026-08-02 15:10:05] [PUSH-EVENT] Push detected.
========================================
[2026-08-02 15:10:06] [PUSH-EVENT] Push detected.
[2026-08-02 15:10:08] [BACKUP-START] Mirroring to backup remote...
[2026-08-02 15:10:09] [BACKUP-START] Mirroring to backup remote...
[2026-08-02 15:10:05] [PRE-PUSH] HEAD SHA: 402040b6e093ec26df6d747f56831085b28bb735
[2026-08-02 15:10:06] [PRE-PUSH] HEAD SHA: 402040b6e093ec26df6d747f56831085b28bb735
========================================
[2026-08-02 15:10:11] [PUSH-EVENT] Push detected.
[2026-08-02 15:10:11] [PRE-PUSH] HEAD SHA: 402040b6e093ec26df6d747f56831085b28bb735
[2026-08-02 15:10:17] [BACKUP-START] Mirroring to backup remote...
[2026-08-02 15:10:18] [BACKUP-START] Mirroring to backup remote...
[2026-08-02 15:10:24] [BACKUP-START] Mirroring to backup remote...
========================================
[2026-08-02 15:10:26] [PUSH-EVENT] Push detected.
========================================
[2026-08-02 15:10:27] [PUSH-EVENT] Push detected.
[2026-08-02 15:10:26] [PRE-PUSH] HEAD SHA: 402040b6e093ec26df6d747f56831085b28bb735
[2026-08-02 15:10:27] [PRE-PUSH] HEAD SHA: 402040b6e093ec26df6d747f56831085b28bb735
========================================
[2026-08-02 15:10:41] [PUSH-EVENT] Push detected.
========================================
[2026-08-02 15:10:42] [PUSH-EVENT] Push detected.
[2026-08-02 15:10:46] [BACKUP-START] Mirroring to backup remote...
[2026-08-02 15:10:41] [PRE-PUSH] HEAD SHA: 402040b6e093ec26df6d747f56831085b28bb735
[2026-08-02 15:10:42] [PRE-PUSH] HEAD SHA: 402040b6e093ec26df6d747f56831085b28bb735
[2026-08-02 15:10:48] [BACKUP-START] Mirroring to backup remote...
========================================
[2026-08-02 15:10:47] [PUSH-EVENT] Push detected.
[2026-08-02 15:10:47] [PRE-PUSH] HEAD SHA: 402040b6e093ec26df6d747f56831085b28bb735
[2026-08-02 15:10:55] [BACKUP-START] Mirroring to backup remote...
[2026-08-02 15:10:57] [BACKUP-START] Mirroring to backup remote...
[2026-08-02 15:11:01] [BACKUP-START] Mirroring to backup remote...
========================================
[2026-08-02 15:11:04] [PUSH-EVENT] Push detected.
========================================
[2026-08-02 15:11:04] [PUSH-EVENT] Push detected.
[2026-08-02 15:11:04] [PRE-PUSH] HEAD SHA: 402040b6e093ec26df6d747f56831085b28bb735
[2026-08-02 15:11:04] [PRE-PUSH] HEAD SHA: 402040b6e093ec26df6d747f56831085b28bb735
========================================
[2026-08-02 15:11:13] [PUSH-EVENT] Push detected.
========================================
[2026-08-02 15:11:13] [PUSH-EVENT] Push detected.
[2026-08-02 15:11:13] [PRE-PUSH] HEAD SHA: 402040b6e093ec26df6d747f56831085b28bb735
[2026-08-02 15:11:13] [PRE-PUSH] HEAD SHA: 402040b6e093ec26df6d747f56831085b28bb735
[2026-08-02 15:11:19] [BACKUP-START] Mirroring to backup remote...
[2026-08-02 15:11:19] [BACKUP-START] Mirroring to backup remote...
========================================
[2026-08-02 15:11:20] [PUSH-EVENT] Push detected.
[2026-08-02 15:11:20] [PRE-PUSH] HEAD SHA: 402040b6e093ec26df6d747f56831085b28bb735
[2026-08-02 15:11:23] [BACKUP-START] Mirroring to backup remote...
[2026-08-02 15:11:24] [BACKUP-START] Mirroring to backup remote...
[2026-08-02 15:11:31] [BACKUP-START] Mirroring to backup remote...
========================================
[2026-08-02 15:11:31] [PUSH-EVENT] Push detected.
========================================
[2026-08-02 15:11:32] [PUSH-EVENT] Push detected.
[2026-08-02 15:11:31] [PRE-PUSH] HEAD SHA: 402040b6e093ec26df6d747f56831085b28bb735
========================================
[2026-08-02 15:11:37] [PUSH-EVENT] Push detected.
[2026-08-02 15:11:32] [PRE-PUSH] HEAD SHA: 402040b6e093ec26df6d747f56831085b28bb735
========================================
[2026-08-02 15:11:39] [PUSH-EVENT] Push detected.
[2026-08-02 15:11:37] [PRE-PUSH] HEAD SHA: 402040b6e093ec26df6d747f56831085b28bb735
[2026-08-02 15:11:39] [PRE-PUSH] HEAD SHA: 402040b6e093ec26df6d747f56831085b28bb735
[2026-08-02 15:11:47] [BACKUP-START] Mirroring to backup remote...
[2026-08-02 15:11:47] [BACKUP-START] Mirroring to backup remote...
[2026-08-02 15:11:50] [BACKUP-START] Mirroring to backup remote...
========================================
[2026-08-02 15:11:49] [PUSH-EVENT] Push detected.
[2026-08-02 15:11:55] [BACKUP-START] Mirroring to backup remote...
[2026-08-02 15:11:49] [PRE-PUSH] HEAD SHA: 402040b6e093ec26df6d747f56831085b28bb735
[2026-08-02 15:12:05] [BACKUP-START] Mirroring to backup remote...
========================================
[2026-08-02 15:12:06] [PUSH-EVENT] Push detected.
========================================
[2026-08-02 15:12:09] [PUSH-EVENT] Push detected.
========================================
[2026-08-02 15:12:13] [PUSH-EVENT] Push detected.
[2026-08-02 15:12:06] [PRE-PUSH] HEAD SHA: 402040b6e093ec26df6d747f56831085b28bb735
========================================
[2026-08-02 15:12:17] [PUSH-EVENT] Push detected.
[2026-08-02 15:12:09] [PRE-PUSH] HEAD SHA: 402040b6e093ec26df6d747f56831085b28bb735
[2026-08-02 15:12:13] [PRE-PUSH] HEAD SHA: 402040b6e093ec26df6d747f56831085b28bb735
[2026-08-02 15:12:17] [PRE-PUSH] HEAD SHA: 402040b6e093ec26df6d747f56831085b28bb735
[2026-08-02 15:12:25] [BACKUP-START] Mirroring to backup remote...
[2026-08-02 15:12:27] [BACKUP-START] Mirroring to backup remote...
[2026-08-02 15:12:27] [BACKUP-START] Mirroring to backup remote...
[2026-08-02 15:12:29] [BACKUP-START] Mirroring to backup remote...
========================================
[2026-08-02 15:12:29] [PUSH-EVENT] Push detected.
[2026-08-02 15:12:29] [PRE-PUSH] HEAD SHA: 402040b6e093ec26df6d747f56831085b28bb735
[2026-08-02 15:12:45] [BACKUP-START] Mirroring to backup remote...
========================================
[2026-08-02 15:12:45] [PUSH-EVENT] Push detected.
========================================
[2026-08-02 15:12:45] [PUSH-EVENT] Push detected.
========================================
[2026-08-02 15:12:48] [PUSH-EVENT] Push detected.
[2026-08-02 15:12:45] [PRE-PUSH] HEAD SHA: 402040b6e093ec26df6d747f56831085b28bb735
[2026-08-02 15:12:45] [PRE-PUSH] HEAD SHA: 402040b6e093ec26df6d747f56831085b28bb735
[2026-08-02 15:12:48] [PRE-PUSH] HEAD SHA: 402040b6e093ec26df6d747f56831085b28bb735
========================================
[2026-08-02 15:12:57] [PUSH-EVENT] Push detected.
[2026-08-02 15:12:59] [BACKUP-START] Mirroring to backup remote...
[2026-08-02 15:12:59] [BACKUP-START] Mirroring to backup remote...
[2026-08-02 15:13:03] [BACKUP-START] Mirroring to backup remote...
[2026-08-02 15:12:57] [PRE-PUSH] HEAD SHA: 402040b6e093ec26df6d747f56831085b28bb735
========================================
[2026-08-02 15:13:03] [PUSH-EVENT] Push detected.
[2026-08-02 15:13:16] [BACKUP-START] Mirroring to backup remote...
[2026-08-02 15:13:03] [PRE-PUSH] HEAD SHA: 402040b6e093ec26df6d747f56831085b28bb735
[2026-08-02 15:13:25] [BACKUP-START] Mirroring to backup remote...
========================================
[2026-08-02 15:13:26] [PUSH-EVENT] Push detected.
========================================
[2026-08-02 15:13:26] [PUSH-EVENT] Push detected.
========================================
[2026-08-02 15:13:27] [PUSH-EVENT] Push detected.
[2026-08-02 15:13:26] [PRE-PUSH] HEAD SHA: 402040b6e093ec26df6d747f56831085b28bb735
[2026-08-02 15:13:26] [PRE-PUSH] HEAD SHA: 402040b6e093ec26df6d747f56831085b28bb735
[2026-08-02 15:13:27] [PRE-PUSH] HEAD SHA: 402040b6e093ec26df6d747f56831085b28bb735
========================================
[2026-08-02 15:13:35] [PUSH-EVENT] Push detected.
[2026-08-02 15:13:40] [BACKUP-START] Mirroring to backup remote...
[2026-08-02 15:13:35] [PRE-PUSH] HEAD SHA: 402040b6e093ec26df6d747f56831085b28bb735
[2026-08-02 15:13:44] [BACKUP-START] Mirroring to backup remote...
[2026-08-02 15:13:45] [BACKUP-START] Mirroring to backup remote...
========================================
[2026-08-02 15:13:45] [PUSH-EVENT] Push detected.
[2026-08-02 15:13:53] [BACKUP-START] Mirroring to backup remote...
[2026-08-02 15:13:45] [PRE-PUSH] HEAD SHA: 402040b6e093ec26df6d747f56831085b28bb735
========================================
[2026-08-02 15:14:02] [PUSH-EVENT] Push detected.
[2026-08-02 15:14:04] [BACKUP-START] Mirroring to backup remote...
[2026-08-02 15:14:02] [PRE-PUSH] HEAD SHA: 402040b6e093ec26df6d747f56831085b28bb735
========================================
[2026-08-02 15:14:10] [PUSH-EVENT] Push detected.
========================================
[2026-08-02 15:14:12] [PUSH-EVENT] Push detected.
[2026-08-02 15:14:20] [BACKUP-START] Mirroring to backup remote...
[2026-08-02 15:14:10] [PRE-PUSH] HEAD SHA: 402040b6e093ec26df6d747f56831085b28bb735
[2026-08-02 15:14:12] [PRE-PUSH] HEAD SHA: 402040b6e093ec26df6d747f56831085b28bb735
========================================
[2026-08-02 15:14:24] [PUSH-EVENT] Push detected.
[2026-08-02 15:14:32] [BACKUP-START] Mirroring to backup remote...
[2026-08-02 15:14:24] [PRE-PUSH] HEAD SHA: 402040b6e093ec26df6d747f56831085b28bb735
[2026-08-02 15:14:37] [BACKUP-START] Mirroring to backup remote...
========================================
[2026-08-02 15:14:38] [PUSH-EVENT] Push detected.
[2026-08-02 15:14:38] [PRE-PUSH] HEAD SHA: 402040b6e093ec26df6d747f56831085b28bb735
========================================
[2026-08-02 15:14:44] [PUSH-EVENT] Push detected.
[2026-08-02 15:14:47] [BACKUP-START] Mirroring to backup remote...
[2026-08-02 15:14:44] [PRE-PUSH] HEAD SHA: 402040b6e093ec26df6d747f56831085b28bb735
[2026-08-02 15:14:52] [BACKUP-START] Mirroring to backup remote...
========================================
[2026-08-02 15:14:55] [PUSH-EVENT] Push detected.
[2026-08-02 15:14:59] [BACKUP-START] Mirroring to backup remote...
[2026-08-02 15:14:55] [PRE-PUSH] HEAD SHA: 402040b6e093ec26df6d747f56831085b28bb735
========================================
[2026-08-02 15:15:12] [PUSH-EVENT] Push detected.
========================================
[2026-08-02 15:15:19] [PUSH-EVENT] Push detected.
[2026-08-02 15:15:12] [PRE-PUSH] HEAD SHA: 402040b6e093ec26df6d747f56831085b28bb735
[2026-08-02 15:15:22] [BACKUP-START] Mirroring to backup remote...
========================================
[2026-08-02 15:15:24] [PUSH-EVENT] Push detected.
[2026-08-02 15:15:19] [PRE-PUSH] HEAD SHA: 402040b6e093ec26df6d747f56831085b28bb735
========================================
[2026-08-02 15:15:27] [PUSH-EVENT] Push detected.
[2026-08-02 15:15:24] [PRE-PUSH] HEAD SHA: 402040b6e093ec26df6d747f56831085b28bb735
[2026-08-02 15:15:31] [BACKUP-START] Mirroring to backup remote...
[2026-08-02 15:15:27] [PRE-PUSH] HEAD SHA: 402040b6e093ec26df6d747f56831085b28bb735
[2026-08-02 15:15:35] [BACKUP-START] Mirroring to backup remote...
========================================
[2026-08-02 15:15:38] [PUSH-EVENT] Push detected.
[2026-08-02 15:15:42] [BACKUP-START] Mirroring to backup remote...
[2026-08-02 15:15:46] [BACKUP-START] Mirroring to backup remote...
[2026-08-02 15:15:38] [PRE-PUSH] HEAD SHA: 402040b6e093ec26df6d747f56831085b28bb735
========================================
[2026-08-02 15:15:46] [PUSH-EVENT] Push detected.
[2026-08-02 15:15:46] [PRE-PUSH] HEAD SHA: 402040b6e093ec26df6d747f56831085b28bb735
[2026-08-02 15:15:58] [BACKUP-START] Mirroring to backup remote...
========================================
[2026-08-02 15:15:57] [PUSH-EVENT] Push detected.
[2026-08-02 15:16:05] [BACKUP-START] Mirroring to backup remote...
========================================
[2026-08-02 15:16:03] [PUSH-EVENT] Push detected.
[2026-08-02 15:15:57] [PRE-PUSH] HEAD SHA: 402040b6e093ec26df6d747f56831085b28bb735
========================================
[2026-08-02 15:16:08] [PUSH-EVENT] Push detected.
========================================
[2026-08-02 15:16:09] [PUSH-EVENT] Push detected.
[2026-08-02 15:16:03] [PRE-PUSH] HEAD SHA: 402040b6e093ec26df6d747f56831085b28bb735
[2026-08-02 15:16:08] [PRE-PUSH] HEAD SHA: 402040b6e093ec26df6d747f56831085b28bb735
[2026-08-02 15:16:09] [PRE-PUSH] HEAD SHA: 402040b6e093ec26df6d747f56831085b28bb735
[2026-08-02 15:16:18] [BACKUP-START] Mirroring to backup remote...
[2026-08-02 15:16:21] [BACKUP-START] Mirroring to backup remote...
[2026-08-02 15:16:21] [BACKUP-START] Mirroring to backup remote...
[2026-08-02 15:16:23] [BACKUP-START] Mirroring to backup remote...
========================================
[2026-08-02 15:16:23] [PUSH-EVENT] Push detected.
========================================
[2026-08-02 15:16:25] [PUSH-EVENT] Push detected.
[2026-08-02 15:16:25] [PRE-PUSH] HEAD SHA: 402040b6e093ec26df6d747f56831085b28bb735
[2026-08-02 15:16:23] [PRE-PUSH] HEAD SHA: 402040b6e093ec26df6d747f56831085b28bb735
[2026-08-02 15:16:49] [BACKUP-START] Mirroring to backup remote...
[2026-08-02 15:16:49] [BACKUP-START] Mirroring to backup remote...
========================================
[2026-08-02 15:16:54] [PUSH-EVENT] Push detected.
========================================
[2026-08-02 15:16:59] [PUSH-EVENT] Push detected.
========================================
[2026-08-02 15:16:56] [PUSH-EVENT] Push detected.
========================================
[2026-08-02 15:17:02] [PUSH-EVENT] Push detected.
[2026-08-02 15:16:54] [PRE-PUSH] HEAD SHA: 402040b6e093ec26df6d747f56831085b28bb735
[2026-08-02 15:16:59] [PRE-PUSH] HEAD SHA: 402040b6e093ec26df6d747f56831085b28bb735
[2026-08-02 15:16:56] [PRE-PUSH] HEAD SHA: 402040b6e093ec26df6d747f56831085b28bb735
[2026-08-02 15:17:02] [PRE-PUSH] HEAD SHA: 402040b6e093ec26df6d747f56831085b28bb735
[2026-08-02 15:17:23] [BACKUP-START] Mirroring to backup remote...
[2026-08-02 15:17:24] [BACKUP-START] Mirroring to backup remote...
[2026-08-02 15:17:26] [BACKUP-START] Mirroring to backup remote...
[2026-08-02 15:17:30] [BACKUP-START] Mirroring to backup remote...
========================================
[2026-08-02 15:17:26] [PUSH-EVENT] Push detected.
========================================
[2026-08-02 15:17:34] [PUSH-EVENT] Push detected.
[2026-08-02 15:17:26] [PRE-PUSH] HEAD SHA: 402040b6e093ec26df6d747f56831085b28bb735
[2026-08-02 15:17:34] [PRE-PUSH] HEAD SHA: 402040b6e093ec26df6d747f56831085b28bb735
[2026-08-02 15:17:56] [BACKUP-START] Mirroring to backup remote...
========================================
[2026-08-02 15:17:55] [PUSH-EVENT] Push detected.
[2026-08-02 15:18:02] [BACKUP-START] Mirroring to backup remote...
========================================
[2026-08-02 15:18:02] [PUSH-EVENT] Push detected.
[2026-08-02 15:17:55] [PRE-PUSH] HEAD SHA: 402040b6e093ec26df6d747f56831085b28bb735
========================================
[2026-08-02 15:18:09] [PUSH-EVENT] Push detected.
[2026-08-02 15:18:02] [PRE-PUSH] HEAD SHA: 402040b6e093ec26df6d747f56831085b28bb735
========================================
[2026-08-02 15:18:12] [PUSH-EVENT] Push detected.
[2026-08-02 15:18:20] [BACKUP-START] Mirroring to backup remote...
[2026-08-02 15:18:12] [PRE-PUSH] HEAD SHA: 402040b6e093ec26df6d747f56831085b28bb735
[2026-08-02 15:18:09] [PRE-PUSH] HEAD SHA: 402040b6e093ec26df6d747f56831085b28bb735
[2026-08-02 15:18:30] [BACKUP-START] Mirroring to backup remote...
[2026-08-02 15:18:38] [BACKUP-START] Mirroring to backup remote...
[2026-08-02 15:18:38] [BACKUP-START] Mirroring to backup remote...
========================================
[2026-08-02 15:18:32] [PUSH-EVENT] Push detected.
========================================
[2026-08-02 15:18:38] [PUSH-EVENT] Push detected.
[2026-08-02 15:18:32] [PRE-PUSH] HEAD SHA: 402040b6e093ec26df6d747f56831085b28bb735
[2026-08-02 15:18:38] [PRE-PUSH] HEAD SHA: 402040b6e093ec26df6d747f56831085b28bb735
========================================
[2026-08-02 15:18:55] [PUSH-EVENT] Push detected.
[2026-08-02 15:19:05] [BACKUP-START] Mirroring to backup remote...
[2026-08-02 15:19:05] [BACKUP-START] Mirroring to backup remote...
[2026-08-02 15:18:55] [PRE-PUSH] HEAD SHA: 402040b6e093ec26df6d747f56831085b28bb735
========================================
[2026-08-02 15:19:07] [PUSH-EVENT] Push detected.
[2026-08-02 15:19:17] [BACKUP-START] Mirroring to backup remote...
========================================
[2026-08-02 15:19:15] [PUSH-EVENT] Push detected.
========================================
[2026-08-02 15:19:18] [PUSH-EVENT] Push detected.
[2026-08-02 15:19:07] [PRE-PUSH] HEAD SHA: 402040b6e093ec26df6d747f56831085b28bb735
[2026-08-02 15:19:15] [PRE-PUSH] HEAD SHA: 402040b6e093ec26df6d747f56831085b28bb735
[2026-08-02 15:19:18] [PRE-PUSH] HEAD SHA: 402040b6e093ec26df6d747f56831085b28bb735
[2026-08-02 15:19:31] [BACKUP-START] Mirroring to backup remote...
========================================
[2026-08-02 15:19:32] [PUSH-EVENT] Push detected.
========================================
[2026-08-02 15:19:36] [PUSH-EVENT] Push detected.
[2026-08-02 15:19:37] [BACKUP-START] Mirroring to backup remote...
[2026-08-02 15:19:37] [BACKUP-START] Mirroring to backup remote...
[2026-08-02 15:19:32] [PRE-PUSH] HEAD SHA: 402040b6e093ec26df6d747f56831085b28bb735
[2026-08-02 15:19:36] [PRE-PUSH] HEAD SHA: 402040b6e093ec26df6d747f56831085b28bb735
[2026-08-02 15:19:51] [BACKUP-START] Mirroring to backup remote...
========================================
[2026-08-02 15:19:49] [PUSH-EVENT] Push detected.
[2026-08-02 15:19:56] [BACKUP-START] Mirroring to backup remote...
[2026-08-02 15:19:49] [PRE-PUSH] HEAD SHA: 402040b6e093ec26df6d747f56831085b28bb735
========================================
[2026-08-02 15:20:02] [PUSH-EVENT] Push detected.
[2026-08-02 15:20:13] [BACKUP-START] Mirroring to backup remote...
========================================
[2026-08-02 15:20:06] [PUSH-EVENT] Push detected.
========================================
[2026-08-02 15:20:09] [PUSH-EVENT] Push detected.
[2026-08-02 15:20:02] [PRE-PUSH] HEAD SHA: 402040b6e093ec26df6d747f56831085b28bb735
[2026-08-02 15:20:06] [PRE-PUSH] HEAD SHA: 402040b6e093ec26df6d747f56831085b28bb735
[2026-08-02 15:20:09] [PRE-PUSH] HEAD SHA: 402040b6e093ec26df6d747f56831085b28bb735
========================================
[2026-08-02 15:20:21] [PUSH-EVENT] Push detected.
[2026-08-02 15:20:27] [BACKUP-START] Mirroring to backup remote...
[2026-08-02 15:20:32] [BACKUP-START] Mirroring to backup remote...
========================================
[2026-08-02 15:20:26] [PUSH-EVENT] Push detected.
[2026-08-02 15:20:33] [BACKUP-START] Mirroring to backup remote...
[2026-08-02 15:20:26] [PRE-PUSH] HEAD SHA: 402040b6e093ec26df6d747f56831085b28bb735
[2026-08-02 15:20:21] [PRE-PUSH] HEAD SHA: 402040b6e093ec26df6d747f56831085b28bb735
========================================
[2026-08-02 15:20:43] [PUSH-EVENT] Push detected.
[2026-08-02 15:20:53] [BACKUP-START] Mirroring to backup remote...
[2026-08-02 15:20:56] [BACKUP-START] Mirroring to backup remote...
[2026-08-02 15:20:43] [PRE-PUSH] HEAD SHA: 402040b6e093ec26df6d747f56831085b28bb735
========================================
[2026-08-02 15:21:12] [PUSH-EVENT] Push detected.
========================================
[2026-08-02 15:21:14] [PUSH-EVENT] Push detected.
[2026-08-02 15:21:25] [BACKUP-START] Mirroring to backup remote...
========================================
[2026-08-02 15:21:23] [PUSH-EVENT] Push detected.
[2026-08-02 15:21:23] [PRE-PUSH] HEAD SHA: 402040b6e093ec26df6d747f56831085b28bb735
[2026-08-02 15:21:14] [PRE-PUSH] HEAD SHA: 402040b6e093ec26df6d747f56831085b28bb735
[2026-08-02 15:21:12] [PRE-PUSH] HEAD SHA: 402040b6e093ec26df6d747f56831085b28bb735
========================================
[2026-08-02 15:21:34] [PUSH-EVENT] Push detected.
[2026-08-02 15:21:34] [PRE-PUSH] HEAD SHA: 402040b6e093ec26df6d747f56831085b28bb735
[2026-08-02 15:21:47] [BACKUP-START] Mirroring to backup remote...
[2026-08-02 15:21:49] [BACKUP-START] Mirroring to backup remote...
[2026-08-02 15:21:49] [BACKUP-START] Mirroring to backup remote...
[2026-08-02 15:21:51] [BACKUP-START] Mirroring to backup remote...
========================================
[2026-08-02 15:21:49] [PUSH-EVENT] Push detected.
========================================
[2026-08-02 15:21:56] [PUSH-EVENT] Push detected.
========================================
[2026-08-02 15:21:58] [PUSH-EVENT] Push detected.
[2026-08-02 15:21:49] [PRE-PUSH] HEAD SHA: 402040b6e093ec26df6d747f56831085b28bb735
[2026-08-02 15:21:56] [PRE-PUSH] HEAD SHA: 402040b6e093ec26df6d747f56831085b28bb735
[2026-08-02 15:21:58] [PRE-PUSH] HEAD SHA: 402040b6e093ec26df6d747f56831085b28bb735
[2026-08-02 15:22:12] [BACKUP-START] Mirroring to backup remote...
[2026-08-02 15:22:16] [BACKUP-START] Mirroring to backup remote...
[2026-08-02 15:22:20] [BACKUP-START] Mirroring to backup remote...
========================================
[2026-08-02 15:22:19] [PUSH-EVENT] Push detected.
========================================
[2026-08-02 15:22:24] [PUSH-EVENT] Push detected.
========================================
[2026-08-02 15:22:25] [PUSH-EVENT] Push detected.
========================================
[2026-08-02 15:22:25] [PUSH-EVENT] Push detected.
[2026-08-02 15:22:19] [PRE-PUSH] HEAD SHA: 402040b6e093ec26df6d747f56831085b28bb735
[2026-08-02 15:22:24] [PRE-PUSH] HEAD SHA: 402040b6e093ec26df6d747f56831085b28bb735
[2026-08-02 15:22:25] [PRE-PUSH] HEAD SHA: 402040b6e093ec26df6d747f56831085b28bb735
[2026-08-02 15:22:25] [PRE-PUSH] HEAD SHA: 402040b6e093ec26df6d747f56831085b28bb735
========================================
[2026-08-02 15:22:42] [PUSH-EVENT] Push detected.
[2026-08-02 15:22:44] [BACKUP-START] Mirroring to backup remote...
========================================
[2026-08-02 15:22:44] [PUSH-EVENT] Push detected.
[2026-08-02 15:22:49] [BACKUP-START] Mirroring to backup remote...
[2026-08-02 15:22:49] [BACKUP-START] Mirroring to backup remote...
[2026-08-02 15:22:42] [PRE-PUSH] HEAD SHA: 402040b6e093ec26df6d747f56831085b28bb735
[2026-08-02 15:22:52] [BACKUP-START] Mirroring to backup remote...
[2026-08-02 15:22:44] [PRE-PUSH] HEAD SHA: 402040b6e093ec26df6d747f56831085b28bb735
========================================
[2026-08-02 15:22:54] [PUSH-EVENT] Push detected.
[2026-08-02 15:23:02] [BACKUP-START] Mirroring to backup remote...
[2026-08-02 15:22:54] [PRE-PUSH] HEAD SHA: 402040b6e093ec26df6d747f56831085b28bb735
[2026-08-02 15:23:02] [BACKUP-START] Mirroring to backup remote...
[2026-08-02 15:23:17] [BACKUP-START] Mirroring to backup remote...
========================================
[2026-08-02 15:23:16] [PUSH-EVENT] Push detected.
========================================
[2026-08-02 15:23:22] [PUSH-EVENT] Push detected.
[2026-08-02 15:23:16] [PRE-PUSH] HEAD SHA: 402040b6e093ec26df6d747f56831085b28bb735
========================================
[2026-08-02 15:23:27] [PUSH-EVENT] Push detected.
[2026-08-02 15:23:22] [PRE-PUSH] HEAD SHA: 402040b6e093ec26df6d747f56831085b28bb735
========================================
[2026-08-02 15:23:27] [PUSH-EVENT] Push detected.
[2026-08-02 15:23:27] [PRE-PUSH] HEAD SHA: 402040b6e093ec26df6d747f56831085b28bb735
[2026-08-02 15:23:27] [PRE-PUSH] HEAD SHA: 402040b6e093ec26df6d747f56831085b28bb735
[2026-08-02 15:23:34] [BACKUP-START] Mirroring to backup remote...
[2026-08-02 15:23:34] [BACKUP-START] Mirroring to backup remote...
========================================
[2026-08-02 15:23:34] [PUSH-EVENT] Push detected.
========================================
[2026-08-02 15:23:34] [PUSH-EVENT] Push detected.
========================================
[2026-08-02 15:23:35] [PUSH-EVENT] Push detected.
[2026-08-02 15:23:34] [PRE-PUSH] HEAD SHA: 402040b6e093ec26df6d747f56831085b28bb735
[2026-08-02 15:23:34] [PRE-PUSH] HEAD SHA: 402040b6e093ec26df6d747f56831085b28bb735
[2026-08-02 15:23:35] [PRE-PUSH] HEAD SHA: 402040b6e093ec26df6d747f56831085b28bb735
[2026-08-02 15:23:41] [BACKUP-START] Mirroring to backup remote...
[2026-08-02 15:23:43] [BACKUP-START] Mirroring to backup remote...
[2026-08-02 15:23:51] [BACKUP-START] Mirroring to backup remote...
[2026-08-02 15:23:52] [BACKUP-START] Mirroring to backup remote...
[2026-08-02 15:23:52] [BACKUP-START] Mirroring to backup remote...
========================================
[2026-08-02 15:23:52] [PUSH-EVENT] Push detected.
[2026-08-02 15:23:52] [PRE-PUSH] HEAD SHA: 402040b6e093ec26df6d747f56831085b28bb735
========================================
[2026-08-02 15:24:05] [PUSH-EVENT] Push detected.
========================================
[2026-08-02 15:24:14] [PUSH-EVENT] Push detected.
[2026-08-02 15:24:05] [PRE-PUSH] HEAD SHA: 402040b6e093ec26df6d747f56831085b28bb735
========================================
[2026-08-02 15:24:17] [PUSH-EVENT] Push detected.
[2026-08-02 15:24:19] [BACKUP-START] Mirroring to backup remote...
[2026-08-02 15:24:14] [PRE-PUSH] HEAD SHA: 402040b6e093ec26df6d747f56831085b28bb735
[2026-08-02 15:24:17] [PRE-PUSH] HEAD SHA: 402040b6e093ec26df6d747f56831085b28bb735
========================================
[2026-08-02 15:24:24] [PUSH-EVENT] Push detected.
========================================
[2026-08-02 15:24:24] [PUSH-EVENT] Push detected.
[2026-08-02 15:24:28] [BACKUP-START] Mirroring to backup remote...
========================================
[2026-08-02 15:24:27] [PUSH-EVENT] Push detected.
[2026-08-02 15:24:24] [PRE-PUSH] HEAD SHA: 402040b6e093ec26df6d747f56831085b28bb735
[2026-08-02 15:24:24] [PRE-PUSH] HEAD SHA: 402040b6e093ec26df6d747f56831085b28bb735
[2026-08-02 15:24:31] [BACKUP-START] Mirroring to backup remote...
[2026-08-02 15:24:27] [PRE-PUSH] HEAD SHA: 402040b6e093ec26df6d747f56831085b28bb735
[2026-08-02 15:24:36] [BACKUP-START] Mirroring to backup remote...
[2026-08-02 15:24:40] [BACKUP-START] Mirroring to backup remote...
[2026-08-02 15:24:42] [BACKUP-START] Mirroring to backup remote...
[2026-08-02 15:24:46] [BACKUP-START] Mirroring to backup remote...
========================================
[2026-08-02 15:24:49] [PUSH-EVENT] Push detected.
========================================
[2026-08-02 15:24:51] [PUSH-EVENT] Push detected.
========================================
[2026-08-02 15:24:55] [PUSH-EVENT] Push detected.
[2026-08-02 15:24:49] [PRE-PUSH] HEAD SHA: 402040b6e093ec26df6d747f56831085b28bb735
[2026-08-02 15:24:51] [PRE-PUSH] HEAD SHA: 402040b6e093ec26df6d747f56831085b28bb735
========================================
[2026-08-02 15:25:02] [PUSH-EVENT] Push detected.
[2026-08-02 15:24:55] [PRE-PUSH] HEAD SHA: 402040b6e093ec26df6d747f56831085b28bb735
[2026-08-02 15:25:02] [PRE-PUSH] HEAD SHA: 402040b6e093ec26df6d747f56831085b28bb735
========================================
[2026-08-02 15:25:14] [PUSH-EVENT] Push detected.
[2026-08-02 15:25:16] [BACKUP-START] Mirroring to backup remote...
[2026-08-02 15:25:17] [BACKUP-START] Mirroring to backup remote...
========================================
[2026-08-02 15:25:17] [PUSH-EVENT] Push detected.
[2026-08-02 15:25:20] [BACKUP-START] Mirroring to backup remote...
========================================
[2026-08-02 15:25:17] [PUSH-EVENT] Push detected.
[2026-08-02 15:25:14] [PRE-PUSH] HEAD SHA: 402040b6e093ec26df6d747f56831085b28bb735
[2026-08-02 15:25:17] [PRE-PUSH] HEAD SHA: 402040b6e093ec26df6d747f56831085b28bb735
[2026-08-02 15:25:17] [PRE-PUSH] HEAD SHA: 402040b6e093ec26df6d747f56831085b28bb735
[2026-08-02 15:25:29] [BACKUP-START] Mirroring to backup remote...
[2026-08-02 15:25:35] [BACKUP-START] Mirroring to backup remote...
[2026-08-02 15:25:39] [BACKUP-START] Mirroring to backup remote...
[2026-08-02 15:25:39] [BACKUP-START] Mirroring to backup remote...
========================================
[2026-08-02 15:25:57] [PUSH-EVENT] Push detected.
========================================
[2026-08-02 15:25:59] [PUSH-EVENT] Push detected.
[2026-08-02 15:25:57] [PRE-PUSH] HEAD SHA: 402040b6e093ec26df6d747f56831085b28bb735
========================================
[2026-08-02 15:26:06] [PUSH-EVENT] Push detected.
[2026-08-02 15:25:59] [PRE-PUSH] HEAD SHA: 402040b6e093ec26df6d747f56831085b28bb735
========================================
[2026-08-02 15:26:13] [PUSH-EVENT] Push detected.
========================================
[2026-08-02 15:26:13] [PUSH-EVENT] Push detected.
[2026-08-02 15:26:06] [PRE-PUSH] HEAD SHA: 402040b6e093ec26df6d747f56831085b28bb735
[2026-08-02 15:26:22] [BACKUP-START] Mirroring to backup remote...
[2026-08-02 15:26:13] [PRE-PUSH] HEAD SHA: 402040b6e093ec26df6d747f56831085b28bb735
========================================
[2026-08-02 15:26:20] [PUSH-EVENT] Push detected.
========================================
[2026-08-02 15:26:20] [PUSH-EVENT] Push detected.
[2026-08-02 15:26:27] [BACKUP-START] Mirroring to backup remote...
[2026-08-02 15:26:13] [PRE-PUSH] HEAD SHA: 402040b6e093ec26df6d747f56831085b28bb735
[2026-08-02 15:26:20] [PRE-PUSH] HEAD SHA: 402040b6e093ec26df6d747f56831085b28bb735
[2026-08-02 15:26:20] [PRE-PUSH] HEAD SHA: 402040b6e093ec26df6d747f56831085b28bb735
[2026-08-02 15:26:34] [BACKUP-START] Mirroring to backup remote...
[2026-08-02 15:26:35] [BACKUP-START] Mirroring to backup remote...
[2026-08-02 15:26:36] [BACKUP-START] Mirroring to backup remote...
[2026-08-02 15:26:37] [BACKUP-START] Mirroring to backup remote...
[2026-08-02 15:26:39] [BACKUP-START] Mirroring to backup remote...
========================================
[2026-08-02 15:26:46] [PUSH-EVENT] Push detected.
[2026-08-02 15:26:46] [PRE-PUSH] HEAD SHA: 402040b6e093ec26df6d747f56831085b28bb735
========================================
[2026-08-02 15:26:54] [PUSH-EVENT] Push detected.
========================================
[2026-08-02 15:26:55] [PUSH-EVENT] Push detected.
[2026-08-02 15:26:54] [PRE-PUSH] HEAD SHA: 402040b6e093ec26df6d747f56831085b28bb735
========================================
[2026-08-02 15:26:56] [PUSH-EVENT] Push detected.
========================================
[2026-08-02 15:26:59] [PUSH-EVENT] Push detected.
[2026-08-02 15:27:02] [BACKUP-START] Mirroring to backup remote...
========================================
[2026-08-02 15:26:59] [PUSH-EVENT] Push detected.
[2026-08-02 15:26:55] [PRE-PUSH] HEAD SHA: 402040b6e093ec26df6d747f56831085b28bb735
========================================
[2026-08-02 15:27:03] [PUSH-EVENT] Push detected.
[2026-08-02 15:26:56] [PRE-PUSH] HEAD SHA: 402040b6e093ec26df6d747f56831085b28bb735
[2026-08-02 15:26:59] [PRE-PUSH] HEAD SHA: 402040b6e093ec26df6d747f56831085b28bb735
[2026-08-02 15:26:59] [PRE-PUSH] HEAD SHA: 402040b6e093ec26df6d747f56831085b28bb735
[2026-08-02 15:27:08] [BACKUP-START] Mirroring to backup remote...
[2026-08-02 15:27:13] [BACKUP-START] Mirroring to backup remote...
[2026-08-02 15:27:03] [PRE-PUSH] HEAD SHA: 402040b6e093ec26df6d747f56831085b28bb735
[2026-08-02 15:27:17] [BACKUP-START] Mirroring to backup remote...
[2026-08-02 15:27:18] [BACKUP-START] Mirroring to backup remote...
[2026-08-02 15:27:19] [BACKUP-START] Mirroring to backup remote...
[2026-08-02 15:27:24] [BACKUP-START] Mirroring to backup remote...
========================================
[2026-08-02 15:27:31] [PUSH-EVENT] Push detected.
[2026-08-02 15:27:31] [PRE-PUSH] HEAD SHA: 402040b6e093ec26df6d747f56831085b28bb735
========================================
[2026-08-02 15:27:52] [PUSH-EVENT] Push detected.
========================================
[2026-08-02 15:27:52] [PUSH-EVENT] Push detected.
========================================
[2026-08-02 15:27:54] [PUSH-EVENT] Push detected.
[2026-08-02 15:28:05] [BACKUP-START] Mirroring to backup remote...
========================================
[2026-08-02 15:28:04] [PUSH-EVENT] Push detected.
========================================
[2026-08-02 15:28:05] [PUSH-EVENT] Push detected.
[2026-08-02 15:27:52] [PRE-PUSH] HEAD SHA: 402040b6e093ec26df6d747f56831085b28bb735
[2026-08-02 15:27:52] [PRE-PUSH] HEAD SHA: 402040b6e093ec26df6d747f56831085b28bb735
[2026-08-02 15:27:54] [PRE-PUSH] HEAD SHA: 402040b6e093ec26df6d747f56831085b28bb735
[2026-08-02 15:28:04] [PRE-PUSH] HEAD SHA: 402040b6e093ec26df6d747f56831085b28bb735
[2026-08-02 15:28:05] [PRE-PUSH] HEAD SHA: 402040b6e093ec26df6d747f56831085b28bb735
========================================
[2026-08-02 15:28:17] [PUSH-EVENT] Push detected.
[2026-08-02 15:28:17] [PRE-PUSH] HEAD SHA: 402040b6e093ec26df6d747f56831085b28bb735
[2026-08-02 15:28:29] [BACKUP-START] Mirroring to backup remote...
[2026-08-02 15:28:29] [BACKUP-START] Mirroring to backup remote...
[2026-08-02 15:28:29] [BACKUP-START] Mirroring to backup remote...
[2026-08-02 15:28:29] [BACKUP-START] Mirroring to backup remote...
[2026-08-02 15:28:29] [BACKUP-START] Mirroring to backup remote...
[2026-08-02 15:28:30] [BACKUP-START] Mirroring to backup remote...
========================================
[2026-08-02 15:28:37] [PUSH-EVENT] Push detected.
[2026-08-02 15:28:37] [PRE-PUSH] HEAD SHA: 402040b6e093ec26df6d747f56831085b28bb735
========================================
[2026-08-02 15:29:10] [PUSH-EVENT] Push detected.
========================================
[2026-08-02 15:29:10] [PUSH-EVENT] Push detected.
[2026-08-02 15:29:14] [BACKUP-START] Mirroring to backup remote...
========================================
[2026-08-02 15:29:12] [PUSH-EVENT] Push detected.
========================================
[2026-08-02 15:29:13] [PUSH-EVENT] Push detected.
========================================
[2026-08-02 15:29:13] [PUSH-EVENT] Push detected.
========================================
[2026-08-02 15:29:15] [PUSH-EVENT] Push detected.
[2026-08-02 15:29:10] [PRE-PUSH] HEAD SHA: 402040b6e093ec26df6d747f56831085b28bb735
[2026-08-02 15:29:10] [PRE-PUSH] HEAD SHA: 402040b6e093ec26df6d747f56831085b28bb735
[2026-08-02 15:29:12] [PRE-PUSH] HEAD SHA: 402040b6e093ec26df6d747f56831085b28bb735
[2026-08-02 15:29:13] [PRE-PUSH] HEAD SHA: 402040b6e093ec26df6d747f56831085b28bb735
[2026-08-02 15:29:13] [PRE-PUSH] HEAD SHA: 402040b6e093ec26df6d747f56831085b28bb735
[2026-08-02 15:29:15] [PRE-PUSH] HEAD SHA: 402040b6e093ec26df6d747f56831085b28bb735
[2026-08-02 15:29:32] [BACKUP-START] Mirroring to backup remote...
[2026-08-02 15:29:35] [BACKUP-START] Mirroring to backup remote...
[2026-08-02 15:29:34] [BACKUP-START] Mirroring to backup remote...
[2026-08-02 15:29:35] [BACKUP-START] Mirroring to backup remote...
[2026-08-02 15:29:36] [BACKUP-START] Mirroring to backup remote...
[2026-08-02 15:29:37] [BACKUP-START] Mirroring to backup remote...
========================================
[2026-08-02 15:29:44] [PUSH-EVENT] Push detected.
[2026-08-02 15:29:44] [PRE-PUSH] HEAD SHA: 402040b6e093ec26df6d747f56831085b28bb735
========================================
[2026-08-02 15:30:04] [PUSH-EVENT] Push detected.
========================================
[2026-08-02 15:30:04] [PUSH-EVENT] Push detected.
========================================
[2026-08-02 15:30:04] [PUSH-EVENT] Push detected.
========================================
[2026-08-02 15:30:04] [PUSH-EVENT] Push detected.
[2026-08-02 15:30:04] [PRE-PUSH] HEAD SHA: 402040b6e093ec26df6d747f56831085b28bb735
[2026-08-02 15:30:04] [PRE-PUSH] HEAD SHA: 402040b6e093ec26df6d747f56831085b28bb735
[2026-08-02 15:30:04] [PRE-PUSH] HEAD SHA: 402040b6e093ec26df6d747f56831085b28bb735
[2026-08-02 15:30:04] [PRE-PUSH] HEAD SHA: 402040b6e093ec26df6d747f56831085b28bb735
========================================
[2026-08-02 15:30:05] [PUSH-EVENT] Push detected.
========================================
[2026-08-02 15:30:05] [PUSH-EVENT] Push detected.
[2026-08-02 15:30:07] [BACKUP-START] Mirroring to backup remote...
[2026-08-02 15:30:05] [PRE-PUSH] HEAD SHA: 402040b6e093ec26df6d747f56831085b28bb735
[2026-08-02 15:30:05] [PRE-PUSH] HEAD SHA: 402040b6e093ec26df6d747f56831085b28bb735
========================================
[2026-08-02 15:30:10] [PUSH-EVENT] Push detected.
[2026-08-02 15:30:10] [BACKUP-START] Mirroring to backup remote...
[2026-08-02 15:30:10] [BACKUP-START] Mirroring to backup remote...
[2026-08-02 15:30:10] [PRE-PUSH] HEAD SHA: 402040b6e093ec26df6d747f56831085b28bb735
[2026-08-02 15:30:12] [BACKUP-START] Mirroring to backup remote...
[2026-08-02 15:30:12] [BACKUP-START] Mirroring to backup remote...
[2026-08-02 15:30:13] [BACKUP-START] Mirroring to backup remote...
[2026-08-02 15:30:13] [BACKUP-START] Mirroring to backup remote...
========================================
[2026-08-02 15:30:13] [PUSH-EVENT] Push detected.
========================================
[2026-08-02 15:30:13] [PUSH-EVENT] Push detected.
[2026-08-02 15:30:13] [PRE-PUSH] HEAD SHA: 402040b6e093ec26df6d747f56831085b28bb735
[2026-08-02 15:30:13] [PRE-PUSH] HEAD SHA: 402040b6e093ec26df6d747f56831085b28bb735
========================================
[2026-08-02 15:30:15] [PUSH-EVENT] Push detected.
========================================
[2026-08-02 15:30:15] [PUSH-EVENT] Push detected.
[2026-08-02 15:30:15] [PRE-PUSH] HEAD SHA: 402040b6e093ec26df6d747f56831085b28bb735
[2026-08-02 15:30:15] [PRE-PUSH] HEAD SHA: 402040b6e093ec26df6d747f56831085b28bb735
[2026-08-02 15:30:16] [BACKUP-START] Mirroring to backup remote...
========================================
[2026-08-02 15:30:16] [PUSH-EVENT] Push detected.
========================================
[2026-08-02 15:30:16] [PUSH-EVENT] Push detected.
[2026-08-02 15:30:16] [PRE-PUSH] HEAD SHA: 402040b6e093ec26df6d747f56831085b28bb735
[2026-08-02 15:30:16] [PRE-PUSH] HEAD SHA: 402040b6e093ec26df6d747f56831085b28bb735
========================================
[2026-08-02 15:30:19] [PUSH-EVENT] Push detected.
[2026-08-02 15:30:19] [PRE-PUSH] HEAD SHA: 402040b6e093ec26df6d747f56831085b28bb735
[2026-08-02 15:30:19] [BACKUP-START] Mirroring to backup remote...
[2026-08-02 15:30:19] [BACKUP-START] Mirroring to backup remote...
[2026-08-02 15:30:21] [BACKUP-START] Mirroring to backup remote...
[2026-08-02 15:30:22] [BACKUP-START] Mirroring to backup remote...
========================================
[2026-08-02 15:30:23] [PUSH-EVENT] Push detected.
[2026-08-02 15:30:23] [BACKUP-START] Mirroring to backup remote...
[2026-08-02 15:30:23] [BACKUP-START] Mirroring to backup remote...
[2026-08-02 15:30:23] [PRE-PUSH] HEAD SHA: 402040b6e093ec26df6d747f56831085b28bb735
[2026-08-02 15:30:24] [BACKUP-START] Mirroring to backup remote...
========================================
[2026-08-02 15:30:24] [PUSH-EVENT] Push detected.
[2026-08-02 15:30:24] [PRE-PUSH] HEAD SHA: 402040b6e093ec26df6d747f56831085b28bb735
========================================
[2026-08-02 15:30:27] [PUSH-EVENT] Push detected.
[2026-08-02 15:30:27] [PRE-PUSH] HEAD SHA: 402040b6e093ec26df6d747f56831085b28bb735
========================================
[2026-08-02 15:30:28] [PUSH-EVENT] Push detected.
========================================
[2026-08-02 15:30:28] [PUSH-EVENT] Push detected.
========================================
[2026-08-02 15:30:28] [PUSH-EVENT] Push detected.
[2026-08-02 15:30:28] [PRE-PUSH] HEAD SHA: 402040b6e093ec26df6d747f56831085b28bb735
[2026-08-02 15:30:28] [PRE-PUSH] HEAD SHA: 402040b6e093ec26df6d747f56831085b28bb735
[2026-08-02 15:30:29] [BACKUP-START] Mirroring to backup remote...
[2026-08-02 15:30:28] [PRE-PUSH] HEAD SHA: 402040b6e093ec26df6d747f56831085b28bb735
[2026-08-02 15:30:30] [BACKUP-START] Mirroring to backup remote...
========================================
[2026-08-02 15:30:30] [PUSH-EVENT] Push detected.
[2026-08-02 15:30:30] [PRE-PUSH] HEAD SHA: 402040b6e093ec26df6d747f56831085b28bb735
========================================
[2026-08-02 15:30:30] [PUSH-EVENT] Push detected.
[2026-08-02 15:30:30] [PRE-PUSH] HEAD SHA: 402040b6e093ec26df6d747f56831085b28bb735
========================================
[2026-08-02 15:30:32] [PUSH-EVENT] Push detected.
[2026-08-02 15:30:32] [PRE-PUSH] HEAD SHA: 402040b6e093ec26df6d747f56831085b28bb735
[2026-08-02 15:30:33] [BACKUP-START] Mirroring to backup remote...
[2026-08-02 15:30:34] [BACKUP-START] Mirroring to backup remote...
[2026-08-02 15:30:34] [BACKUP-START] Mirroring to backup remote...
[2026-08-02 15:30:34] [BACKUP-START] Mirroring to backup remote...
[2026-08-02 15:30:36] [BACKUP-START] Mirroring to backup remote...
[2026-08-02 15:30:36] [BACKUP-START] Mirroring to backup remote...
========================================
[2026-08-02 15:30:36] [PUSH-EVENT] Push detected.
========================================
[2026-08-02 15:30:36] [PUSH-EVENT] Push detected.
[2026-08-02 15:30:36] [PRE-PUSH] HEAD SHA: 402040b6e093ec26df6d747f56831085b28bb735
========================================
[2026-08-02 15:30:37] [PUSH-EVENT] Push detected.
[2026-08-02 15:30:36] [PRE-PUSH] HEAD SHA: 402040b6e093ec26df6d747f56831085b28bb735
========================================
[2026-08-02 15:30:37] [PUSH-EVENT] Push detected.
[2026-08-02 15:30:38] [BACKUP-START] Mirroring to backup remote...
[2026-08-02 15:30:37] [PRE-PUSH] HEAD SHA: 402040b6e093ec26df6d747f56831085b28bb735
[2026-08-02 15:30:37] [PRE-PUSH] HEAD SHA: 402040b6e093ec26df6d747f56831085b28bb735
========================================
[2026-08-02 15:30:39] [PUSH-EVENT] Push detected.
========================================
[2026-08-02 15:30:39] [PUSH-EVENT] Push detected.
[2026-08-02 15:30:39] [PRE-PUSH] HEAD SHA: 402040b6e093ec26df6d747f56831085b28bb735
[2026-08-02 15:30:39] [PRE-PUSH] HEAD SHA: 402040b6e093ec26df6d747f56831085b28bb735
[2026-08-02 15:30:42] [BACKUP-START] Mirroring to backup remote...
[2026-08-02 15:30:43] [BACKUP-START] Mirroring to backup remote...
[2026-08-02 15:30:43] [BACKUP-START] Mirroring to backup remote...
[2026-08-02 15:30:44] [BACKUP-START] Mirroring to backup remote...
[2026-08-02 15:30:45] [BACKUP-START] Mirroring to backup remote...
[2026-08-02 15:30:45] [BACKUP-START] Mirroring to backup remote...
========================================
[2026-08-02 15:30:45] [PUSH-EVENT] Push detected.
[2026-08-02 15:30:45] [PRE-PUSH] HEAD SHA: 402040b6e093ec26df6d747f56831085b28bb735
========================================
[2026-08-02 15:30:48] [PUSH-EVENT] Push detected.
========================================
[2026-08-02 15:30:48] [PUSH-EVENT] Push detected.
========================================
[2026-08-02 15:30:49] [PUSH-EVENT] Push detected.
[2026-08-02 15:30:48] [PRE-PUSH] HEAD SHA: 402040b6e093ec26df6d747f56831085b28bb735
[2026-08-02 15:30:48] [PRE-PUSH] HEAD SHA: 402040b6e093ec26df6d747f56831085b28bb735
[2026-08-02 15:30:49] [PRE-PUSH] HEAD SHA: 402040b6e093ec26df6d747f56831085b28bb735
========================================
[2026-08-02 15:30:50] [PUSH-EVENT] Push detected.
========================================
[2026-08-02 15:30:50] [PUSH-EVENT] Push detected.
[2026-08-02 15:30:50] [PRE-PUSH] HEAD SHA: 402040b6e093ec26df6d747f56831085b28bb735
[2026-08-02 15:30:50] [PRE-PUSH] HEAD SHA: 402040b6e093ec26df6d747f56831085b28bb735
[2026-08-02 15:30:53] [BACKUP-START] Mirroring to backup remote...
========================================
[2026-08-02 15:30:54] [PUSH-EVENT] Push detected.
[2026-08-02 15:30:54] [PRE-PUSH] HEAD SHA: 402040b6e093ec26df6d747f56831085b28bb735
[2026-08-02 15:30:55] [BACKUP-START] Mirroring to backup remote...
[2026-08-02 15:30:55] [BACKUP-START] Mirroring to backup remote...
[2026-08-02 15:30:56] [BACKUP-START] Mirroring to backup remote...
[2026-08-02 15:30:56] [BACKUP-START] Mirroring to backup remote...
[2026-08-02 15:30:57] [BACKUP-START] Mirroring to backup remote...
========================================
[2026-08-02 15:30:57] [PUSH-EVENT] Push detected.
[2026-08-02 15:30:57] [PRE-PUSH] HEAD SHA: 402040b6e093ec26df6d747f56831085b28bb735
[2026-08-02 15:31:00] [BACKUP-START] Mirroring to backup remote...
========================================
[2026-08-02 15:31:00] [PUSH-EVENT] Push detected.
========================================
[2026-08-02 15:31:00] [PUSH-EVENT] Push detected.
========================================
[2026-08-02 15:31:00] [PUSH-EVENT] Push detected.
[2026-08-02 15:31:00] [PRE-PUSH] HEAD SHA: 402040b6e093ec26df6d747f56831085b28bb735
[2026-08-02 15:31:00] [PRE-PUSH] HEAD SHA: 402040b6e093ec26df6d747f56831085b28bb735
[2026-08-02 15:31:00] [PRE-PUSH] HEAD SHA: 402040b6e093ec26df6d747f56831085b28bb735
========================================
[2026-08-02 15:31:01] [PUSH-EVENT] Push detected.
========================================
[2026-08-02 15:31:02] [PUSH-EVENT] Push detected.
[2026-08-02 15:31:01] [PRE-PUSH] HEAD SHA: 402040b6e093ec26df6d747f56831085b28bb735
[2026-08-02 15:31:02] [PRE-PUSH] HEAD SHA: 402040b6e093ec26df6d747f56831085b28bb735
[2026-08-02 15:31:04] [BACKUP-START] Mirroring to backup remote...
========================================
[2026-08-02 15:31:06] [PUSH-EVENT] Push detected.
[2026-08-02 15:31:06] [PRE-PUSH] HEAD SHA: 402040b6e093ec26df6d747f56831085b28bb735
[2026-08-02 15:31:06] [BACKUP-START] Mirroring to backup remote...
[2026-08-02 15:31:06] [BACKUP-START] Mirroring to backup remote...
[2026-08-02 15:31:07] [BACKUP-START] Mirroring to backup remote...
[2026-08-02 15:31:08] [BACKUP-START] Mirroring to backup remote...
[2026-08-02 15:31:08] [BACKUP-START] Mirroring to backup remote...
========================================
[2026-08-02 15:31:09] [PUSH-EVENT] Push detected.
[2026-08-02 15:31:09] [PRE-PUSH] HEAD SHA: 402040b6e093ec26df6d747f56831085b28bb735
========================================
[2026-08-02 15:31:10] [PUSH-EVENT] Push detected.
========================================
[2026-08-02 15:31:10] [PUSH-EVENT] Push detected.
[2026-08-02 15:31:10] [PRE-PUSH] HEAD SHA: 402040b6e093ec26df6d747f56831085b28bb735
========================================
[2026-08-02 15:31:10] [PUSH-EVENT] Push detected.
[2026-08-02 15:31:10] [PRE-PUSH] HEAD SHA: 402040b6e093ec26df6d747f56831085b28bb735
[2026-08-02 15:31:10] [PRE-PUSH] HEAD SHA: 402040b6e093ec26df6d747f56831085b28bb735
========================================
[2026-08-02 15:31:11] [PUSH-EVENT] Push detected.
[2026-08-02 15:31:12] [BACKUP-START] Mirroring to backup remote...
========================================
[2026-08-02 15:31:11] [PUSH-EVENT] Push detected.
[2026-08-02 15:31:11] [PRE-PUSH] HEAD SHA: 402040b6e093ec26df6d747f56831085b28bb735
[2026-08-02 15:31:11] [PRE-PUSH] HEAD SHA: 402040b6e093ec26df6d747f56831085b28bb735
========================================
[2026-08-02 15:31:15] [PUSH-EVENT] Push detected.
[2026-08-02 15:31:15] [PRE-PUSH] HEAD SHA: 402040b6e093ec26df6d747f56831085b28bb735
[2026-08-02 15:31:16] [BACKUP-START] Mirroring to backup remote...
[2026-08-02 15:31:16] [BACKUP-START] Mirroring to backup remote...
[2026-08-02 15:31:16] [BACKUP-START] Mirroring to backup remote...
[2026-08-02 15:31:17] [BACKUP-START] Mirroring to backup remote...
[2026-08-02 15:31:18] [BACKUP-START] Mirroring to backup remote...
[2026-08-02 15:31:19] [BACKUP-START] Mirroring to backup remote...
========================================
[2026-08-02 15:31:19] [PUSH-EVENT] Push detected.
========================================
[2026-08-02 15:31:20] [PUSH-EVENT] Push detected.
[2026-08-02 15:31:20] [BACKUP-START] Mirroring to backup remote...
[2026-08-02 15:31:19] [PRE-PUSH] HEAD SHA: 402040b6e093ec26df6d747f56831085b28bb735
[2026-08-02 15:31:20] [PRE-PUSH] HEAD SHA: 402040b6e093ec26df6d747f56831085b28bb735
========================================
[2026-08-02 15:31:22] [PUSH-EVENT] Push detected.
========================================
[2026-08-02 15:31:22] [PUSH-EVENT] Push detected.
[2026-08-02 15:31:22] [PRE-PUSH] HEAD SHA: 402040b6e093ec26df6d747f56831085b28bb735
[2026-08-02 15:31:22] [PRE-PUSH] HEAD SHA: 402040b6e093ec26df6d747f56831085b28bb735
========================================
[2026-08-02 15:31:23] [PUSH-EVENT] Push detected.
========================================
[2026-08-02 15:31:24] [PUSH-EVENT] Push detected.
[2026-08-02 15:31:23] [PRE-PUSH] HEAD SHA: 402040b6e093ec26df6d747f56831085b28bb735
[2026-08-02 15:31:24] [PRE-PUSH] HEAD SHA: 402040b6e093ec26df6d747f56831085b28bb735
========================================
[2026-08-02 15:31:25] [PUSH-EVENT] Push detected.
[2026-08-02 15:31:25] [PRE-PUSH] HEAD SHA: 402040b6e093ec26df6d747f56831085b28bb735
[2026-08-02 15:31:27] [BACKUP-START] Mirroring to backup remote...
[2026-08-02 15:31:27] [BACKUP-START] Mirroring to backup remote...
[2026-08-02 15:31:28] [BACKUP-START] Mirroring to backup remote...
[2026-08-02 15:31:28] [BACKUP-START] Mirroring to backup remote...
========================================
[2026-08-02 15:31:29] [PUSH-EVENT] Push detected.
========================================
[2026-08-02 15:31:29] [PUSH-EVENT] Push detected.
[2026-08-02 15:31:30] [BACKUP-START] Mirroring to backup remote...
[2026-08-02 15:31:29] [PRE-PUSH] HEAD SHA: 402040b6e093ec26df6d747f56831085b28bb735
[2026-08-02 15:31:30] [BACKUP-START] Mirroring to backup remote...
[2026-08-02 15:31:29] [PRE-PUSH] HEAD SHA: 402040b6e093ec26df6d747f56831085b28bb735
========================================
[2026-08-02 15:31:31] [PUSH-EVENT] Push detected.
[2026-08-02 15:31:31] [BACKUP-START] Mirroring to backup remote...
[2026-08-02 15:31:31] [PRE-PUSH] HEAD SHA: 402040b6e093ec26df6d747f56831085b28bb735
========================================
[2026-08-02 15:31:33] [PUSH-EVENT] Push detected.
========================================
[2026-08-02 15:31:34] [PUSH-EVENT] Push detected.
[2026-08-02 15:31:33] [PRE-PUSH] HEAD SHA: 402040b6e093ec26df6d747f56831085b28bb735
[2026-08-02 15:31:34] [PRE-PUSH] HEAD SHA: 402040b6e093ec26df6d747f56831085b28bb735
========================================
[2026-08-02 15:31:35] [PUSH-EVENT] Push detected.
[2026-08-02 15:31:35] [PRE-PUSH] HEAD SHA: 402040b6e093ec26df6d747f56831085b28bb735
[2026-08-02 15:31:36] [BACKUP-START] Mirroring to backup remote...
[2026-08-02 15:31:36] [BACKUP-START] Mirroring to backup remote...
========================================
[2026-08-02 15:31:37] [PUSH-EVENT] Push detected.
[2026-08-02 15:31:37] [PRE-PUSH] HEAD SHA: 402040b6e093ec26df6d747f56831085b28bb735
[2026-08-02 15:31:38] [BACKUP-START] Mirroring to backup remote...
[2026-08-02 15:31:41] [BACKUP-START] Mirroring to backup remote...
[2026-08-02 15:31:41] [BACKUP-START] Mirroring to backup remote...
[2026-08-02 15:31:42] [BACKUP-START] Mirroring to backup remote...
========================================
[2026-08-02 15:31:41] [PUSH-EVENT] Push detected.
========================================
[2026-08-02 15:31:42] [PUSH-EVENT] Push detected.
[2026-08-02 15:31:43] [BACKUP-START] Mirroring to backup remote...
[2026-08-02 15:31:41] [PRE-PUSH] HEAD SHA: 402040b6e093ec26df6d747f56831085b28bb735
[2026-08-02 15:31:42] [PRE-PUSH] HEAD SHA: 402040b6e093ec26df6d747f56831085b28bb735
========================================
[2026-08-02 15:31:46] [PUSH-EVENT] Push detected.
[2026-08-02 15:31:46] [PRE-PUSH] HEAD SHA: 402040b6e093ec26df6d747f56831085b28bb735
========================================
[2026-08-02 15:31:49] [PUSH-EVENT] Push detected.
========================================
[2026-08-02 15:31:49] [PUSH-EVENT] Push detected.
========================================
[2026-08-02 15:31:49] [PUSH-EVENT] Push detected.
[2026-08-02 15:31:49] [PRE-PUSH] HEAD SHA: 402040b6e093ec26df6d747f56831085b28bb735
[2026-08-02 15:31:49] [PRE-PUSH] HEAD SHA: 402040b6e093ec26df6d747f56831085b28bb735
[2026-08-02 15:31:50] [BACKUP-START] Mirroring to backup remote...
[2026-08-02 15:31:51] [BACKUP-START] Mirroring to backup remote...
[2026-08-02 15:31:49] [PRE-PUSH] HEAD SHA: 402040b6e093ec26df6d747f56831085b28bb735
========================================
[2026-08-02 15:31:52] [PUSH-EVENT] Push detected.
[2026-08-02 15:31:52] [PRE-PUSH] HEAD SHA: 402040b6e093ec26df6d747f56831085b28bb735
[2026-08-02 15:31:54] [BACKUP-START] Mirroring to backup remote...
========================================
[2026-08-02 15:31:55] [PUSH-EVENT] Push detected.
========================================
[2026-08-02 15:31:55] [PUSH-EVENT] Push detected.
[2026-08-02 15:31:55] [PRE-PUSH] HEAD SHA: 402040b6e093ec26df6d747f56831085b28bb735
[2026-08-02 15:31:55] [PRE-PUSH] HEAD SHA: 402040b6e093ec26df6d747f56831085b28bb735
[2026-08-02 15:31:56] [BACKUP-START] Mirroring to backup remote...
[2026-08-02 15:31:56] [BACKUP-START] Mirroring to backup remote...
[2026-08-02 15:31:57] [BACKUP-START] Mirroring to backup remote...
========================================
[2026-08-02 15:31:57] [PUSH-EVENT] Push detected.
[2026-08-02 15:31:58] [BACKUP-START] Mirroring to backup remote...
[2026-08-02 15:31:57] [PRE-PUSH] HEAD SHA: 402040b6e093ec26df6d747f56831085b28bb735
========================================
[2026-08-02 15:32:00] [PUSH-EVENT] Push detected.
========================================
[2026-08-02 15:32:00] [PUSH-EVENT] Push detected.
[2026-08-02 15:32:00] [PRE-PUSH] HEAD SHA: 402040b6e093ec26df6d747f56831085b28bb735
[2026-08-02 15:32:00] [PRE-PUSH] HEAD SHA: 402040b6e093ec26df6d747f56831085b28bb735
[2026-08-02 15:32:01] [BACKUP-START] Mirroring to backup remote...
[2026-08-02 15:32:02] [BACKUP-START] Mirroring to backup remote...
========================================
[2026-08-02 15:32:02] [PUSH-EVENT] Push detected.
[2026-08-02 15:32:02] [PRE-PUSH] HEAD SHA: 402040b6e093ec26df6d747f56831085b28bb735
[2026-08-02 15:32:05] [BACKUP-START] Mirroring to backup remote...
========================================
[2026-08-02 15:32:05] [PUSH-EVENT] Push detected.
[2026-08-02 15:32:05] [PRE-PUSH] HEAD SHA: 402040b6e093ec26df6d747f56831085b28bb735
========================================
[2026-08-02 15:32:05] [PUSH-EVENT] Push detected.
[2026-08-02 15:32:05] [PRE-PUSH] HEAD SHA: 402040b6e093ec26df6d747f56831085b28bb735
[2026-08-02 15:32:07] [BACKUP-START] Mirroring to backup remote...
[2026-08-02 15:32:07] [BACKUP-START] Mirroring to backup remote...
========================================
[2026-08-02 15:32:07] [PUSH-EVENT] Push detected.
[2026-08-02 15:32:08] [BACKUP-START] Mirroring to backup remote...
[2026-08-02 15:32:07] [PRE-PUSH] HEAD SHA: 402040b6e093ec26df6d747f56831085b28bb735
========================================
[2026-08-02 15:32:09] [PUSH-EVENT] Push detected.
[2026-08-02 15:32:11] [BACKUP-START] Mirroring to backup remote...
[2026-08-02 15:32:09] [PRE-PUSH] HEAD SHA: 402040b6e093ec26df6d747f56831085b28bb735
========================================
[2026-08-02 15:32:11] [PUSH-EVENT] Push detected.
========================================
[2026-08-02 15:32:11] [PUSH-EVENT] Push detected.
[2026-08-02 15:32:12] [BACKUP-START] Mirroring to backup remote...
========================================
[2026-08-02 15:32:12] [PUSH-EVENT] Push detected.
[2026-08-02 15:32:11] [PRE-PUSH] HEAD SHA: 402040b6e093ec26df6d747f56831085b28bb735
[2026-08-02 15:32:11] [PRE-PUSH] HEAD SHA: 402040b6e093ec26df6d747f56831085b28bb735
[2026-08-02 15:32:12] [PRE-PUSH] HEAD SHA: 402040b6e093ec26df6d747f56831085b28bb735
[2026-08-02 15:32:14] [BACKUP-START] Mirroring to backup remote...
========================================
[2026-08-02 15:32:15] [PUSH-EVENT] Push detected.
[2026-08-02 15:32:15] [PRE-PUSH] HEAD SHA: 402040b6e093ec26df6d747f56831085b28bb735
[2026-08-02 15:32:16] [BACKUP-START] Mirroring to backup remote...
========================================
[2026-08-02 15:32:16] [PUSH-EVENT] Push detected.
[2026-08-02 15:32:16] [PRE-PUSH] HEAD SHA: 402040b6e093ec26df6d747f56831085b28bb735
[2026-08-02 15:32:18] [BACKUP-START] Mirroring to backup remote...
[2026-08-02 15:32:18] [BACKUP-START] Mirroring to backup remote...
[2026-08-02 15:32:19] [BACKUP-START] Mirroring to backup remote...
========================================
[2026-08-02 15:32:20] [PUSH-EVENT] Push detected.
[2026-08-02 15:32:20] [PRE-PUSH] HEAD SHA: 402040b6e093ec26df6d747f56831085b28bb735
[2026-08-02 15:32:21] [BACKUP-START] Mirroring to backup remote...
========================================
[2026-08-02 15:32:22] [PUSH-EVENT] Push detected.
========================================
[2026-08-02 15:32:22] [PUSH-EVENT] Push detected.
[2026-08-02 15:32:22] [PRE-PUSH] HEAD SHA: 402040b6e093ec26df6d747f56831085b28bb735
[2026-08-02 15:32:23] [BACKUP-START] Mirroring to backup remote...
[2026-08-02 15:32:22] [PRE-PUSH] HEAD SHA: 402040b6e093ec26df6d747f56831085b28bb735
========================================
[2026-08-02 15:32:23] [PUSH-EVENT] Push detected.
[2026-08-02 15:32:23] [PRE-PUSH] HEAD SHA: 402040b6e093ec26df6d747f56831085b28bb735
========================================
[2026-08-02 15:32:27] [PUSH-EVENT] Push detected.
[2026-08-02 15:32:27] [PRE-PUSH] HEAD SHA: 402040b6e093ec26df6d747f56831085b28bb735
[2026-08-02 15:32:28] [BACKUP-START] Mirroring to backup remote...
========================================
[2026-08-02 15:32:29] [PUSH-EVENT] Push detected.
[2026-08-02 15:32:29] [BACKUP-START] Mirroring to backup remote...
[2026-08-02 15:32:30] [BACKUP-START] Mirroring to backup remote...
========================================
[2026-08-02 15:32:30] [PUSH-EVENT] Push detected.
[2026-08-02 15:32:31] [BACKUP-START] Mirroring to backup remote...
[2026-08-02 15:32:29] [PRE-PUSH] HEAD SHA: 402040b6e093ec26df6d747f56831085b28bb735
[2026-08-02 15:32:30] [PRE-PUSH] HEAD SHA: 402040b6e093ec26df6d747f56831085b28bb735
========================================
[2026-08-02 15:32:32] [PUSH-EVENT] Push detected.
[2026-08-02 15:32:32] [PRE-PUSH] HEAD SHA: 402040b6e093ec26df6d747f56831085b28bb735
========================================
[2026-08-02 15:32:33] [PUSH-EVENT] Push detected.
[2026-08-02 15:32:33] [BACKUP-START] Mirroring to backup remote...
========================================
[2026-08-02 15:32:34] [PUSH-EVENT] Push detected.
[2026-08-02 15:32:33] [PRE-PUSH] HEAD SHA: 402040b6e093ec26df6d747f56831085b28bb735
========================================
[2026-08-02 15:32:34] [PUSH-EVENT] Push detected.
[2026-08-02 15:32:34] [PRE-PUSH] HEAD SHA: 402040b6e093ec26df6d747f56831085b28bb735
[2026-08-02 15:32:34] [PRE-PUSH] HEAD SHA: 402040b6e093ec26df6d747f56831085b28bb735
[2026-08-02 15:32:36] [BACKUP-START] Mirroring to backup remote...
[2026-08-02 15:32:36] [BACKUP-START] Mirroring to backup remote...
========================================
[2026-08-02 15:32:37] [PUSH-EVENT] Push detected.
[2026-08-02 15:32:37] [PRE-PUSH] HEAD SHA: 402040b6e093ec26df6d747f56831085b28bb735
[2026-08-02 15:32:38] [BACKUP-START] Mirroring to backup remote...
========================================
[2026-08-02 15:32:39] [PUSH-EVENT] Push detected.
========================================
[2026-08-02 15:32:39] [PUSH-EVENT] Push detected.
[2026-08-02 15:32:40] [BACKUP-START] Mirroring to backup remote...
[2026-08-02 15:32:40] [BACKUP-START] Mirroring to backup remote...
[2026-08-02 15:32:39] [PRE-PUSH] HEAD SHA: 402040b6e093ec26df6d747f56831085b28bb735
[2026-08-02 15:32:40] [BACKUP-START] Mirroring to backup remote...
[2026-08-02 15:32:39] [PRE-PUSH] HEAD SHA: 402040b6e093ec26df6d747f56831085b28bb735
========================================
[2026-08-02 15:32:42] [PUSH-EVENT] Push detected.
[2026-08-02 15:32:42] [BACKUP-START] Mirroring to backup remote...
[2026-08-02 15:32:42] [PRE-PUSH] HEAD SHA: 402040b6e093ec26df6d747f56831085b28bb735
[2026-08-02 15:32:51] [BACKUP-START] Mirroring to backup remote...
[2026-08-02 15:32:51] [BACKUP-START] Mirroring to backup remote...
========================================
[2026-08-02 15:32:51] [PUSH-EVENT] Push detected.
========================================
[2026-08-02 15:32:54] [PUSH-EVENT] Push detected.
========================================
[2026-08-02 15:32:54] [PUSH-EVENT] Push detected.
[2026-08-02 15:32:51] [PRE-PUSH] HEAD SHA: 402040b6e093ec26df6d747f56831085b28bb735
[2026-08-02 15:32:54] [PRE-PUSH] HEAD SHA: 402040b6e093ec26df6d747f56831085b28bb735
[2026-08-02 15:32:59] [BACKUP-START] Mirroring to backup remote...
[2026-08-02 15:33:10] [BACKUP-START] Mirroring to backup remote...
[2026-08-02 15:32:54] [PRE-PUSH] HEAD SHA: 402040b6e093ec26df6d747f56831085b28bb735
[2026-08-02 15:33:18] [BACKUP-START] Mirroring to backup remote...
========================================
[2026-08-02 15:33:22] [PUSH-EVENT] Push detected.
[2026-08-02 15:33:25] [BACKUP-START] Mirroring to backup remote...
[2026-08-02 15:33:22] [PRE-PUSH] HEAD SHA: 402040b6e093ec26df6d747f56831085b28bb735
========================================
[2026-08-02 15:33:31] [PUSH-EVENT] Push detected.
========================================
[2026-08-02 15:33:34] [PUSH-EVENT] Push detected.
========================================
[2026-08-02 15:33:41] [PUSH-EVENT] Push detected.
========================================
[2026-08-02 15:33:44] [PUSH-EVENT] Push detected.
[2026-08-02 15:33:47] [BACKUP-START] Mirroring to backup remote...
[2026-08-02 15:33:31] [PRE-PUSH] HEAD SHA: 402040b6e093ec26df6d747f56831085b28bb735
[2026-08-02 15:33:34] [PRE-PUSH] HEAD SHA: 402040b6e093ec26df6d747f56831085b28bb735
========================================
[2026-08-02 15:33:48] [PUSH-EVENT] Push detected.
[2026-08-02 15:33:44] [PRE-PUSH] HEAD SHA: 402040b6e093ec26df6d747f56831085b28bb735
[2026-08-02 15:33:41] [PRE-PUSH] HEAD SHA: 402040b6e093ec26df6d747f56831085b28bb735
[2026-08-02 15:33:48] [PRE-PUSH] HEAD SHA: 402040b6e093ec26df6d747f56831085b28bb735
[2026-08-02 15:33:57] [BACKUP-START] Mirroring to backup remote...
[2026-08-02 15:33:57] [BACKUP-START] Mirroring to backup remote...
========================================
[2026-08-02 15:33:55] [PUSH-EVENT] Push detected.
[2026-08-02 15:33:59] [BACKUP-START] Mirroring to backup remote...
[2026-08-02 15:33:59] [BACKUP-START] Mirroring to backup remote...
[2026-08-02 15:34:01] [BACKUP-START] Mirroring to backup remote...
[2026-08-02 15:33:55] [PRE-PUSH] HEAD SHA: 402040b6e093ec26df6d747f56831085b28bb735
========================================
[2026-08-02 15:34:07] [PUSH-EVENT] Push detected.
[2026-08-02 15:34:07] [PRE-PUSH] HEAD SHA: 402040b6e093ec26df6d747f56831085b28bb735
[2026-08-02 15:34:13] [BACKUP-START] Mirroring to backup remote...
========================================
[2026-08-02 15:34:13] [PUSH-EVENT] Push detected.
========================================
[2026-08-02 15:34:13] [PUSH-EVENT] Push detected.
========================================
[2026-08-02 15:34:13] [PUSH-EVENT] Push detected.
========================================
[2026-08-02 15:34:13] [PUSH-EVENT] Push detected.
[2026-08-02 15:34:13] [PRE-PUSH] HEAD SHA: 402040b6e093ec26df6d747f56831085b28bb735
[2026-08-02 15:34:13] [PRE-PUSH] HEAD SHA: 402040b6e093ec26df6d747f56831085b28bb735
========================================
[2026-08-02 15:34:14] [PUSH-EVENT] Push detected.
[2026-08-02 15:34:13] [PRE-PUSH] HEAD SHA: 402040b6e093ec26df6d747f56831085b28bb735
[2026-08-02 15:34:13] [PRE-PUSH] HEAD SHA: 402040b6e093ec26df6d747f56831085b28bb735
[2026-08-02 15:34:14] [PRE-PUSH] HEAD SHA: 402040b6e093ec26df6d747f56831085b28bb735
========================================
[2026-08-02 15:34:15] [PUSH-EVENT] Push detected.
[2026-08-02 15:34:15] [PRE-PUSH] HEAD SHA: 402040b6e093ec26df6d747f56831085b28bb735
[2026-08-02 15:34:17] [BACKUP-START] Mirroring to backup remote...
[2026-08-02 15:34:19] [BACKUP-START] Mirroring to backup remote...
========================================
[2026-08-02 15:34:19] [PUSH-EVENT] Push detected.
[2026-08-02 15:34:20] [BACKUP-START] Mirroring to backup remote...
[2026-08-02 15:34:20] [BACKUP-START] Mirroring to backup remote...
[2026-08-02 15:34:20] [BACKUP-START] Mirroring to backup remote...
[2026-08-02 15:34:19] [PRE-PUSH] HEAD SHA: 402040b6e093ec26df6d747f56831085b28bb735
[2026-08-02 15:34:20] [BACKUP-START] Mirroring to backup remote...
[2026-08-02 15:34:21] [BACKUP-START] Mirroring to backup remote...
========================================
[2026-08-02 15:34:22] [PUSH-EVENT] Push detected.
[2026-08-02 15:34:22] [PRE-PUSH] HEAD SHA: 402040b6e093ec26df6d747f56831085b28bb735
[2026-08-02 15:34:26] [BACKUP-START] Mirroring to backup remote...
========================================
[2026-08-02 15:34:27] [PUSH-EVENT] Push detected.
[2026-08-02 15:34:28] [BACKUP-START] Mirroring to backup remote...
[2026-08-02 15:34:27] [PRE-PUSH] HEAD SHA: 402040b6e093ec26df6d747f56831085b28bb735
========================================
[2026-08-02 15:34:29] [PUSH-EVENT] Push detected.
========================================
[2026-08-02 15:34:29] [PUSH-EVENT] Push detected.
========================================
[2026-08-02 15:34:29] [PUSH-EVENT] Push detected.
[2026-08-02 15:34:29] [PRE-PUSH] HEAD SHA: 402040b6e093ec26df6d747f56831085b28bb735
========================================
[2026-08-02 15:34:29] [PUSH-EVENT] Push detected.
========================================
[2026-08-02 15:34:29] [PUSH-EVENT] Push detected.
[2026-08-02 15:34:29] [PRE-PUSH] HEAD SHA: 402040b6e093ec26df6d747f56831085b28bb735
[2026-08-02 15:34:29] [PRE-PUSH] HEAD SHA: 402040b6e093ec26df6d747f56831085b28bb735
[2026-08-02 15:34:29] [PRE-PUSH] HEAD SHA: 402040b6e093ec26df6d747f56831085b28bb735
[2026-08-02 15:34:29] [PRE-PUSH] HEAD SHA: 402040b6e093ec26df6d747f56831085b28bb735
========================================
[2026-08-02 15:34:31] [PUSH-EVENT] Push detected.
[2026-08-02 15:34:31] [PRE-PUSH] HEAD SHA: 402040b6e093ec26df6d747f56831085b28bb735
[2026-08-02 15:34:35] [BACKUP-START] Mirroring to backup remote...
[2026-08-02 15:34:35] [BACKUP-START] Mirroring to backup remote...
[2026-08-02 15:34:36] [BACKUP-START] Mirroring to backup remote...
[2026-08-02 15:34:36] [BACKUP-START] Mirroring to backup remote...
[2026-08-02 15:34:36] [BACKUP-START] Mirroring to backup remote...
[2026-08-02 15:34:36] [BACKUP-START] Mirroring to backup remote...
[2026-08-02 15:34:37] [BACKUP-START] Mirroring to backup remote...
========================================
[2026-08-02 15:34:37] [PUSH-EVENT] Push detected.
[2026-08-02 15:34:37] [PRE-PUSH] HEAD SHA: 402040b6e093ec26df6d747f56831085b28bb735
========================================
[2026-08-02 15:34:38] [PUSH-EVENT] Push detected.
[2026-08-02 15:34:38] [PRE-PUSH] HEAD SHA: 402040b6e093ec26df6d747f56831085b28bb735
========================================
========================================
[2026-08-02 15:34:39] [PUSH-EVENT] Push detected.
[2026-08-02 15:34:39] [PUSH-EVENT] Push detected.
========================================
[2026-08-02 15:34:39] [PUSH-EVENT] Push detected.
========================================
[2026-08-02 15:34:40] [PUSH-EVENT] Push detected.
[2026-08-02 15:34:39] [PRE-PUSH] HEAD SHA: 402040b6e093ec26df6d747f56831085b28bb735
[2026-08-02 15:34:39] [PRE-PUSH] HEAD SHA: 402040b6e093ec26df6d747f56831085b28bb735
[2026-08-02 15:34:39] [PRE-PUSH] HEAD SHA: 402040b6e093ec26df6d747f56831085b28bb735
[2026-08-02 15:34:40] [PRE-PUSH] HEAD SHA: 402040b6e093ec26df6d747f56831085b28bb735
[2026-08-02 15:34:43] [BACKUP-START] Mirroring to backup remote...
========================================
[2026-08-02 15:34:43] [PUSH-EVENT] Push detected.
[2026-08-02 15:34:43] [PRE-PUSH] HEAD SHA: 402040b6e093ec26df6d747f56831085b28bb735
[2026-08-02 15:34:44] [BACKUP-START] Mirroring to backup remote...
[2026-08-02 15:34:46] [BACKUP-START] Mirroring to backup remote...
========================================
[2026-08-02 15:34:45] [PUSH-EVENT] Push detected.
[2026-08-02 15:34:46] [BACKUP-START] Mirroring to backup remote...
[2026-08-02 15:34:46] [BACKUP-START] Mirroring to backup remote...
[2026-08-02 15:34:46] [BACKUP-START] Mirroring to backup remote...
[2026-08-02 15:34:45] [PRE-PUSH] HEAD SHA: 402040b6e093ec26df6d747f56831085b28bb735
========================================
[2026-08-02 15:34:47] [PUSH-EVENT] Push detected.
[2026-08-02 15:34:47] [PRE-PUSH] HEAD SHA: 402040b6e093ec26df6d747f56831085b28bb735
========================================
[2026-08-02 15:34:49] [PUSH-EVENT] Push detected.
========================================
[2026-08-02 15:34:49] [PUSH-EVENT] Push detected.
[2026-08-02 15:34:49] [BACKUP-START] Mirroring to backup remote...
========================================
[2026-08-02 15:34:49] [PUSH-EVENT] Push detected.
[2026-08-02 15:34:49] [PRE-PUSH] HEAD SHA: 402040b6e093ec26df6d747f56831085b28bb735
[2026-08-02 15:34:49] [PRE-PUSH] HEAD SHA: 402040b6e093ec26df6d747f56831085b28bb735
[2026-08-02 15:34:49] [PRE-PUSH] HEAD SHA: 402040b6e093ec26df6d747f56831085b28bb735
========================================
[2026-08-02 15:34:50] [PUSH-EVENT] Push detected.
[2026-08-02 15:34:50] [PRE-PUSH] HEAD SHA: 402040b6e093ec26df6d747f56831085b28bb735
[2026-08-02 15:34:52] [BACKUP-START] Mirroring to backup remote...
[2026-08-02 15:34:53] [BACKUP-START] Mirroring to backup remote...
[2026-08-02 15:34:55] [BACKUP-START] Mirroring to backup remote...
========================================
[2026-08-02 15:34:55] [PUSH-EVENT] Push detected.
[2026-08-02 15:34:55] [BACKUP-START] Mirroring to backup remote...
[2026-08-02 15:34:55] [PRE-PUSH] HEAD SHA: 402040b6e093ec26df6d747f56831085b28bb735
[2026-08-02 15:34:55] [BACKUP-START] Mirroring to backup remote...
========================================
[2026-08-02 15:34:55] [PUSH-EVENT] Push detected.
[2026-08-02 15:34:55] [PRE-PUSH] HEAD SHA: 402040b6e093ec26df6d747f56831085b28bb735
[2026-08-02 15:34:56] [BACKUP-START] Mirroring to backup remote...
========================================
[2026-08-02 15:34:57] [PUSH-EVENT] Push detected.
========================================
[2026-08-02 15:34:57] [PUSH-EVENT] Push detected.
========================================
[2026-08-02 15:34:57] [PRE-PUSH] HEAD SHA: 402040b6e093ec26df6d747f56831085b28bb735
[2026-08-02 15:34:57] [PUSH-EVENT] Push detected.
[2026-08-02 15:34:57] [PRE-PUSH] HEAD SHA: 402040b6e093ec26df6d747f56831085b28bb735
========================================
[2026-08-02 15:34:58] [PUSH-EVENT] Push detected.
[2026-08-02 15:34:57] [PRE-PUSH] HEAD SHA: 402040b6e093ec26df6d747f56831085b28bb735
[2026-08-02 15:34:58] [PRE-PUSH] HEAD SHA: 402040b6e093ec26df6d747f56831085b28bb735
[2026-08-02 15:35:01] [BACKUP-START] Mirroring to backup remote...
[2026-08-02 15:35:02] [BACKUP-START] Mirroring to backup remote...
[2026-08-02 15:35:03] [BACKUP-START] Mirroring to backup remote...
[2026-08-02 15:35:03] [BACKUP-START] Mirroring to backup remote...
========================================
[2026-08-02 15:35:03] [PUSH-EVENT] Push detected.
[2026-08-02 15:35:04] [BACKUP-START] Mirroring to backup remote...
[2026-08-02 15:35:03] [PRE-PUSH] HEAD SHA: 402040b6e093ec26df6d747f56831085b28bb735
[2026-08-02 15:35:04] [BACKUP-START] Mirroring to backup remote...
========================================
[2026-08-02 15:35:04] [PUSH-EVENT] Push detected.
[2026-08-02 15:35:04] [PRE-PUSH] HEAD SHA: 402040b6e093ec26df6d747f56831085b28bb735
========================================
[2026-08-02 15:35:05] [PUSH-EVENT] Push detected.
[2026-08-02 15:35:05] [PRE-PUSH] HEAD SHA: 402040b6e093ec26df6d747f56831085b28bb735
========================================
[2026-08-02 15:35:06] [PUSH-EVENT] Push detected.
========================================
[2026-08-02 15:35:07] [PUSH-EVENT] Push detected.
[2026-08-02 15:35:06] [PRE-PUSH] HEAD SHA: 402040b6e093ec26df6d747f56831085b28bb735
[2026-08-02 15:35:07] [PRE-PUSH] HEAD SHA: 402040b6e093ec26df6d747f56831085b28bb735
========================================
[2026-08-02 15:35:07] [PUSH-EVENT] Push detected.
========================================
[2026-08-02 15:35:07] [PUSH-EVENT] Push detected.
[2026-08-02 15:35:07] [PRE-PUSH] HEAD SHA: 402040b6e093ec26df6d747f56831085b28bb735
[2026-08-02 15:35:07] [PRE-PUSH] HEAD SHA: 402040b6e093ec26df6d747f56831085b28bb735
[2026-08-02 15:35:09] [BACKUP-START] Mirroring to backup remote...
[2026-08-02 15:35:10] [BACKUP-START] Mirroring to backup remote...
[2026-08-02 15:35:11] [BACKUP-START] Mirroring to backup remote...
========================================
[2026-08-02 15:35:12] [PUSH-EVENT] Push detected.
[2026-08-02 15:35:12] [BACKUP-START] Mirroring to backup remote...
[2026-08-02 15:35:13] [BACKUP-START] Mirroring to backup remote...
[2026-08-02 15:35:12] [PRE-PUSH] HEAD SHA: 402040b6e093ec26df6d747f56831085b28bb735
[2026-08-02 15:35:13] [BACKUP-START] Mirroring to backup remote...
[2026-08-02 15:35:13] [BACKUP-START] Mirroring to backup remote...
========================================
[2026-08-02 15:35:13] [PUSH-EVENT] Push detected.
[2026-08-02 15:35:13] [PRE-PUSH] HEAD SHA: 402040b6e093ec26df6d747f56831085b28bb735
========================================
[2026-08-02 15:35:14] [PUSH-EVENT] Push detected.
[2026-08-02 15:35:14] [PRE-PUSH] HEAD SHA: 402040b6e093ec26df6d747f56831085b28bb735
========================================
[2026-08-02 15:35:15] [PUSH-EVENT] Push detected.
========================================
[2026-08-02 15:35:15] [PUSH-EVENT] Push detected.
[2026-08-02 15:35:15] [PRE-PUSH] HEAD SHA: 402040b6e093ec26df6d747f56831085b28bb735
[2026-08-02 15:35:15] [PRE-PUSH] HEAD SHA: 402040b6e093ec26df6d747f56831085b28bb735
========================================
[2026-08-02 15:35:16] [PUSH-EVENT] Push detected.
[2026-08-02 15:35:16] [PRE-PUSH] HEAD SHA: 402040b6e093ec26df6d747f56831085b28bb735
[2026-08-02 15:35:18] [BACKUP-START] Mirroring to backup remote...
[2026-08-02 15:35:19] [BACKUP-START] Mirroring to backup remote...
[2026-08-02 15:35:21] [BACKUP-START] Mirroring to backup remote...
[2026-08-02 15:35:21] [BACKUP-START] Mirroring to backup remote...
[2026-08-02 15:35:21] [BACKUP-START] Mirroring to backup remote...
========================================
[2026-08-02 15:35:21] [PUSH-EVENT] Push detected.
========================================
[2026-08-02 15:35:21] [PUSH-EVENT] Push detected.
[2026-08-02 15:35:21] [PRE-PUSH] HEAD SHA: 402040b6e093ec26df6d747f56831085b28bb735
[2026-08-02 15:35:21] [PRE-PUSH] HEAD SHA: 402040b6e093ec26df6d747f56831085b28bb735
[2026-08-02 15:35:23] [BACKUP-START] Mirroring to backup remote...
========================================
[2026-08-02 15:35:24] [PUSH-EVENT] Push detected.
========================================
[2026-08-02 15:35:24] [PUSH-EVENT] Push detected.
========================================
[2026-08-02 15:35:24] [PUSH-EVENT] Push detected.
[2026-08-02 15:35:24] [PRE-PUSH] HEAD SHA: 402040b6e093ec26df6d747f56831085b28bb735
[2026-08-02 15:35:24] [PRE-PUSH] HEAD SHA: 402040b6e093ec26df6d747f56831085b28bb735
[2026-08-02 15:35:24] [PRE-PUSH] HEAD SHA: 402040b6e093ec26df6d747f56831085b28bb735
========================================
[2026-08-02 15:35:25] [PUSH-EVENT] Push detected.
[2026-08-02 15:35:25] [PRE-PUSH] HEAD SHA: 402040b6e093ec26df6d747f56831085b28bb735
========================================
[2026-08-02 15:35:27] [PUSH-EVENT] Push detected.
[2026-08-02 15:35:27] [PRE-PUSH] HEAD SHA: 402040b6e093ec26df6d747f56831085b28bb735
[2026-08-02 15:35:28] [BACKUP-START] Mirroring to backup remote...
[2026-08-02 15:35:28] [BACKUP-START] Mirroring to backup remote...
[2026-08-02 15:35:30] [BACKUP-START] Mirroring to backup remote...
[2026-08-02 15:35:30] [BACKUP-START] Mirroring to backup remote...
[2026-08-02 15:35:31] [BACKUP-START] Mirroring to backup remote...
========================================
[2026-08-02 15:35:30] [PUSH-EVENT] Push detected.
========================================
[2026-08-02 15:35:31] [PUSH-EVENT] Push detected.
[2026-08-02 15:35:30] [PRE-PUSH] HEAD SHA: 402040b6e093ec26df6d747f56831085b28bb735
[2026-08-02 15:35:31] [PRE-PUSH] HEAD SHA: 402040b6e093ec26df6d747f56831085b28bb735
[2026-08-02 15:35:31] [BACKUP-START] Mirroring to backup remote...
========================================
[2026-08-02 15:35:33] [PUSH-EVENT] Push detected.
========================================
[2026-08-02 15:35:33] [PUSH-EVENT] Push detected.
[2026-08-02 15:35:33] [PRE-PUSH] HEAD SHA: 402040b6e093ec26df6d747f56831085b28bb735
[2026-08-02 15:35:33] [BACKUP-START] Mirroring to backup remote...
[2026-08-02 15:35:33] [PRE-PUSH] HEAD SHA: 402040b6e093ec26df6d747f56831085b28bb735
========================================
[2026-08-02 15:35:34] [PUSH-EVENT] Push detected.
========================================
[2026-08-02 15:35:34] [PUSH-EVENT] Push detected.
[2026-08-02 15:35:34] [PRE-PUSH] HEAD SHA: 402040b6e093ec26df6d747f56831085b28bb735
[2026-08-02 15:35:34] [PRE-PUSH] HEAD SHA: 402040b6e093ec26df6d747f56831085b28bb735
[2026-08-02 15:35:36] [BACKUP-START] Mirroring to backup remote...
[2026-08-02 15:35:37] [BACKUP-START] Mirroring to backup remote...
[2026-08-02 15:35:39] [BACKUP-START] Mirroring to backup remote...
[2026-08-02 15:35:39] [BACKUP-START] Mirroring to backup remote...
========================================
[2026-08-02 15:35:39] [PUSH-EVENT] Push detected.
[2026-08-02 15:35:39] [PRE-PUSH] HEAD SHA: 402040b6e093ec26df6d747f56831085b28bb735
========================================
[2026-08-02 15:35:39] [PUSH-EVENT] Push detected.
[2026-08-02 15:35:40] [BACKUP-START] Mirroring to backup remote...
[2026-08-02 15:35:40] [BACKUP-START] Mirroring to backup remote...
[2026-08-02 15:35:39] [PRE-PUSH] HEAD SHA: 402040b6e093ec26df6d747f56831085b28bb735
========================================
[2026-08-02 15:35:41] [PUSH-EVENT] Push detected.
[2026-08-02 15:35:41] [PRE-PUSH] HEAD SHA: 402040b6e093ec26df6d747f56831085b28bb735
========================================
[2026-08-02 15:35:41] [PUSH-EVENT] Push detected.
========================================
[2026-08-02 15:35:42] [PUSH-EVENT] Push detected.
[2026-08-02 15:35:41] [PRE-PUSH] HEAD SHA: 402040b6e093ec26df6d747f56831085b28bb735
[2026-08-02 15:35:42] [PRE-PUSH] HEAD SHA: 402040b6e093ec26df6d747f56831085b28bb735
========================================
[2026-08-02 15:35:43] [PUSH-EVENT] Push detected.
[2026-08-02 15:35:43] [PRE-PUSH] HEAD SHA: 402040b6e093ec26df6d747f56831085b28bb735
========================================
[2026-08-02 15:35:44] [PUSH-EVENT] Push detected.
[2026-08-02 15:35:44] [PRE-PUSH] HEAD SHA: 402040b6e093ec26df6d747f56831085b28bb735
[2026-08-02 15:35:45] [BACKUP-START] Mirroring to backup remote...
[2026-08-02 15:35:46] [BACKUP-START] Mirroring to backup remote...
[2026-08-02 15:35:47] [BACKUP-START] Mirroring to backup remote...
========================================
[2026-08-02 15:35:47] [PUSH-EVENT] Push detected.
[2026-08-02 15:35:47] [PRE-PUSH] HEAD SHA: 402040b6e093ec26df6d747f56831085b28bb735
[2026-08-02 15:35:48] [BACKUP-START] Mirroring to backup remote...
[2026-08-02 15:35:48] [BACKUP-START] Mirroring to backup remote...
[2026-08-02 15:35:49] [BACKUP-START] Mirroring to backup remote...
========================================
[2026-08-02 15:35:49] [PUSH-EVENT] Push detected.
========================================
[2026-08-02 15:35:49] [PUSH-EVENT] Push detected.
[2026-08-02 15:35:49] [PRE-PUSH] HEAD SHA: 402040b6e093ec26df6d747f56831085b28bb735
[2026-08-02 15:35:50] [BACKUP-START] Mirroring to backup remote...
[2026-08-02 15:35:49] [PRE-PUSH] HEAD SHA: 402040b6e093ec26df6d747f56831085b28bb735
========================================
[2026-08-02 15:35:51] [PUSH-EVENT] Push detected.
========================================
[2026-08-02 15:35:51] [PUSH-EVENT] Push detected.
[2026-08-02 15:35:51] [PRE-PUSH] HEAD SHA: 402040b6e093ec26df6d747f56831085b28bb735
[2026-08-02 15:35:51] [PRE-PUSH] HEAD SHA: 402040b6e093ec26df6d747f56831085b28bb735
[2026-08-02 15:35:53] [BACKUP-START] Mirroring to backup remote...
[2026-08-02 15:35:56] [BACKUP-START] Mirroring to backup remote...
[2026-08-02 15:35:56] [BACKUP-START] Mirroring to backup remote...
[2026-08-02 15:35:57] [BACKUP-START] Mirroring to backup remote...
[2026-08-02 15:35:58] [BACKUP-START] Mirroring to backup remote...
========================================
[2026-08-02 15:35:58] [PUSH-EVENT] Push detected.
========================================
[2026-08-02 15:35:59] [PUSH-EVENT] Push detected.
[2026-08-02 15:35:58] [PRE-PUSH] HEAD SHA: 402040b6e093ec26df6d747f56831085b28bb735
========================================
[2026-08-02 15:35:59] [PUSH-EVENT] Push detected.
========================================
[2026-08-02 15:35:59] [PUSH-EVENT] Push detected.
[2026-08-02 15:35:59] [PRE-PUSH] HEAD SHA: 402040b6e093ec26df6d747f56831085b28bb735
========================================
[2026-08-02 15:36:00] [PUSH-EVENT] Push detected.
========================================
[2026-08-02 15:36:00] [PUSH-EVENT] Push detected.
[2026-08-02 15:35:59] [PRE-PUSH] HEAD SHA: 402040b6e093ec26df6d747f56831085b28bb735
[2026-08-02 15:36:00] [PRE-PUSH] HEAD SHA: 402040b6e093ec26df6d747f56831085b28bb735
[2026-08-02 15:35:59] [PRE-PUSH] HEAD SHA: 402040b6e093ec26df6d747f56831085b28bb735
[2026-08-02 15:36:00] [PRE-PUSH] HEAD SHA: 402040b6e093ec26df6d747f56831085b28bb735
========================================
[2026-08-02 15:36:01] [PUSH-EVENT] Push detected.
[2026-08-02 15:36:01] [PRE-PUSH] HEAD SHA: 402040b6e093ec26df6d747f56831085b28bb735
[2026-08-02 15:36:05] [BACKUP-START] Mirroring to backup remote...
[2026-08-02 15:36:06] [BACKUP-START] Mirroring to backup remote...
[2026-08-02 15:36:06] [BACKUP-START] Mirroring to backup remote...
[2026-08-02 15:36:07] [BACKUP-START] Mirroring to backup remote...
[2026-08-02 15:36:07] [BACKUP-START] Mirroring to backup remote...
[2026-08-02 15:36:07] [BACKUP-START] Mirroring to backup remote...
[2026-08-02 15:36:07] [BACKUP-START] Mirroring to backup remote...
========================================
[2026-08-02 15:36:08] [PUSH-EVENT] Push detected.
========================================
[2026-08-02 15:36:09] [PUSH-EVENT] Push detected.
========================================
[2026-08-02 15:36:09] [PUSH-EVENT] Push detected.
[2026-08-02 15:36:08] [PRE-PUSH] HEAD SHA: 402040b6e093ec26df6d747f56831085b28bb735
[2026-08-02 15:36:09] [PRE-PUSH] HEAD SHA: 402040b6e093ec26df6d747f56831085b28bb735
[2026-08-02 15:36:09] [PRE-PUSH] HEAD SHA: 402040b6e093ec26df6d747f56831085b28bb735
========================================
[2026-08-02 15:36:10] [PUSH-EVENT] Push detected.
========================================
[2026-08-02 15:36:11] [PUSH-EVENT] Push detected.
[2026-08-02 15:36:10] [PRE-PUSH] HEAD SHA: 402040b6e093ec26df6d747f56831085b28bb735
========================================
[2026-08-02 15:36:11] [PUSH-EVENT] Push detected.
========================================
[2026-08-02 15:36:11] [PUSH-EVENT] Push detected.
[2026-08-02 15:36:11] [PRE-PUSH] HEAD SHA: 402040b6e093ec26df6d747f56831085b28bb735
[2026-08-02 15:36:11] [PRE-PUSH] HEAD SHA: 402040b6e093ec26df6d747f56831085b28bb735
[2026-08-02 15:36:11] [PRE-PUSH] HEAD SHA: 402040b6e093ec26df6d747f56831085b28bb735
[2026-08-02 15:36:15] [BACKUP-START] Mirroring to backup remote...
[2026-08-02 15:36:16] [BACKUP-START] Mirroring to backup remote...
[2026-08-02 15:36:16] [BACKUP-START] Mirroring to backup remote...
[2026-08-02 15:36:17] [BACKUP-START] Mirroring to backup remote...
[2026-08-02 15:36:17] [BACKUP-START] Mirroring to backup remote...
[2026-08-02 15:36:17] [BACKUP-START] Mirroring to backup remote...
[2026-08-02 15:36:17] [BACKUP-START] Mirroring to backup remote...
========================================
[2026-08-02 15:36:18] [PUSH-EVENT] Push detected.
========================================
[2026-08-02 15:36:18] [PUSH-EVENT] Push detected.
[2026-08-02 15:36:18] [PRE-PUSH] HEAD SHA: 402040b6e093ec26df6d747f56831085b28bb735
[2026-08-02 15:36:18] [PRE-PUSH] HEAD SHA: 402040b6e093ec26df6d747f56831085b28bb735
========================================
[2026-08-02 15:36:24] [PUSH-EVENT] Push detected.
[2026-08-02 15:36:24] [PRE-PUSH] HEAD SHA: 402040b6e093ec26df6d747f56831085b28bb735
[2026-08-02 15:36:24] [BACKUP-START] Mirroring to backup remote...
[2026-08-02 15:36:24] [BACKUP-START] Mirroring to backup remote...
========================================
[2026-08-02 15:36:25] [PUSH-EVENT] Push detected.
========================================
[2026-08-02 15:36:25] [PUSH-EVENT] Push detected.
========================================
[2026-08-02 15:36:25] [PUSH-EVENT] Push detected.
[2026-08-02 15:36:25] [PRE-PUSH] HEAD SHA: 402040b6e093ec26df6d747f56831085b28bb735
========================================
[2026-08-02 15:36:26] [PUSH-EVENT] Push detected.
[2026-08-02 15:36:25] [PRE-PUSH] HEAD SHA: 402040b6e093ec26df6d747f56831085b28bb735
[2026-08-02 15:36:25] [PRE-PUSH] HEAD SHA: 402040b6e093ec26df6d747f56831085b28bb735
[2026-08-02 15:36:26] [PRE-PUSH] HEAD SHA: 402040b6e093ec26df6d747f56831085b28bb735
========================================
[2026-08-02 15:36:27] [PUSH-EVENT] Push detected.
========================================
[2026-08-02 15:36:28] [PUSH-EVENT] Push detected.
[2026-08-02 15:36:27] [PRE-PUSH] HEAD SHA: 402040b6e093ec26df6d747f56831085b28bb735
[2026-08-02 15:36:28] [PRE-PUSH] HEAD SHA: 402040b6e093ec26df6d747f56831085b28bb735
[2026-08-02 15:36:30] [BACKUP-START] Mirroring to backup remote...
[2026-08-02 15:36:32] [BACKUP-START] Mirroring to backup remote...
========================================
[2026-08-02 15:36:32] [PUSH-EVENT] Push detected.
[2026-08-02 15:36:32] [BACKUP-START] Mirroring to backup remote...
[2026-08-02 15:36:33] [BACKUP-START] Mirroring to backup remote...
[2026-08-02 15:36:33] [BACKUP-START] Mirroring to backup remote...
[2026-08-02 15:36:32] [PRE-PUSH] HEAD SHA: 402040b6e093ec26df6d747f56831085b28bb735
[2026-08-02 15:36:34] [BACKUP-START] Mirroring to backup remote...
[2026-08-02 15:36:34] [BACKUP-START] Mirroring to backup remote...
========================================
[2026-08-02 15:36:35] [PUSH-EVENT] Push detected.
[2026-08-02 15:36:35] [PRE-PUSH] HEAD SHA: 402040b6e093ec26df6d747f56831085b28bb735
========================================
[2026-08-02 15:36:36] [PUSH-EVENT] Push detected.
========================================
[2026-08-02 15:36:36] [PUSH-EVENT] Push detected.
========================================
[2026-08-02 15:36:36] [PUSH-EVENT] Push detected.
[2026-08-02 15:36:36] [PRE-PUSH] HEAD SHA: 402040b6e093ec26df6d747f56831085b28bb735
========================================
[2026-08-02 15:36:37] [PUSH-EVENT] Push detected.
[2026-08-02 15:36:36] [PRE-PUSH] HEAD SHA: 402040b6e093ec26df6d747f56831085b28bb735
[2026-08-02 15:36:36] [PRE-PUSH] HEAD SHA: 402040b6e093ec26df6d747f56831085b28bb735
[2026-08-02 15:36:37] [PRE-PUSH] HEAD SHA: 402040b6e093ec26df6d747f56831085b28bb735
========================================
[2026-08-02 15:36:38] [PUSH-EVENT] Push detected.
[2026-08-02 15:36:39] [BACKUP-START] Mirroring to backup remote...
[2026-08-02 15:36:38] [PRE-PUSH] HEAD SHA: 402040b6e093ec26df6d747f56831085b28bb735
[2026-08-02 15:36:41] [BACKUP-START] Mirroring to backup remote...
========================================
[2026-08-02 15:36:41] [PUSH-EVENT] Push detected.
[2026-08-02 15:36:41] [PRE-PUSH] HEAD SHA: 402040b6e093ec26df6d747f56831085b28bb735
[2026-08-02 15:36:43] [BACKUP-START] Mirroring to backup remote...
[2026-08-02 15:36:43] [BACKUP-START] Mirroring to backup remote...
[2026-08-02 15:36:43] [BACKUP-START] Mirroring to backup remote...
[2026-08-02 15:36:44] [BACKUP-START] Mirroring to backup remote...
========================================
[2026-08-02 15:36:44] [PUSH-EVENT] Push detected.
[2026-08-02 15:36:44] [BACKUP-START] Mirroring to backup remote...
[2026-08-02 15:36:44] [PRE-PUSH] HEAD SHA: 402040b6e093ec26df6d747f56831085b28bb735
[2026-08-02 15:36:47] [BACKUP-START] Mirroring to backup remote...
[2026-08-02 15:36:51] [BACKUP-START] Mirroring to backup remote...
========================================
[2026-08-02 15:36:51] [PUSH-EVENT] Push detected.
[2026-08-02 15:36:51] [PRE-PUSH] HEAD SHA: 402040b6e093ec26df6d747f56831085b28bb735
========================================
[2026-08-02 15:36:51] [PUSH-EVENT] Push detected.
========================================
[2026-08-02 15:36:51] [PUSH-EVENT] Push detected.
========================================
[2026-08-02 15:36:52] [PUSH-EVENT] Push detected.
========================================
[2026-08-02 15:36:52] [PUSH-EVENT] Push detected.
[2026-08-02 15:36:51] [PRE-PUSH] HEAD SHA: 402040b6e093ec26df6d747f56831085b28bb735
[2026-08-02 15:36:51] [PRE-PUSH] HEAD SHA: 402040b6e093ec26df6d747f56831085b28bb735
[2026-08-02 15:36:52] [PRE-PUSH] HEAD SHA: 402040b6e093ec26df6d747f56831085b28bb735
[2026-08-02 15:36:52] [PRE-PUSH] HEAD SHA: 402040b6e093ec26df6d747f56831085b28bb735
========================================
[2026-08-02 15:36:53] [PUSH-EVENT] Push detected.
========================================
[2026-08-02 15:36:54] [PUSH-EVENT] Push detected.
[2026-08-02 15:36:53] [PRE-PUSH] HEAD SHA: 402040b6e093ec26df6d747f56831085b28bb735
[2026-08-02 15:36:54] [PRE-PUSH] HEAD SHA: 402040b6e093ec26df6d747f56831085b28bb735
[2026-08-02 15:36:58] [BACKUP-START] Mirroring to backup remote...
[2026-08-02 15:36:59] [BACKUP-START] Mirroring to backup remote...
[2026-08-02 15:36:59] [BACKUP-START] Mirroring to backup remote...
[2026-08-02 15:36:59] [BACKUP-START] Mirroring to backup remote...
[2026-08-02 15:36:59] [BACKUP-START] Mirroring to backup remote...
[2026-08-02 15:37:00] [BACKUP-START] Mirroring to backup remote...
[2026-08-02 15:37:00] [BACKUP-START] Mirroring to backup remote...
========================================
[2026-08-02 15:37:01] [PUSH-EVENT] Push detected.
[2026-08-02 15:37:01] [PRE-PUSH] HEAD SHA: 402040b6e093ec26df6d747f56831085b28bb735
========================================
========================================
========================================
[2026-08-02 15:37:02] [PUSH-EVENT] Push detected.
[2026-08-02 15:37:02] [PUSH-EVENT] Push detected.
[2026-08-02 15:37:02] [PUSH-EVENT] Push detected.
[2026-08-02 15:37:02] [PRE-PUSH] HEAD SHA: 402040b6e093ec26df6d747f56831085b28bb735
========================================
[2026-08-02 15:37:03] [PUSH-EVENT] Push detected.
[2026-08-02 15:37:02] [PRE-PUSH] HEAD SHA: 402040b6e093ec26df6d747f56831085b28bb735
[2026-08-02 15:37:02] [PRE-PUSH] HEAD SHA: 402040b6e093ec26df6d747f56831085b28bb735
[2026-08-02 15:37:03] [PRE-PUSH] HEAD SHA: 402040b6e093ec26df6d747f56831085b28bb735
========================================
[2026-08-02 15:37:04] [PUSH-EVENT] Push detected.
[2026-08-02 15:37:04] [PRE-PUSH] HEAD SHA: 402040b6e093ec26df6d747f56831085b28bb735
[2026-08-02 15:37:08] [BACKUP-START] Mirroring to backup remote...
========================================
[2026-08-02 15:37:08] [PUSH-EVENT] Push detected.
[2026-08-02 15:37:08] [PRE-PUSH] HEAD SHA: 402040b6e093ec26df6d747f56831085b28bb735
[2026-08-02 15:37:09] [BACKUP-START] Mirroring to backup remote...
[2026-08-02 15:37:09] [BACKUP-START] Mirroring to backup remote...
[2026-08-02 15:37:09] [BACKUP-START] Mirroring to backup remote...
[2026-08-02 15:37:11] [BACKUP-START] Mirroring to backup remote...
[2026-08-02 15:37:11] [BACKUP-START] Mirroring to backup remote...
========================================
[2026-08-02 15:37:13] [PUSH-EVENT] Push detected.
========================================
[2026-08-02 15:37:13] [PUSH-EVENT] Push detected.
========================================
[2026-08-02 15:37:13] [PUSH-EVENT] Push detected.
[2026-08-02 15:37:13] [PRE-PUSH] HEAD SHA: 402040b6e093ec26df6d747f56831085b28bb735
========================================
[2026-08-02 15:37:14] [PUSH-EVENT] Push detected.
[2026-08-02 15:37:13] [PRE-PUSH] HEAD SHA: 402040b6e093ec26df6d747f56831085b28bb735
[2026-08-02 15:37:13] [PRE-PUSH] HEAD SHA: 402040b6e093ec26df6d747f56831085b28bb735
[2026-08-02 15:37:15] [BACKUP-START] Mirroring to backup remote...
[2026-08-02 15:37:14] [PRE-PUSH] HEAD SHA: 402040b6e093ec26df6d747f56831085b28bb735
========================================
[2026-08-02 15:37:15] [PUSH-EVENT] Push detected.
[2026-08-02 15:37:15] [PRE-PUSH] HEAD SHA: 402040b6e093ec26df6d747f56831085b28bb735
========================================
[2026-08-02 15:37:16] [PUSH-EVENT] Push detected.
[2026-08-02 15:37:16] [PRE-PUSH] HEAD SHA: 402040b6e093ec26df6d747f56831085b28bb735
========================================
[2026-08-02 15:37:19] [PUSH-EVENT] Push detected.
[2026-08-02 15:37:19] [PRE-PUSH] HEAD SHA: 402040b6e093ec26df6d747f56831085b28bb735
[2026-08-02 15:37:20] [BACKUP-START] Mirroring to backup remote...
[2026-08-02 15:37:20] [BACKUP-START] Mirroring to backup remote...
[2026-08-02 15:37:21] [BACKUP-START] Mirroring to backup remote...
[2026-08-02 15:37:21] [BACKUP-START] Mirroring to backup remote...
[2026-08-02 15:37:21] [BACKUP-START] Mirroring to backup remote...
========================================
[2026-08-02 15:37:24] [PUSH-EVENT] Push detected.
[2026-08-02 15:37:24] [BACKUP-START] Mirroring to backup remote...
========================================
[2026-08-02 15:37:24] [PUSH-EVENT] Push detected.
========================================
[2026-08-02 15:37:25] [PUSH-EVENT] Push detected.
[2026-08-02 15:37:24] [PRE-PUSH] HEAD SHA: 402040b6e093ec26df6d747f56831085b28bb735
[2026-08-02 15:37:24] [PRE-PUSH] HEAD SHA: 402040b6e093ec26df6d747f56831085b28bb735
[2026-08-02 15:37:25] [PRE-PUSH] HEAD SHA: 402040b6e093ec26df6d747f56831085b28bb735
[2026-08-02 15:37:26] [BACKUP-START] Mirroring to backup remote...
========================================
[2026-08-02 15:37:29] [PUSH-EVENT] Push detected.
========================================
[2026-08-02 15:37:29] [PUSH-EVENT] Push detected.
[2026-08-02 15:37:29] [PRE-PUSH] HEAD SHA: 402040b6e093ec26df6d747f56831085b28bb735
[2026-08-02 15:37:29] [PRE-PUSH] HEAD SHA: 402040b6e093ec26df6d747f56831085b28bb735
[2026-08-02 15:37:31] [BACKUP-START] Mirroring to backup remote...
[2026-08-02 15:37:31] [BACKUP-START] Mirroring to backup remote...
[2026-08-02 15:37:31] [BACKUP-START] Mirroring to backup remote...
========================================
[2026-08-02 15:37:31] [PUSH-EVENT] Push detected.
========================================
[2026-08-02 15:37:32] [PUSH-EVENT] Push detected.
[2026-08-02 15:37:32] [PRE-PUSH] HEAD SHA: 402040b6e093ec26df6d747f56831085b28bb735
[2026-08-02 15:37:31] [PRE-PUSH] HEAD SHA: 402040b6e093ec26df6d747f56831085b28bb735
========================================
[2026-08-02 15:37:35] [PUSH-EVENT] Push detected.
========================================
[2026-08-02 15:37:35] [PUSH-EVENT] Push detected.
========================================
[2026-08-02 15:37:35] [PUSH-EVENT] Push detected.
[2026-08-02 15:37:35] [PRE-PUSH] HEAD SHA: 402040b6e093ec26df6d747f56831085b28bb735
[2026-08-02 15:37:35] [PRE-PUSH] HEAD SHA: 402040b6e093ec26df6d747f56831085b28bb735
[2026-08-02 15:37:36] [BACKUP-START] Mirroring to backup remote...
[2026-08-02 15:37:35] [PRE-PUSH] HEAD SHA: 402040b6e093ec26df6d747f56831085b28bb735
[2026-08-02 15:37:37] [BACKUP-START] Mirroring to backup remote...
[2026-08-02 15:37:39] [BACKUP-START] Mirroring to backup remote...
[2026-08-02 15:37:39] [BACKUP-START] Mirroring to backup remote...
========================================
[2026-08-02 15:37:40] [PUSH-EVENT] Push detected.
[2026-08-02 15:37:40] [PRE-PUSH] HEAD SHA: 402040b6e093ec26df6d747f56831085b28bb735
========================================
[2026-08-02 15:37:41] [PUSH-EVENT] Push detected.
[2026-08-02 15:37:41] [BACKUP-START] Mirroring to backup remote...
[2026-08-02 15:37:41] [BACKUP-START] Mirroring to backup remote...
[2026-08-02 15:37:42] [BACKUP-START] Mirroring to backup remote...
[2026-08-02 15:37:41] [PRE-PUSH] HEAD SHA: 402040b6e093ec26df6d747f56831085b28bb735
========================================
[2026-08-02 15:37:42] [PUSH-EVENT] Push detected.
========================================
[2026-08-02 15:37:43] [PUSH-EVENT] Push detected.
[2026-08-02 15:37:42] [PRE-PUSH] HEAD SHA: 402040b6e093ec26df6d747f56831085b28bb735
[2026-08-02 15:37:43] [PRE-PUSH] HEAD SHA: 402040b6e093ec26df6d747f56831085b28bb735
========================================
[2026-08-02 15:37:44] [PUSH-EVENT] Push detected.
[2026-08-02 15:37:44] [PRE-PUSH] HEAD SHA: 402040b6e093ec26df6d747f56831085b28bb735
========================================
[2026-08-02 15:37:45] [PUSH-EVENT] Push detected.
[2026-08-02 15:37:45] [PRE-PUSH] HEAD SHA: 402040b6e093ec26df6d747f56831085b28bb735
[2026-08-02 15:37:46] [BACKUP-START] Mirroring to backup remote...
[2026-08-02 15:37:47] [BACKUP-START] Mirroring to backup remote...
[2026-08-02 15:37:49] [BACKUP-START] Mirroring to backup remote...
[2026-08-02 15:37:49] [BACKUP-START] Mirroring to backup remote...
========================================
[2026-08-02 15:37:49] [PUSH-EVENT] Push detected.
========================================
[2026-08-02 15:37:50] [PUSH-EVENT] Push detected.
[2026-08-02 15:37:49] [PRE-PUSH] HEAD SHA: 402040b6e093ec26df6d747f56831085b28bb735
[2026-08-02 15:37:51] [BACKUP-START] Mirroring to backup remote...
[2026-08-02 15:37:50] [PRE-PUSH] HEAD SHA: 402040b6e093ec26df6d747f56831085b28bb735
[2026-08-02 15:37:51] [BACKUP-START] Mirroring to backup remote...
========================================
[2026-08-02 15:37:51] [PUSH-EVENT] Push detected.
[2026-08-02 15:37:51] [PRE-PUSH] HEAD SHA: 402040b6e093ec26df6d747f56831085b28bb735
========================================
========================================
[2026-08-02 15:37:53] [PUSH-EVENT] Push detected.
[2026-08-02 15:37:53] [PUSH-EVENT] Push detected.
========================================
[2026-08-02 15:37:54] [PUSH-EVENT] Push detected.
[2026-08-02 15:37:53] [PRE-PUSH] HEAD SHA: 402040b6e093ec26df6d747f56831085b28bb735
[2026-08-02 15:37:53] [PRE-PUSH] HEAD SHA: 402040b6e093ec26df6d747f56831085b28bb735
========================================
[2026-08-02 15:37:55] [PUSH-EVENT] Push detected.
[2026-08-02 15:37:54] [PRE-PUSH] HEAD SHA: 402040b6e093ec26df6d747f56831085b28bb735
[2026-08-02 15:37:55] [PRE-PUSH] HEAD SHA: 402040b6e093ec26df6d747f56831085b28bb735
[2026-08-02 15:37:57] [BACKUP-START] Mirroring to backup remote...
[2026-08-02 15:37:57] [BACKUP-START] Mirroring to backup remote...
[2026-08-02 15:37:59] [BACKUP-START] Mirroring to backup remote...
========================================
[2026-08-02 15:37:59] [PUSH-EVENT] Push detected.
[2026-08-02 15:37:59] [PRE-PUSH] HEAD SHA: 402040b6e093ec26df6d747f56831085b28bb735
[2026-08-02 15:38:01] [BACKUP-START] Mirroring to backup remote...
[2026-08-02 15:38:01] [BACKUP-START] Mirroring to backup remote...
[2026-08-02 15:38:01] [BACKUP-START] Mirroring to backup remote...
[2026-08-02 15:38:01] [BACKUP-START] Mirroring to backup remote...
========================================
[2026-08-02 15:38:03] [PUSH-EVENT] Push detected.
[2026-08-02 15:38:03] [PRE-PUSH] HEAD SHA: 402040b6e093ec26df6d747f56831085b28bb735
========================================
[2026-08-02 15:38:05] [PUSH-EVENT] Push detected.
========================================
[2026-08-02 15:38:05] [PUSH-EVENT] Push detected.
========================================
[2026-08-02 15:38:05] [PUSH-EVENT] Push detected.
========================================
[2026-08-02 15:38:05] [PUSH-EVENT] Push detected.
[2026-08-02 15:38:05] [PRE-PUSH] HEAD SHA: 402040b6e093ec26df6d747f56831085b28bb735
[2026-08-02 15:38:06] [BACKUP-START] Mirroring to backup remote...
[2026-08-02 15:38:05] [PRE-PUSH] HEAD SHA: 402040b6e093ec26df6d747f56831085b28bb735
[2026-08-02 15:38:05] [PRE-PUSH] HEAD SHA: 402040b6e093ec26df6d747f56831085b28bb735
[2026-08-02 15:38:05] [PRE-PUSH] HEAD SHA: 402040b6e093ec26df6d747f56831085b28bb735
[2026-08-02 15:38:09] [BACKUP-START] Mirroring to backup remote...
========================================
[2026-08-02 15:38:09] [PUSH-EVENT] Push detected.
[2026-08-02 15:38:09] [PRE-PUSH] HEAD SHA: 402040b6e093ec26df6d747f56831085b28bb735
========================================
[2026-08-02 15:38:11] [PUSH-EVENT] Push detected.
[2026-08-02 15:38:11] [PRE-PUSH] HEAD SHA: 402040b6e093ec26df6d747f56831085b28bb735
========================================
[2026-08-02 15:38:12] [PUSH-EVENT] Push detected.
[2026-08-02 15:38:12] [PRE-PUSH] HEAD SHA: 402040b6e093ec26df6d747f56831085b28bb735
[2026-08-02 15:38:13] [BACKUP-START] Mirroring to backup remote...
[2026-08-02 15:38:13] [BACKUP-START] Mirroring to backup remote...
[2026-08-02 15:38:13] [BACKUP-START] Mirroring to backup remote...
[2026-08-02 15:38:13] [BACKUP-START] Mirroring to backup remote...
[2026-08-02 15:38:16] [BACKUP-START] Mirroring to backup remote...
[2026-08-02 15:38:17] [BACKUP-START] Mirroring to backup remote...
[2026-08-02 15:38:19] [BACKUP-START] Mirroring to backup remote...
========================================
[2026-08-02 15:38:20] [PUSH-EVENT] Push detected.
========================================
[2026-08-02 15:38:20] [PUSH-EVENT] Push detected.
========================================
[2026-08-02 15:38:20] [PUSH-EVENT] Push detected.
[2026-08-02 15:38:20] [PRE-PUSH] HEAD SHA: 402040b6e093ec26df6d747f56831085b28bb735
[2026-08-02 15:38:20] [PRE-PUSH] HEAD SHA: 402040b6e093ec26df6d747f56831085b28bb735
[2026-08-02 15:38:20] [PRE-PUSH] HEAD SHA: 402040b6e093ec26df6d747f56831085b28bb735
========================================
[2026-08-02 15:38:23] [PUSH-EVENT] Push detected.
========================================
[2026-08-02 15:38:24] [PUSH-EVENT] Push detected.
========================================
[2026-08-02 15:38:24] [PUSH-EVENT] Push detected.
[2026-08-02 15:38:23] [PRE-PUSH] HEAD SHA: 402040b6e093ec26df6d747f56831085b28bb735
[2026-08-02 15:38:24] [PRE-PUSH] HEAD SHA: 402040b6e093ec26df6d747f56831085b28bb735
[2026-08-02 15:38:24] [PRE-PUSH] HEAD SHA: 402040b6e093ec26df6d747f56831085b28bb735
========================================
[2026-08-02 15:38:25] [PUSH-EVENT] Push detected.
[2026-08-02 15:38:25] [PRE-PUSH] HEAD SHA: 402040b6e093ec26df6d747f56831085b28bb735
[2026-08-02 15:38:29] [BACKUP-START] Mirroring to backup remote...
[2026-08-02 15:38:29] [BACKUP-START] Mirroring to backup remote...
[2026-08-02 15:38:29] [BACKUP-START] Mirroring to backup remote...
[2026-08-02 15:38:31] [BACKUP-START] Mirroring to backup remote...
[2026-08-02 15:38:31] [BACKUP-START] Mirroring to backup remote...
[2026-08-02 15:38:31] [BACKUP-START] Mirroring to backup remote...
========================================
[2026-08-02 15:38:32] [PUSH-EVENT] Push detected.
========================================
[2026-08-02 15:38:32] [PUSH-EVENT] Push detected.
[2026-08-02 15:38:32] [BACKUP-START] Mirroring to backup remote...
========================================
[2026-08-02 15:38:32] [PUSH-EVENT] Push detected.
[2026-08-02 15:38:32] [PRE-PUSH] HEAD SHA: 402040b6e093ec26df6d747f56831085b28bb735
[2026-08-02 15:38:32] [PRE-PUSH] HEAD SHA: 402040b6e093ec26df6d747f56831085b28bb735
[2026-08-02 15:38:32] [PRE-PUSH] HEAD SHA: 402040b6e093ec26df6d747f56831085b28bb735
========================================
[2026-08-02 15:38:34] [PUSH-EVENT] Push detected.
[2026-08-02 15:38:34] [PRE-PUSH] HEAD SHA: 402040b6e093ec26df6d747f56831085b28bb735
[2026-08-02 15:38:39] [BACKUP-START] Mirroring to backup remote...
[2026-08-02 15:38:39] [BACKUP-START] Mirroring to backup remote...
[2026-08-02 15:38:39] [BACKUP-START] Mirroring to backup remote...
========================================
[2026-08-02 15:38:39] [PUSH-EVENT] Push detected.
========================================
[2026-08-02 15:38:40] [PUSH-EVENT] Push detected.
[2026-08-02 15:38:39] [PRE-PUSH] HEAD SHA: 402040b6e093ec26df6d747f56831085b28bb735
[2026-08-02 15:38:41] [BACKUP-START] Mirroring to backup remote...
========================================
[2026-08-02 15:38:40] [PUSH-EVENT] Push detected.
[2026-08-02 15:38:40] [PRE-PUSH] HEAD SHA: 402040b6e093ec26df6d747f56831085b28bb735
[2026-08-02 15:38:40] [PRE-PUSH] HEAD SHA: 402040b6e093ec26df6d747f56831085b28bb735
========================================
[2026-08-02 15:38:42] [PUSH-EVENT] Push detected.
========================================
[2026-08-02 15:38:43] [PUSH-EVENT] Push detected.
========================================
[2026-08-02 15:38:43] [PUSH-EVENT] Push detected.
[2026-08-02 15:38:42] [PRE-PUSH] HEAD SHA: 402040b6e093ec26df6d747f56831085b28bb735
[2026-08-02 15:38:43] [PRE-PUSH] HEAD SHA: 402040b6e093ec26df6d747f56831085b28bb735
[2026-08-02 15:38:43] [PRE-PUSH] HEAD SHA: 402040b6e093ec26df6d747f56831085b28bb735
========================================
[2026-08-02 15:38:44] [PUSH-EVENT] Push detected.
[2026-08-02 15:38:44] [PRE-PUSH] HEAD SHA: 402040b6e093ec26df6d747f56831085b28bb735
[2026-08-02 15:38:47] [BACKUP-START] Mirroring to backup remote...
[2026-08-02 15:38:47] [BACKUP-START] Mirroring to backup remote...
[2026-08-02 15:38:47] [BACKUP-START] Mirroring to backup remote...
[2026-08-02 15:38:49] [BACKUP-START] Mirroring to backup remote...
[2026-08-02 15:38:49] [BACKUP-START] Mirroring to backup remote...
[2026-08-02 15:38:50] [BACKUP-START] Mirroring to backup remote...
========================================
[2026-08-02 15:38:49] [PUSH-EVENT] Push detected.
========================================
[2026-08-02 15:38:50] [PUSH-EVENT] Push detected.
========================================
[2026-08-02 15:38:50] [PUSH-EVENT] Push detected.
[2026-08-02 15:38:49] [PRE-PUSH] HEAD SHA: 402040b6e093ec26df6d747f56831085b28bb735
[2026-08-02 15:38:51] [BACKUP-START] Mirroring to backup remote...
[2026-08-02 15:38:50] [PRE-PUSH] HEAD SHA: 402040b6e093ec26df6d747f56831085b28bb735
[2026-08-02 15:38:50] [PRE-PUSH] HEAD SHA: 402040b6e093ec26df6d747f56831085b28bb735
========================================
[2026-08-02 15:38:52] [PUSH-EVENT] Push detected.
========================================
[2026-08-02 15:38:53] [PUSH-EVENT] Push detected.
[2026-08-02 15:38:52] [PRE-PUSH] HEAD SHA: 402040b6e093ec26df6d747f56831085b28bb735
[2026-08-02 15:38:53] [PRE-PUSH] HEAD SHA: 402040b6e093ec26df6d747f56831085b28bb735
========================================
[2026-08-02 15:38:54] [PUSH-EVENT] Push detected.
[2026-08-02 15:38:54] [PRE-PUSH] HEAD SHA: 402040b6e093ec26df6d747f56831085b28bb735
[2026-08-02 15:38:56] [BACKUP-START] Mirroring to backup remote...
[2026-08-02 15:38:57] [BACKUP-START] Mirroring to backup remote...
[2026-08-02 15:38:57] [BACKUP-START] Mirroring to backup remote...
========================================
[2026-08-02 15:38:58] [PUSH-EVENT] Push detected.
[2026-08-02 15:38:59] [BACKUP-START] Mirroring to backup remote...
[2026-08-02 15:38:58] [PRE-PUSH] HEAD SHA: 402040b6e093ec26df6d747f56831085b28bb735
[2026-08-02 15:38:59] [BACKUP-START] Mirroring to backup remote...
========================================
[2026-08-02 15:38:59] [PUSH-EVENT] Push detected.
========================================
[2026-08-02 15:38:59] [PUSH-EVENT] Push detected.
[2026-08-02 15:38:59] [PRE-PUSH] HEAD SHA: 402040b6e093ec26df6d747f56831085b28bb735
========================================
[2026-08-02 15:39:00] [PUSH-EVENT] Push detected.
[2026-08-02 15:39:01] [BACKUP-START] Mirroring to backup remote...
[2026-08-02 15:38:59] [PRE-PUSH] HEAD SHA: 402040b6e093ec26df6d747f56831085b28bb735
[2026-08-02 15:39:00] [PRE-PUSH] HEAD SHA: 402040b6e093ec26df6d747f56831085b28bb735
========================================
[2026-08-02 15:39:02] [PUSH-EVENT] Push detected.
========================================
[2026-08-02 15:39:02] [PUSH-EVENT] Push detected.
[2026-08-02 15:39:02] [PRE-PUSH] HEAD SHA: 402040b6e093ec26df6d747f56831085b28bb735
[2026-08-02 15:39:02] [PRE-PUSH] HEAD SHA: 402040b6e093ec26df6d747f56831085b28bb735
========================================
[2026-08-02 15:39:03] [PUSH-EVENT] Push detected.
[2026-08-02 15:39:03] [PRE-PUSH] HEAD SHA: 402040b6e093ec26df6d747f56831085b28bb735
[2026-08-02 15:39:04] [BACKUP-START] Mirroring to backup remote...
[2026-08-02 15:39:06] [BACKUP-START] Mirroring to backup remote...
[2026-08-02 15:39:06] [BACKUP-START] Mirroring to backup remote...
[2026-08-02 15:39:07] [BACKUP-START] Mirroring to backup remote...
========================================
[2026-08-02 15:39:07] [PUSH-EVENT] Push detected.
[2026-08-02 15:39:07] [PRE-PUSH] HEAD SHA: 402040b6e093ec26df6d747f56831085b28bb735
[2026-08-02 15:39:09] [BACKUP-START] Mirroring to backup remote...
[2026-08-02 15:39:09] [BACKUP-START] Mirroring to backup remote...
[2026-08-02 15:39:10] [BACKUP-START] Mirroring to backup remote...
========================================
[2026-08-02 15:39:10] [PUSH-EVENT] Push detected.
========================================
[2026-08-02 15:39:10] [PUSH-EVENT] Push detected.
========================================
[2026-08-02 15:39:10] [PUSH-EVENT] Push detected.
[2026-08-02 15:39:10] [PRE-PUSH] HEAD SHA: 402040b6e093ec26df6d747f56831085b28bb735
[2026-08-02 15:39:10] [PRE-PUSH] HEAD SHA: 402040b6e093ec26df6d747f56831085b28bb735
[2026-08-02 15:39:10] [PRE-PUSH] HEAD SHA: 402040b6e093ec26df6d747f56831085b28bb735
[2026-08-02 15:39:14] [BACKUP-START] Mirroring to backup remote...
[2026-08-02 15:39:17] [BACKUP-START] Mirroring to backup remote...
[2026-08-02 15:39:17] [BACKUP-START] Mirroring to backup remote...
[2026-08-02 15:39:17] [BACKUP-START] Mirroring to backup remote...
========================================
[2026-08-02 15:39:17] [PUSH-EVENT] Push detected.
========================================
[2026-08-02 15:39:17] [PUSH-EVENT] Push detected.
========================================
[2026-08-02 15:39:18] [PUSH-EVENT] Push detected.
========================================
[2026-08-02 15:39:18] [PUSH-EVENT] Push detected.
[2026-08-02 15:39:17] [PRE-PUSH] HEAD SHA: 402040b6e093ec26df6d747f56831085b28bb735
[2026-08-02 15:39:17] [PRE-PUSH] HEAD SHA: 402040b6e093ec26df6d747f56831085b28bb735
[2026-08-02 15:39:18] [PRE-PUSH] HEAD SHA: 402040b6e093ec26df6d747f56831085b28bb735
[2026-08-02 15:39:18] [PRE-PUSH] HEAD SHA: 402040b6e093ec26df6d747f56831085b28bb735
========================================
[2026-08-02 15:39:20] [PUSH-EVENT] Push detected.
========================================
[2026-08-02 15:39:20] [PUSH-EVENT] Push detected.
[2026-08-02 15:39:20] [PRE-PUSH] HEAD SHA: 402040b6e093ec26df6d747f56831085b28bb735
[2026-08-02 15:39:20] [PRE-PUSH] HEAD SHA: 402040b6e093ec26df6d747f56831085b28bb735
========================================
[2026-08-02 15:39:21] [PUSH-EVENT] Push detected.
[2026-08-02 15:39:21] [PRE-PUSH] HEAD SHA: 402040b6e093ec26df6d747f56831085b28bb735
[2026-08-02 15:39:24] [BACKUP-START] Mirroring to backup remote...
[2026-08-02 15:39:25] [BACKUP-START] Mirroring to backup remote...
[2026-08-02 15:39:25] [BACKUP-START] Mirroring to backup remote...
[2026-08-02 15:39:25] [BACKUP-START] Mirroring to backup remote...
[2026-08-02 15:39:26] [BACKUP-START] Mirroring to backup remote...
[2026-08-02 15:39:27] [BACKUP-START] Mirroring to backup remote...
========================================
[2026-08-02 15:39:27] [PUSH-EVENT] Push detected.
[2026-08-02 15:39:28] [BACKUP-START] Mirroring to backup remote...
[2026-08-02 15:39:27] [PRE-PUSH] HEAD SHA: 402040b6e093ec26df6d747f56831085b28bb735
========================================
[2026-08-02 15:39:28] [PUSH-EVENT] Push detected.
========================================
[2026-08-02 15:39:28] [PUSH-EVENT] Push detected.
========================================
[2026-08-02 15:39:29] [PUSH-EVENT] Push detected.
[2026-08-02 15:39:28] [PRE-PUSH] HEAD SHA: 402040b6e093ec26df6d747f56831085b28bb735
[2026-08-02 15:39:28] [PRE-PUSH] HEAD SHA: 402040b6e093ec26df6d747f56831085b28bb735
[2026-08-02 15:39:29] [PRE-PUSH] HEAD SHA: 402040b6e093ec26df6d747f56831085b28bb735
========================================
[2026-08-02 15:39:30] [PUSH-EVENT] Push detected.
========================================
[2026-08-02 15:39:30] [PUSH-EVENT] Push detected.
[2026-08-02 15:39:30] [PRE-PUSH] HEAD SHA: 402040b6e093ec26df6d747f56831085b28bb735
[2026-08-02 15:39:30] [PRE-PUSH] HEAD SHA: 402040b6e093ec26df6d747f56831085b28bb735
[2026-08-02 15:39:34] [BACKUP-START] Mirroring to backup remote...
[2026-08-02 15:39:35] [BACKUP-START] Mirroring to backup remote...
[2026-08-02 15:39:35] [BACKUP-START] Mirroring to backup remote...
[2026-08-02 15:39:36] [BACKUP-START] Mirroring to backup remote...
[2026-08-02 15:39:37] [BACKUP-START] Mirroring to backup remote...
[2026-08-02 15:39:37] [BACKUP-START] Mirroring to backup remote...
========================================
[2026-08-02 15:39:37] [PUSH-EVENT] Push detected.
========================================
[2026-08-02 15:39:37] [PUSH-EVENT] Push detected.
[2026-08-02 15:39:37] [PRE-PUSH] HEAD SHA: 402040b6e093ec26df6d747f56831085b28bb735
[2026-08-02 15:39:37] [PRE-PUSH] HEAD SHA: 402040b6e093ec26df6d747f56831085b28bb735
========================================
[2026-08-02 15:39:39] [PUSH-EVENT] Push detected.
========================================
[2026-08-02 15:39:39] [PUSH-EVENT] Push detected.
[2026-08-02 15:39:39] [PRE-PUSH] HEAD SHA: 402040b6e093ec26df6d747f56831085b28bb735
========================================
[2026-08-02 15:39:39] [PRE-PUSH] HEAD SHA: 402040b6e093ec26df6d747f56831085b28bb735
[2026-08-02 15:39:41] [PUSH-EVENT] Push detected.
========================================
[2026-08-02 15:39:41] [PUSH-EVENT] Push detected.
[2026-08-02 15:39:41] [PRE-PUSH] HEAD SHA: 402040b6e093ec26df6d747f56831085b28bb735
[2026-08-02 15:39:41] [PRE-PUSH] HEAD SHA: 402040b6e093ec26df6d747f56831085b28bb735
[2026-08-02 15:39:44] [BACKUP-START] Mirroring to backup remote...
[2026-08-02 15:39:45] [BACKUP-START] Mirroring to backup remote...
========================================
[2026-08-02 15:39:45] [PUSH-EVENT] Push detected.
[2026-08-02 15:39:45] [PRE-PUSH] HEAD SHA: 402040b6e093ec26df6d747f56831085b28bb735
[2026-08-02 15:39:46] [BACKUP-START] Mirroring to backup remote...
[2026-08-02 15:39:46] [BACKUP-START] Mirroring to backup remote...
[2026-08-02 15:39:47] [BACKUP-START] Mirroring to backup remote...
[2026-08-02 15:39:47] [BACKUP-START] Mirroring to backup remote...
========================================
[2026-08-02 15:39:47] [PUSH-EVENT] Push detected.
[2026-08-02 15:39:47] [PRE-PUSH] HEAD SHA: 402040b6e093ec26df6d747f56831085b28bb735
========================================
[2026-08-02 15:39:49] [PUSH-EVENT] Push detected.
[2026-08-02 15:39:49] [PRE-PUSH] HEAD SHA: 402040b6e093ec26df6d747f56831085b28bb735
========================================
[2026-08-02 15:39:50] [PUSH-EVENT] Push detected.
[2026-08-02 15:39:51] [BACKUP-START] Mirroring to backup remote...
========================================
[2026-08-02 15:39:51] [PUSH-EVENT] Push detected.
========================================
[2026-08-02 15:39:51] [PUSH-EVENT] Push detected.
[2026-08-02 15:39:50] [PRE-PUSH] HEAD SHA: 402040b6e093ec26df6d747f56831085b28bb735
[2026-08-02 15:39:51] [PRE-PUSH] HEAD SHA: 402040b6e093ec26df6d747f56831085b28bb735
[2026-08-02 15:39:51] [PRE-PUSH] HEAD SHA: 402040b6e093ec26df6d747f56831085b28bb735
========================================
[2026-08-02 15:39:53] [PUSH-EVENT] Push detected.
[2026-08-02 15:39:54] [BACKUP-START] Mirroring to backup remote...
[2026-08-02 15:39:53] [PRE-PUSH] HEAD SHA: 402040b6e093ec26df6d747f56831085b28bb735
========================================
[2026-08-02 15:39:56] [PUSH-EVENT] Push detected.
[2026-08-02 15:39:56] [BACKUP-START] Mirroring to backup remote...
[2026-08-02 15:39:56] [PRE-PUSH] HEAD SHA: 402040b6e093ec26df6d747f56831085b28bb735
[2026-08-02 15:39:58] [BACKUP-START] Mirroring to backup remote...
========================================
[2026-08-02 15:39:58] [PUSH-EVENT] Push detected.
[2026-08-02 15:39:58] [PRE-PUSH] HEAD SHA: 402040b6e093ec26df6d747f56831085b28bb735
[2026-08-02 15:39:59] [BACKUP-START] Mirroring to backup remote...
[2026-08-02 15:39:59] [BACKUP-START] Mirroring to backup remote...
========================================
[2026-08-02 15:39:59] [PUSH-EVENT] Push detected.
[2026-08-02 15:39:59] [PRE-PUSH] HEAD SHA: 402040b6e093ec26df6d747f56831085b28bb735
[2026-08-02 15:40:01] [BACKUP-START] Mirroring to backup remote...
========================================
[2026-08-02 15:40:02] [PUSH-EVENT] Push detected.
[2026-08-02 15:40:03] [BACKUP-START] Mirroring to backup remote...
========================================
[2026-08-02 15:40:03] [PUSH-EVENT] Push detected.
========================================
[2026-08-02 15:40:03] [PUSH-EVENT] Push detected.
[2026-08-02 15:40:05] [BACKUP-START] Mirroring to backup remote...
[2026-08-02 15:40:02] [PRE-PUSH] HEAD SHA: 402040b6e093ec26df6d747f56831085b28bb735
[2026-08-02 15:40:03] [PRE-PUSH] HEAD SHA: 402040b6e093ec26df6d747f56831085b28bb735
[2026-08-02 15:40:03] [PRE-PUSH] HEAD SHA: 402040b6e093ec26df6d747f56831085b28bb735
[2026-08-02 15:40:06] [BACKUP-START] Mirroring to backup remote...
========================================
[2026-08-02 15:40:07] [PUSH-EVENT] Push detected.
[2026-08-02 15:40:07] [PRE-PUSH] HEAD SHA: 402040b6e093ec26df6d747f56831085b28bb735
========================================
[2026-08-02 15:40:09] [PUSH-EVENT] Push detected.
========================================
[2026-08-02 15:40:09] [PUSH-EVENT] Push detected.
[2026-08-02 15:40:09] [PRE-PUSH] HEAD SHA: 402040b6e093ec26df6d747f56831085b28bb735
[2026-08-02 15:40:09] [PRE-PUSH] HEAD SHA: 402040b6e093ec26df6d747f56831085b28bb735
[2026-08-02 15:40:10] [BACKUP-START] Mirroring to backup remote...
[2026-08-02 15:40:11] [BACKUP-START] Mirroring to backup remote...
[2026-08-02 15:40:11] [BACKUP-START] Mirroring to backup remote...
========================================
[2026-08-02 15:40:13] [PUSH-EVENT] Push detected.
========================================
[2026-08-02 15:40:14] [PUSH-EVENT] Push detected.
========================================
[2026-08-02 15:40:14] [PUSH-EVENT] Push detected.
[2026-08-02 15:40:14] [BACKUP-START] Mirroring to backup remote...
[2026-08-02 15:40:13] [PRE-PUSH] HEAD SHA: 402040b6e093ec26df6d747f56831085b28bb735
========================================
[2026-08-02 15:40:14] [PUSH-EVENT] Push detected.
[2026-08-02 15:40:14] [PRE-PUSH] HEAD SHA: 402040b6e093ec26df6d747f56831085b28bb735
[2026-08-02 15:40:14] [PRE-PUSH] HEAD SHA: 402040b6e093ec26df6d747f56831085b28bb735
[2026-08-02 15:40:14] [PRE-PUSH] HEAD SHA: 402040b6e093ec26df6d747f56831085b28bb735
[2026-08-02 15:40:15] [BACKUP-START] Mirroring to backup remote...
[2026-08-02 15:40:16] [BACKUP-START] Mirroring to backup remote...
========================================
[2026-08-02 15:40:17] [PUSH-EVENT] Push detected.
[2026-08-02 15:40:17] [PRE-PUSH] HEAD SHA: 402040b6e093ec26df6d747f56831085b28bb735
========================================
[2026-08-02 15:40:18] [PUSH-EVENT] Push detected.
========================================
[2026-08-02 15:40:19] [PUSH-EVENT] Push detected.
[2026-08-02 15:40:18] [PRE-PUSH] HEAD SHA: 402040b6e093ec26df6d747f56831085b28bb735
[2026-08-02 15:40:19] [PRE-PUSH] HEAD SHA: 402040b6e093ec26df6d747f56831085b28bb735
[2026-08-02 15:40:20] [BACKUP-START] Mirroring to backup remote...
[2026-08-02 15:40:21] [BACKUP-START] Mirroring to backup remote...
[2026-08-02 15:40:21] [BACKUP-START] Mirroring to backup remote...
[2026-08-02 15:40:21] [BACKUP-START] Mirroring to backup remote...
[2026-08-02 15:40:23] [BACKUP-START] Mirroring to backup remote...
[2026-08-02 15:40:25] [BACKUP-START] Mirroring to backup remote...
[2026-08-02 15:40:25] [BACKUP-START] Mirroring to backup remote...
========================================
[2026-08-02 15:40:25] [PUSH-EVENT] Push detected.
[2026-08-02 15:40:25] [PRE-PUSH] HEAD SHA: 402040b6e093ec26df6d747f56831085b28bb735
========================================
[2026-08-02 15:40:26] [PUSH-EVENT] Push detected.
========================================
[2026-08-02 15:40:26] [PUSH-EVENT] Push detected.
========================================
[2026-08-02 15:40:26] [PUSH-EVENT] Push detected.
[2026-08-02 15:40:26] [PRE-PUSH] HEAD SHA: 402040b6e093ec26df6d747f56831085b28bb735
[2026-08-02 15:40:26] [PRE-PUSH] HEAD SHA: 402040b6e093ec26df6d747f56831085b28bb735
========================================
[2026-08-02 15:40:27] [PUSH-EVENT] Push detected.
[2026-08-02 15:40:26] [PRE-PUSH] HEAD SHA: 402040b6e093ec26df6d747f56831085b28bb735
[2026-08-02 15:40:27] [PRE-PUSH] HEAD SHA: 402040b6e093ec26df6d747f56831085b28bb735
========================================
[2026-08-02 15:40:29] [PUSH-EVENT] Push detected.
[2026-08-02 15:40:29] [PRE-PUSH] HEAD SHA: 402040b6e093ec26df6d747f56831085b28bb735
[2026-08-02 15:40:32] [BACKUP-START] Mirroring to backup remote...
[2026-08-02 15:40:33] [BACKUP-START] Mirroring to backup remote...
[2026-08-02 15:40:33] [BACKUP-START] Mirroring to backup remote...
[2026-08-02 15:40:33] [BACKUP-START] Mirroring to backup remote...
[2026-08-02 15:40:33] [BACKUP-START] Mirroring to backup remote...
========================================
[2026-08-02 15:40:33] [PUSH-EVENT] Push detected.
[2026-08-02 15:40:33] [PRE-PUSH] HEAD SHA: 402040b6e093ec26df6d747f56831085b28bb735
[2026-08-02 15:40:35] [BACKUP-START] Mirroring to backup remote...
========================================
[2026-08-02 15:40:36] [PUSH-EVENT] Push detected.
========================================
[2026-08-02 15:40:36] [PUSH-EVENT] Push detected.
========================================
[2026-08-02 15:40:36] [PUSH-EVENT] Push detected.
========================================
[2026-08-02 15:40:36] [PUSH-EVENT] Push detected.
[2026-08-02 15:40:36] [PRE-PUSH] HEAD SHA: 402040b6e093ec26df6d747f56831085b28bb735
[2026-08-02 15:40:36] [PRE-PUSH] HEAD SHA: 402040b6e093ec26df6d747f56831085b28bb735
[2026-08-02 15:40:36] [PRE-PUSH] HEAD SHA: 402040b6e093ec26df6d747f56831085b28bb735
[2026-08-02 15:40:36] [PRE-PUSH] HEAD SHA: 402040b6e093ec26df6d747f56831085b28bb735
[2026-08-02 15:40:39] [BACKUP-START] Mirroring to backup remote...
========================================
[2026-08-02 15:40:39] [PUSH-EVENT] Push detected.
[2026-08-02 15:40:39] [PRE-PUSH] HEAD SHA: 402040b6e093ec26df6d747f56831085b28bb735
========================================
[2026-08-02 15:40:41] [PUSH-EVENT] Push detected.
[2026-08-02 15:40:41] [PRE-PUSH] HEAD SHA: 402040b6e093ec26df6d747f56831085b28bb735
========================================
[2026-08-02 15:40:42] [PUSH-EVENT] Push detected.
[2026-08-02 15:40:42] [PRE-PUSH] HEAD SHA: 402040b6e093ec26df6d747f56831085b28bb735
[2026-08-02 15:40:43] [BACKUP-START] Mirroring to backup remote...
[2026-08-02 15:40:44] [BACKUP-START] Mirroring to backup remote...
[2026-08-02 15:40:44] [BACKUP-START] Mirroring to backup remote...
[2026-08-02 15:40:45] [BACKUP-START] Mirroring to backup remote...
[2026-08-02 15:40:46] [BACKUP-START] Mirroring to backup remote...
========================================
[2026-08-02 15:40:46] [PUSH-EVENT] Push detected.
[2026-08-02 15:40:47] [BACKUP-START] Mirroring to backup remote...
[2026-08-02 15:40:46] [PRE-PUSH] HEAD SHA: 402040b6e093ec26df6d747f56831085b28bb735
========================================
[2026-08-02 15:40:47] [PUSH-EVENT] Push detected.
========================================
[2026-08-02 15:40:47] [PUSH-EVENT] Push detected.
[2026-08-02 15:40:47] [PRE-PUSH] HEAD SHA: 402040b6e093ec26df6d747f56831085b28bb735
[2026-08-02 15:40:47] [PRE-PUSH] HEAD SHA: 402040b6e093ec26df6d747f56831085b28bb735
========================================
[2026-08-02 15:40:48] [PUSH-EVENT] Push detected.
[2026-08-02 15:40:49] [BACKUP-START] Mirroring to backup remote...
[2026-08-02 15:40:48] [PRE-PUSH] HEAD SHA: 402040b6e093ec26df6d747f56831085b28bb735
========================================
[2026-08-02 15:40:49] [PUSH-EVENT] Push detected.
========================================
[2026-08-02 15:40:50] [PUSH-EVENT] Push detected.
[2026-08-02 15:40:49] [PRE-PUSH] HEAD SHA: 402040b6e093ec26df6d747f56831085b28bb735
[2026-08-02 15:40:50] [PRE-PUSH] HEAD SHA: 402040b6e093ec26df6d747f56831085b28bb735
[2026-08-02 15:40:52] [BACKUP-START] Mirroring to backup remote...
[2026-08-02 15:40:53] [BACKUP-START] Mirroring to backup remote...
[2026-08-02 15:40:53] [BACKUP-START] Mirroring to backup remote...
[2026-08-02 15:40:54] [BACKUP-START] Mirroring to backup remote...
========================================
[2026-08-02 15:40:55] [PUSH-EVENT] Push detected.
[2026-08-02 15:40:55] [PRE-PUSH] HEAD SHA: 402040b6e093ec26df6d747f56831085b28bb735
[2026-08-02 15:40:56] [BACKUP-START] Mirroring to backup remote...
========================================
[2026-08-02 15:40:56] [PUSH-EVENT] Push detected.
[2026-08-02 15:40:57] [BACKUP-START] Mirroring to backup remote...
========================================
[2026-08-02 15:40:56] [PUSH-EVENT] Push detected.
[2026-08-02 15:40:56] [PRE-PUSH] HEAD SHA: 402040b6e093ec26df6d747f56831085b28bb735
[2026-08-02 15:40:56] [PRE-PUSH] HEAD SHA: 402040b6e093ec26df6d747f56831085b28bb735
========================================
[2026-08-02 15:40:57] [PUSH-EVENT] Push detected.
[2026-08-02 15:40:57] [PRE-PUSH] HEAD SHA: 402040b6e093ec26df6d747f56831085b28bb735
========================================
[2026-08-02 15:40:59] [PUSH-EVENT] Push detected.
========================================
[2026-08-02 15:40:59] [PUSH-EVENT] Push detected.
[2026-08-02 15:40:59] [PRE-PUSH] HEAD SHA: 402040b6e093ec26df6d747f56831085b28bb735
[2026-08-02 15:40:59] [PRE-PUSH] HEAD SHA: 402040b6e093ec26df6d747f56831085b28bb735
[2026-08-02 15:41:01] [BACKUP-START] Mirroring to backup remote...
[2026-08-02 15:41:03] [BACKUP-START] Mirroring to backup remote...
[2026-08-02 15:41:03] [BACKUP-START] Mirroring to backup remote...
========================================
[2026-08-02 15:41:03] [PUSH-EVENT] Push detected.
[2026-08-02 15:41:03] [BACKUP-START] Mirroring to backup remote...
[2026-08-02 15:41:03] [PRE-PUSH] HEAD SHA: 402040b6e093ec26df6d747f56831085b28bb735
========================================
[2026-08-02 15:41:04] [PUSH-EVENT] Push detected.
[2026-08-02 15:41:04] [PRE-PUSH] HEAD SHA: 402040b6e093ec26df6d747f56831085b28bb735
========================================
[2026-08-02 15:41:06] [PUSH-EVENT] Push detected.
========================================
[2026-08-02 15:41:06] [PUSH-EVENT] Push detected.
[2026-08-02 15:41:06] [BACKUP-START] Mirroring to backup remote...
[2026-08-02 15:41:06] [BACKUP-START] Mirroring to backup remote...
[2026-08-02 15:41:06] [PRE-PUSH] HEAD SHA: 402040b6e093ec26df6d747f56831085b28bb735
[2026-08-02 15:41:06] [PRE-PUSH] HEAD SHA: 402040b6e093ec26df6d747f56831085b28bb735
========================================
[2026-08-02 15:41:07] [PUSH-EVENT] Push detected.
[2026-08-02 15:41:07] [PRE-PUSH] HEAD SHA: 402040b6e093ec26df6d747f56831085b28bb735
========================================
[2026-08-02 15:41:09] [PUSH-EVENT] Push detected.
[2026-08-02 15:41:09] [BACKUP-START] Mirroring to backup remote...
========================================
[2026-08-02 15:41:09] [PUSH-EVENT] Push detected.
[2026-08-02 15:41:09] [PRE-PUSH] HEAD SHA: 402040b6e093ec26df6d747f56831085b28bb735
[2026-08-02 15:41:10] [BACKUP-START] Mirroring to backup remote...
[2026-08-02 15:41:09] [PRE-PUSH] HEAD SHA: 402040b6e093ec26df6d747f56831085b28bb735
========================================
[2026-08-02 15:41:11] [PUSH-EVENT] Push detected.
[2026-08-02 15:41:13] [BACKUP-START] Mirroring to backup remote...
[2026-08-02 15:41:13] [BACKUP-START] Mirroring to backup remote...
[2026-08-02 15:41:11] [PRE-PUSH] HEAD SHA: 402040b6e093ec26df6d747f56831085b28bb735
========================================
[2026-08-02 15:41:13] [PUSH-EVENT] Push detected.
[2026-08-02 15:41:13] [BACKUP-START] Mirroring to backup remote...
[2026-08-02 15:41:13] [PRE-PUSH] HEAD SHA: 402040b6e093ec26df6d747f56831085b28bb735
[2026-08-02 15:41:15] [BACKUP-START] Mirroring to backup remote...
========================================
[2026-08-02 15:41:15] [PUSH-EVENT] Push detected.
========================================
[2026-08-02 15:41:16] [PUSH-EVENT] Push detected.
[2026-08-02 15:41:16] [BACKUP-START] Mirroring to backup remote...
[2026-08-02 15:41:15] [PRE-PUSH] HEAD SHA: 402040b6e093ec26df6d747f56831085b28bb735
[2026-08-02 15:41:16] [PRE-PUSH] HEAD SHA: 402040b6e093ec26df6d747f56831085b28bb735
========================================
[2026-08-02 15:41:16] [PUSH-EVENT] Push detected.
[2026-08-02 15:41:16] [PRE-PUSH] HEAD SHA: 402040b6e093ec26df6d747f56831085b28bb735
[2026-08-02 15:41:19] [BACKUP-START] Mirroring to backup remote...
[2026-08-02 15:41:19] [BACKUP-START] Mirroring to backup remote...
[2026-08-02 15:41:22] [BACKUP-START] Mirroring to backup remote...
[2026-08-02 15:41:22] [BACKUP-START] Mirroring to backup remote...
[2026-08-02 15:41:23] [BACKUP-START] Mirroring to backup remote...
========================================
[2026-08-02 15:41:23] [PUSH-EVENT] Push detected.
[2026-08-02 15:41:23] [PRE-PUSH] HEAD SHA: 402040b6e093ec26df6d747f56831085b28bb735
========================================
[2026-08-02 15:41:25] [PUSH-EVENT] Push detected.
========================================
[2026-08-02 15:41:25] [PUSH-EVENT] Push detected.
[2026-08-02 15:41:25] [PRE-PUSH] HEAD SHA: 402040b6e093ec26df6d747f56831085b28bb735
========================================
[2026-08-02 15:41:26] [PUSH-EVENT] Push detected.
========================================
[2026-08-02 15:41:26] [PUSH-EVENT] Push detected.
========================================
[2026-08-02 15:41:26] [PUSH-EVENT] Push detected.
[2026-08-02 15:41:25] [PRE-PUSH] HEAD SHA: 402040b6e093ec26df6d747f56831085b28bb735
[2026-08-02 15:41:26] [PRE-PUSH] HEAD SHA: 402040b6e093ec26df6d747f56831085b28bb735
[2026-08-02 15:41:26] [PRE-PUSH] HEAD SHA: 402040b6e093ec26df6d747f56831085b28bb735
========================================
[2026-08-02 15:41:27] [PUSH-EVENT] Push detected.
[2026-08-02 15:41:26] [PRE-PUSH] HEAD SHA: 402040b6e093ec26df6d747f56831085b28bb735
[2026-08-02 15:41:27] [PRE-PUSH] HEAD SHA: 402040b6e093ec26df6d747f56831085b28bb735
[2026-08-02 15:41:30] [BACKUP-START] Mirroring to backup remote...
[2026-08-02 15:41:32] [BACKUP-START] Mirroring to backup remote...
[2026-08-02 15:41:33] [BACKUP-START] Mirroring to backup remote...
[2026-08-02 15:41:33] [BACKUP-START] Mirroring to backup remote...
========================================
[2026-08-02 15:41:32] [PUSH-EVENT] Push detected.
[2026-08-02 15:41:33] [BACKUP-START] Mirroring to backup remote...
[2026-08-02 15:41:33] [BACKUP-START] Mirroring to backup remote...
[2026-08-02 15:41:33] [BACKUP-START] Mirroring to backup remote...
[2026-08-02 15:41:32] [PRE-PUSH] HEAD SHA: 402040b6e093ec26df6d747f56831085b28bb735
========================================
[2026-08-02 15:41:35] [PUSH-EVENT] Push detected.
[2026-08-02 15:41:35] [PRE-PUSH] HEAD SHA: 402040b6e093ec26df6d747f56831085b28bb735
========================================
========================================
[2026-08-02 15:41:36] [PUSH-EVENT] Push detected.
[2026-08-02 15:41:36] [PUSH-EVENT] Push detected.
========================================
[2026-08-02 15:41:36] [PUSH-EVENT] Push detected.
[2026-08-02 15:41:36] [PRE-PUSH] HEAD SHA: 402040b6e093ec26df6d747f56831085b28bb735
[2026-08-02 15:41:36] [PRE-PUSH] HEAD SHA: 402040b6e093ec26df6d747f56831085b28bb735
[2026-08-02 15:41:36] [PRE-PUSH] HEAD SHA: 402040b6e093ec26df6d747f56831085b28bb735
========================================
[2026-08-02 15:41:37] [PUSH-EVENT] Push detected.
========================================
[2026-08-02 15:41:37] [PUSH-EVENT] Push detected.
[2026-08-02 15:41:37] [PRE-PUSH] HEAD SHA: 402040b6e093ec26df6d747f56831085b28bb735
[2026-08-02 15:41:37] [PRE-PUSH] HEAD SHA: 402040b6e093ec26df6d747f56831085b28bb735
[2026-08-02 15:41:39] [BACKUP-START] Mirroring to backup remote...
[2026-08-02 15:41:41] [BACKUP-START] Mirroring to backup remote...
========================================
[2026-08-02 15:41:41] [PUSH-EVENT] Push detected.
[2026-08-02 15:41:41] [PRE-PUSH] HEAD SHA: 402040b6e093ec26df6d747f56831085b28bb735
[2026-08-02 15:41:43] [BACKUP-START] Mirroring to backup remote...
[2026-08-02 15:41:43] [BACKUP-START] Mirroring to backup remote...
[2026-08-02 15:41:43] [BACKUP-START] Mirroring to backup remote...
[2026-08-02 15:41:45] [BACKUP-START] Mirroring to backup remote...
[2026-08-02 15:41:45] [BACKUP-START] Mirroring to backup remote...
[2026-08-02 15:41:48] [BACKUP-START] Mirroring to backup remote...
========================================
[2026-08-02 15:41:49] [PUSH-EVENT] Push detected.
========================================
[2026-08-02 15:41:49] [PUSH-EVENT] Push detected.
========================================
[2026-08-02 15:41:49] [PUSH-EVENT] Push detected.
[2026-08-02 15:41:49] [PRE-PUSH] HEAD SHA: 402040b6e093ec26df6d747f56831085b28bb735
[2026-08-02 15:41:49] [PRE-PUSH] HEAD SHA: 402040b6e093ec26df6d747f56831085b28bb735
[2026-08-02 15:41:49] [PRE-PUSH] HEAD SHA: 402040b6e093ec26df6d747f56831085b28bb735
========================================
[2026-08-02 15:41:50] [PUSH-EVENT] Push detected.
========================================
[2026-08-02 15:41:50] [PUSH-EVENT] Push detected.
[2026-08-02 15:41:50] [PRE-PUSH] HEAD SHA: 402040b6e093ec26df6d747f56831085b28bb735
========================================
[2026-08-02 15:41:51] [PUSH-EVENT] Push detected.
[2026-08-02 15:41:50] [PRE-PUSH] HEAD SHA: 402040b6e093ec26df6d747f56831085b28bb735
[2026-08-02 15:41:51] [PRE-PUSH] HEAD SHA: 402040b6e093ec26df6d747f56831085b28bb735
========================================
[2026-08-02 15:41:52] [PUSH-EVENT] Push detected.
[2026-08-02 15:41:52] [PRE-PUSH] HEAD SHA: 402040b6e093ec26df6d747f56831085b28bb735
[2026-08-02 15:41:55] [BACKUP-START] Mirroring to backup remote...
[2026-08-02 15:41:56] [BACKUP-START] Mirroring to backup remote...
[2026-08-02 15:41:56] [BACKUP-START] Mirroring to backup remote...
[2026-08-02 15:41:57] [BACKUP-START] Mirroring to backup remote...
[2026-08-02 15:41:57] [BACKUP-START] Mirroring to backup remote...
[2026-08-02 15:41:57] [BACKUP-START] Mirroring to backup remote...
[2026-08-02 15:41:58] [BACKUP-START] Mirroring to backup remote...
========================================
[2026-08-02 15:41:58] [PUSH-EVENT] Push detected.
========================================
[2026-08-02 15:41:59] [PUSH-EVENT] Push detected.
========================================
[2026-08-02 15:41:59] [PUSH-EVENT] Push detected.
[2026-08-02 15:41:58] [PRE-PUSH] HEAD SHA: 402040b6e093ec26df6d747f56831085b28bb735
[2026-08-02 15:41:59] [PRE-PUSH] HEAD SHA: 402040b6e093ec26df6d747f56831085b28bb735
[2026-08-02 15:41:59] [PRE-PUSH] HEAD SHA: 402040b6e093ec26df6d747f56831085b28bb735
========================================
[2026-08-02 15:42:01] [PUSH-EVENT] Push detected.
[2026-08-02 15:42:01] [PRE-PUSH] HEAD SHA: 402040b6e093ec26df6d747f56831085b28bb735
========================================
[2026-08-02 15:42:02] [PUSH-EVENT] Push detected.
========================================
[2026-08-02 15:42:01] [PUSH-EVENT] Push detected.
========================================
[2026-08-02 15:42:02] [PUSH-EVENT] Push detected.
[2026-08-02 15:42:01] [PRE-PUSH] HEAD SHA: 402040b6e093ec26df6d747f56831085b28bb735
[2026-08-02 15:42:02] [PRE-PUSH] HEAD SHA: 402040b6e093ec26df6d747f56831085b28bb735
[2026-08-02 15:42:02] [PRE-PUSH] HEAD SHA: 402040b6e093ec26df6d747f56831085b28bb735
[2026-08-02 15:42:05] [BACKUP-START] Mirroring to backup remote...
[2026-08-02 15:42:06] [BACKUP-START] Mirroring to backup remote...
[2026-08-02 15:42:06] [BACKUP-START] Mirroring to backup remote...
[2026-08-02 15:42:07] [BACKUP-START] Mirroring to backup remote...
========================================
[2026-08-02 15:42:08] [PUSH-EVENT] Push detected.
[2026-08-02 15:42:09] [BACKUP-START] Mirroring to backup remote...
[2026-08-02 15:42:09] [BACKUP-START] Mirroring to backup remote...
[2026-08-02 15:42:09] [BACKUP-START] Mirroring to backup remote...
========================================
[2026-08-02 15:42:09] [PUSH-EVENT] Push detected.
========================================
[2026-08-02 15:42:09] [PUSH-EVENT] Push detected.
[2026-08-02 15:42:08] [PRE-PUSH] HEAD SHA: 402040b6e093ec26df6d747f56831085b28bb735
[2026-08-02 15:42:09] [PRE-PUSH] HEAD SHA: 402040b6e093ec26df6d747f56831085b28bb735
[2026-08-02 15:42:09] [PRE-PUSH] HEAD SHA: 402040b6e093ec26df6d747f56831085b28bb735
========================================
[2026-08-02 15:42:15] [PUSH-EVENT] Push detected.
[2026-08-02 15:42:15] [PRE-PUSH] HEAD SHA: 402040b6e093ec26df6d747f56831085b28bb735
========================================
[2026-08-02 15:42:15] [PUSH-EVENT] Push detected.
========================================
[2026-08-02 15:42:15] [PUSH-EVENT] Push detected.
[2026-08-02 15:42:16] [BACKUP-START] Mirroring to backup remote...
[2026-08-02 15:42:15] [PRE-PUSH] HEAD SHA: 402040b6e093ec26df6d747f56831085b28bb735
[2026-08-02 15:42:15] [PRE-PUSH] HEAD SHA: 402040b6e093ec26df6d747f56831085b28bb735
[2026-08-02 15:42:17] [BACKUP-START] Mirroring to backup remote...
[2026-08-02 15:42:17] [BACKUP-START] Mirroring to backup remote...
========================================
[2026-08-02 15:42:18] [PUSH-EVENT] Push detected.
[2026-08-02 15:42:18] [PRE-PUSH] HEAD SHA: 402040b6e093ec26df6d747f56831085b28bb735
========================================
[2026-08-02 15:42:19] [PUSH-EVENT] Push detected.
[2026-08-02 15:42:19] [PRE-PUSH] HEAD SHA: 402040b6e093ec26df6d747f56831085b28bb735
========================================
[2026-08-02 15:42:19] [PUSH-EVENT] Push detected.
[2026-08-02 15:42:19] [PRE-PUSH] HEAD SHA: 402040b6e093ec26df6d747f56831085b28bb735
========================================
[2026-08-02 15:42:20] [PUSH-EVENT] Push detected.
[2026-08-02 15:42:20] [PRE-PUSH] HEAD SHA: 402040b6e093ec26df6d747f56831085b28bb735
[2026-08-02 15:42:21] [BACKUP-START] Mirroring to backup remote...
[2026-08-02 15:42:22] [BACKUP-START] Mirroring to backup remote...
[2026-08-02 15:42:23] [BACKUP-START] Mirroring to backup remote...
========================================
[2026-08-02 15:42:24] [PUSH-EVENT] Push detected.
[2026-08-02 15:42:24] [BACKUP-START] Mirroring to backup remote...
[2026-08-02 15:42:24] [PRE-PUSH] HEAD SHA: 402040b6e093ec26df6d747f56831085b28bb735
[2026-08-02 15:42:25] [BACKUP-START] Mirroring to backup remote...
[2026-08-02 15:42:26] [BACKUP-START] Mirroring to backup remote...
========================================
[2026-08-02 15:42:25] [PUSH-EVENT] Push detected.
========================================
[2026-08-02 15:42:26] [PUSH-EVENT] Push detected.
[2026-08-02 15:42:26] [BACKUP-START] Mirroring to backup remote...
[2026-08-02 15:42:25] [PRE-PUSH] HEAD SHA: 402040b6e093ec26df6d747f56831085b28bb735
[2026-08-02 15:42:26] [PRE-PUSH] HEAD SHA: 402040b6e093ec26df6d747f56831085b28bb735
========================================
[2026-08-02 15:42:28] [PUSH-EVENT] Push detected.
========================================
[2026-08-02 15:42:28] [PUSH-EVENT] Push detected.
[2026-08-02 15:42:28] [PRE-PUSH] HEAD SHA: 402040b6e093ec26df6d747f56831085b28bb735
========================================
[2026-08-02 15:42:28] [PUSH-EVENT] Push detected.
[2026-08-02 15:42:28] [PRE-PUSH] HEAD SHA: 402040b6e093ec26df6d747f56831085b28bb735
[2026-08-02 15:42:28] [PRE-PUSH] HEAD SHA: 402040b6e093ec26df6d747f56831085b28bb735
========================================
[2026-08-02 15:42:29] [PUSH-EVENT] Push detected.
[2026-08-02 15:42:30] [BACKUP-START] Mirroring to backup remote...
[2026-08-02 15:42:29] [PRE-PUSH] HEAD SHA: 402040b6e093ec26df6d747f56831085b28bb735
[2026-08-02 15:42:32] [BACKUP-START] Mirroring to backup remote...
[2026-08-02 15:42:32] [BACKUP-START] Mirroring to backup remote...
========================================
[2026-08-02 15:42:32] [PUSH-EVENT] Push detected.
[2026-08-02 15:42:32] [PRE-PUSH] HEAD SHA: 402040b6e093ec26df6d747f56831085b28bb735
[2026-08-02 15:42:34] [BACKUP-START] Mirroring to backup remote...
[2026-08-02 15:42:35] [BACKUP-START] Mirroring to backup remote...
[2026-08-02 15:42:35] [BACKUP-START] Mirroring to backup remote...
========================================
[2026-08-02 15:42:35] [PUSH-EVENT] Push detected.
[2026-08-02 15:42:35] [PRE-PUSH] HEAD SHA: 402040b6e093ec26df6d747f56831085b28bb735
[2026-08-02 15:42:36] [BACKUP-START] Mirroring to backup remote...
[2026-08-02 15:42:38] [BACKUP-START] Mirroring to backup remote...
========================================
[2026-08-02 15:42:41] [PUSH-EVENT] Push detected.
[2026-08-02 15:42:41] [BACKUP-START] Mirroring to backup remote...
[2026-08-02 15:42:41] [PRE-PUSH] HEAD SHA: 402040b6e093ec26df6d747f56831085b28bb735
========================================
[2026-08-02 15:42:43] [PUSH-EVENT] Push detected.
========================================
[2026-08-02 15:42:43] [PUSH-EVENT] Push detected.
========================================
[2026-08-02 15:42:43] [PUSH-EVENT] Push detected.
========================================
[2026-08-02 15:42:43] [PUSH-EVENT] Push detected.
[2026-08-02 15:42:43] [PRE-PUSH] HEAD SHA: 402040b6e093ec26df6d747f56831085b28bb735
[2026-08-02 15:42:43] [PRE-PUSH] HEAD SHA: 402040b6e093ec26df6d747f56831085b28bb735
[2026-08-02 15:42:43] [PRE-PUSH] HEAD SHA: 402040b6e093ec26df6d747f56831085b28bb735
[2026-08-02 15:42:43] [PRE-PUSH] HEAD SHA: 402040b6e093ec26df6d747f56831085b28bb735
========================================
[2026-08-02 15:42:44] [PUSH-EVENT] Push detected.
[2026-08-02 15:42:44] [PRE-PUSH] HEAD SHA: 402040b6e093ec26df6d747f56831085b28bb735
========================================
[2026-08-02 15:42:45] [PUSH-EVENT] Push detected.
[2026-08-02 15:42:45] [PRE-PUSH] HEAD SHA: 402040b6e093ec26df6d747f56831085b28bb735
[2026-08-02 15:42:48] [BACKUP-START] Mirroring to backup remote...
[2026-08-02 15:42:50] [BACKUP-START] Mirroring to backup remote...
[2026-08-02 15:42:50] [BACKUP-START] Mirroring to backup remote...
[2026-08-02 15:42:50] [BACKUP-START] Mirroring to backup remote...
[2026-08-02 15:42:50] [BACKUP-START] Mirroring to backup remote...
========================================
[2026-08-02 15:42:51] [PUSH-EVENT] Push detected.
[2026-08-02 15:42:51] [BACKUP-START] Mirroring to backup remote...
[2026-08-02 15:42:51] [BACKUP-START] Mirroring to backup remote...
[2026-08-02 15:42:51] [PRE-PUSH] HEAD SHA: 402040b6e093ec26df6d747f56831085b28bb735
========================================
[2026-08-02 15:42:53] [PUSH-EVENT] Push detected.
========================================
[2026-08-02 15:42:53] [PUSH-EVENT] Push detected.
[2026-08-02 15:42:53] [PRE-PUSH] HEAD SHA: 402040b6e093ec26df6d747f56831085b28bb735
[2026-08-02 15:42:53] [PRE-PUSH] HEAD SHA: 402040b6e093ec26df6d747f56831085b28bb735
========================================
[2026-08-02 15:42:54] [PUSH-EVENT] Push detected.
========================================
[2026-08-02 15:42:54] [PUSH-EVENT] Push detected.
[2026-08-02 15:42:54] [PRE-PUSH] HEAD SHA: 402040b6e093ec26df6d747f56831085b28bb735
[2026-08-02 15:42:54] [PRE-PUSH] HEAD SHA: 402040b6e093ec26df6d747f56831085b28bb735
========================================
[2026-08-02 15:42:55] [PUSH-EVENT] Push detected.
[2026-08-02 15:42:55] [PRE-PUSH] HEAD SHA: 402040b6e093ec26df6d747f56831085b28bb735
[2026-08-02 15:42:57] [BACKUP-START] Mirroring to backup remote...
========================================
[2026-08-02 15:43:00] [PUSH-EVENT] Push detected.
[2026-08-02 15:43:00] [BACKUP-START] Mirroring to backup remote...
[2026-08-02 15:43:00] [BACKUP-START] Mirroring to backup remote...
========================================
[2026-08-02 15:43:00] [PUSH-EVENT] Push detected.
[2026-08-02 15:43:00] [PRE-PUSH] HEAD SHA: 402040b6e093ec26df6d747f56831085b28bb735
[2026-08-02 15:43:01] [BACKUP-START] Mirroring to backup remote...
[2026-08-02 15:43:01] [BACKUP-START] Mirroring to backup remote...
[2026-08-02 15:43:00] [PRE-PUSH] HEAD SHA: 402040b6e093ec26df6d747f56831085b28bb735
[2026-08-02 15:43:02] [BACKUP-START] Mirroring to backup remote...
========================================
[2026-08-02 15:43:03] [PUSH-EVENT] Push detected.
========================================
[2026-08-02 15:43:03] [PUSH-EVENT] Push detected.
[2026-08-02 15:43:03] [PRE-PUSH] HEAD SHA: 402040b6e093ec26df6d747f56831085b28bb735
[2026-08-02 15:43:03] [PRE-PUSH] HEAD SHA: 402040b6e093ec26df6d747f56831085b28bb735
========================================
[2026-08-02 15:43:04] [PUSH-EVENT] Push detected.
========================================
[2026-08-02 15:43:04] [PUSH-EVENT] Push detected.
[2026-08-02 15:43:04] [PRE-PUSH] HEAD SHA: 402040b6e093ec26df6d747f56831085b28bb735
[2026-08-02 15:43:04] [PRE-PUSH] HEAD SHA: 402040b6e093ec26df6d747f56831085b28bb735
[2026-08-02 15:43:06] [BACKUP-START] Mirroring to backup remote...
[2026-08-02 15:43:07] [BACKUP-START] Mirroring to backup remote...
========================================
[2026-08-02 15:43:08] [PUSH-EVENT] Push detected.
[2026-08-02 15:43:08] [PRE-PUSH] HEAD SHA: 402040b6e093ec26df6d747f56831085b28bb735
[2026-08-02 15:43:09] [BACKUP-START] Mirroring to backup remote...
========================================
[2026-08-02 15:43:09] [PUSH-EVENT] Push detected.
[2026-08-02 15:43:10] [BACKUP-START] Mirroring to backup remote...
[2026-08-02 15:43:11] [BACKUP-START] Mirroring to backup remote...
========================================
[2026-08-02 15:43:10] [PUSH-EVENT] Push detected.
[2026-08-02 15:43:11] [BACKUP-START] Mirroring to backup remote...
[2026-08-02 15:43:09] [PRE-PUSH] HEAD SHA: 402040b6e093ec26df6d747f56831085b28bb735
[2026-08-02 15:43:10] [PRE-PUSH] HEAD SHA: 402040b6e093ec26df6d747f56831085b28bb735
========================================
[2026-08-02 15:43:13] [PUSH-EVENT] Push detected.
========================================
[2026-08-02 15:43:13] [PUSH-EVENT] Push detected.
[2026-08-02 15:43:13] [PRE-PUSH] HEAD SHA: 402040b6e093ec26df6d747f56831085b28bb735
[2026-08-02 15:43:13] [PRE-PUSH] HEAD SHA: 402040b6e093ec26df6d747f56831085b28bb735
========================================
[2026-08-02 15:43:14] [PUSH-EVENT] Push detected.
========================================
[2026-08-02 15:43:14] [PUSH-EVENT] Push detected.
[2026-08-02 15:43:15] [BACKUP-START] Mirroring to backup remote...
[2026-08-02 15:43:14] [PRE-PUSH] HEAD SHA: 402040b6e093ec26df6d747f56831085b28bb735
[2026-08-02 15:43:14] [PRE-PUSH] HEAD SHA: 402040b6e093ec26df6d747f56831085b28bb735
[2026-08-02 15:43:17] [BACKUP-START] Mirroring to backup remote...
========================================
[2026-08-02 15:43:17] [PUSH-EVENT] Push detected.
[2026-08-02 15:43:17] [BACKUP-START] Mirroring to backup remote...
[2026-08-02 15:43:17] [PRE-PUSH] HEAD SHA: 402040b6e093ec26df6d747f56831085b28bb735
[2026-08-02 15:43:19] [BACKUP-START] Mirroring to backup remote...
[2026-08-02 15:43:20] [BACKUP-START] Mirroring to backup remote...
========================================
[2026-08-02 15:43:19] [PUSH-EVENT] Push detected.
========================================
[2026-08-02 15:43:19] [PUSH-EVENT] Push detected.
[2026-08-02 15:43:20] [BACKUP-START] Mirroring to backup remote...
[2026-08-02 15:43:20] [BACKUP-START] Mirroring to backup remote...
[2026-08-02 15:43:19] [PRE-PUSH] HEAD SHA: 402040b6e093ec26df6d747f56831085b28bb735
[2026-08-02 15:43:19] [PRE-PUSH] HEAD SHA: 402040b6e093ec26df6d747f56831085b28bb735
========================================
[2026-08-02 15:43:22] [PUSH-EVENT] Push detected.
[2026-08-02 15:43:22] [PRE-PUSH] HEAD SHA: 402040b6e093ec26df6d747f56831085b28bb735
========================================
[2026-08-02 15:43:22] [PUSH-EVENT] Push detected.
[2026-08-02 15:43:23] [BACKUP-START] Mirroring to backup remote...
[2026-08-02 15:43:22] [PRE-PUSH] HEAD SHA: 402040b6e093ec26df6d747f56831085b28bb735
========================================
[2026-08-02 15:43:23] [PUSH-EVENT] Push detected.
[2026-08-02 15:43:23] [PRE-PUSH] HEAD SHA: 402040b6e093ec26df6d747f56831085b28bb735
[2026-08-02 15:43:26] [BACKUP-START] Mirroring to backup remote...
[2026-08-02 15:43:26] [BACKUP-START] Mirroring to backup remote...
[2026-08-02 15:43:28] [BACKUP-START] Mirroring to backup remote...
[2026-08-02 15:43:28] [BACKUP-START] Mirroring to backup remote...
========================================
[2026-08-02 15:43:29] [PUSH-EVENT] Push detected.
[2026-08-02 15:43:29] [BACKUP-START] Mirroring to backup remote...
========================================
[2026-08-02 15:43:29] [PUSH-EVENT] Push detected.
[2026-08-02 15:43:29] [PRE-PUSH] HEAD SHA: 402040b6e093ec26df6d747f56831085b28bb735
========================================
[2026-08-02 15:43:30] [PUSH-EVENT] Push detected.
[2026-08-02 15:43:29] [PRE-PUSH] HEAD SHA: 402040b6e093ec26df6d747f56831085b28bb735
[2026-08-02 15:43:30] [PRE-PUSH] HEAD SHA: 402040b6e093ec26df6d747f56831085b28bb735
========================================
[2026-08-02 15:43:31] [PUSH-EVENT] Push detected.
========================================
[2026-08-02 15:43:31] [PUSH-EVENT] Push detected.
[2026-08-02 15:43:31] [PRE-PUSH] HEAD SHA: 402040b6e093ec26df6d747f56831085b28bb735
========================================
[2026-08-02 15:43:32] [PUSH-EVENT] Push detected.
[2026-08-02 15:43:31] [PRE-PUSH] HEAD SHA: 402040b6e093ec26df6d747f56831085b28bb735
[2026-08-02 15:43:32] [PRE-PUSH] HEAD SHA: 402040b6e093ec26df6d747f56831085b28bb735
========================================
[2026-08-02 15:43:33] [PUSH-EVENT] Push detected.
[2026-08-02 15:43:33] [PRE-PUSH] HEAD SHA: 402040b6e093ec26df6d747f56831085b28bb735
[2026-08-02 15:43:36] [BACKUP-START] Mirroring to backup remote...
[2026-08-02 15:43:37] [BACKUP-START] Mirroring to backup remote...
[2026-08-02 15:43:37] [BACKUP-START] Mirroring to backup remote...
[2026-08-02 15:43:38] [BACKUP-START] Mirroring to backup remote...
[2026-08-02 15:43:38] [BACKUP-START] Mirroring to backup remote...
[2026-08-02 15:43:38] [BACKUP-START] Mirroring to backup remote...
========================================
[2026-08-02 15:43:38] [PUSH-EVENT] Push detected.
[2026-08-02 15:43:39] [BACKUP-START] Mirroring to backup remote...
[2026-08-02 15:43:38] [PRE-PUSH] HEAD SHA: 402040b6e093ec26df6d747f56831085b28bb735
========================================
[2026-08-02 15:43:40] [PUSH-EVENT] Push detected.
========================================
[2026-08-02 15:43:40] [PUSH-EVENT] Push detected.
[2026-08-02 15:43:40] [PRE-PUSH] HEAD SHA: 402040b6e093ec26df6d747f56831085b28bb735
========================================
[2026-08-02 15:43:41] [PUSH-EVENT] Push detected.
[2026-08-02 15:43:40] [PRE-PUSH] HEAD SHA: 402040b6e093ec26df6d747f56831085b28bb735
[2026-08-02 15:43:41] [PRE-PUSH] HEAD SHA: 402040b6e093ec26df6d747f56831085b28bb735
========================================
[2026-08-02 15:43:42] [PUSH-EVENT] Push detected.
========================================
[2026-08-02 15:43:42] [PUSH-EVENT] Push detected.
[2026-08-02 15:43:42] [PRE-PUSH] HEAD SHA: 402040b6e093ec26df6d747f56831085b28bb735
[2026-08-02 15:43:42] [PRE-PUSH] HEAD SHA: 402040b6e093ec26df6d747f56831085b28bb735
========================================
[2026-08-02 15:43:43] [PUSH-EVENT] Push detected.
[2026-08-02 15:43:43] [PRE-PUSH] HEAD SHA: 402040b6e093ec26df6d747f56831085b28bb735
[2026-08-02 15:43:45] [BACKUP-START] Mirroring to backup remote...
[2026-08-02 15:43:47] [BACKUP-START] Mirroring to backup remote...
[2026-08-02 15:43:48] [BACKUP-START] Mirroring to backup remote...
[2026-08-02 15:43:48] [BACKUP-START] Mirroring to backup remote...
[2026-08-02 15:43:48] [BACKUP-START] Mirroring to backup remote...
[2026-08-02 15:43:48] [BACKUP-START] Mirroring to backup remote...
========================================
[2026-08-02 15:43:48] [PUSH-EVENT] Push detected.
[2026-08-02 15:43:49] [BACKUP-START] Mirroring to backup remote...
[2026-08-02 15:43:48] [PRE-PUSH] HEAD SHA: 402040b6e093ec26df6d747f56831085b28bb735
========================================
[2026-08-02 15:43:49] [PUSH-EVENT] Push detected.
[2026-08-02 15:43:49] [PRE-PUSH] HEAD SHA: 402040b6e093ec26df6d747f56831085b28bb735
[2026-08-02 15:43:54] [BACKUP-START] Mirroring to backup remote...
========================================
[2026-08-02 15:43:55] [PUSH-EVENT] Push detected.
[2026-08-02 15:43:56] [BACKUP-START] Mirroring to backup remote...
========================================
[2026-08-02 15:43:56] [PUSH-EVENT] Push detected.
[2026-08-02 15:43:55] [PRE-PUSH] HEAD SHA: 402040b6e093ec26df6d747f56831085b28bb735
========================================
[2026-08-02 15:43:56] [PUSH-EVENT] Push detected.
[2026-08-02 15:43:56] [PRE-PUSH] HEAD SHA: 402040b6e093ec26df6d747f56831085b28bb735
========================================
[2026-08-02 15:43:57] [PUSH-EVENT] Push detected.
========================================
[2026-08-02 15:43:57] [PUSH-EVENT] Push detected.
[2026-08-02 15:43:56] [PRE-PUSH] HEAD SHA: 402040b6e093ec26df6d747f56831085b28bb735
[2026-08-02 15:43:57] [PRE-PUSH] HEAD SHA: 402040b6e093ec26df6d747f56831085b28bb735
[2026-08-02 15:43:57] [PRE-PUSH] HEAD SHA: 402040b6e093ec26df6d747f56831085b28bb735
========================================
[2026-08-02 15:43:58] [PUSH-EVENT] Push detected.
[2026-08-02 15:43:58] [PRE-PUSH] HEAD SHA: 402040b6e093ec26df6d747f56831085b28bb735
========================================
[2026-08-02 15:43:59] [PUSH-EVENT] Push detected.
[2026-08-02 15:43:59] [PRE-PUSH] HEAD SHA: 402040b6e093ec26df6d747f56831085b28bb735
[2026-08-02 15:44:03] [BACKUP-START] Mirroring to backup remote...
[2026-08-02 15:44:03] [BACKUP-START] Mirroring to backup remote...
[2026-08-02 15:44:03] [BACKUP-START] Mirroring to backup remote...
[2026-08-02 15:44:04] [BACKUP-START] Mirroring to backup remote...
[2026-08-02 15:44:04] [BACKUP-START] Mirroring to backup remote...
[2026-08-02 15:44:05] [BACKUP-START] Mirroring to backup remote...
[2026-08-02 15:44:06] [BACKUP-START] Mirroring to backup remote...
========================================
[2026-08-02 15:44:06] [PUSH-EVENT] Push detected.
========================================
[2026-08-02 15:44:06] [PUSH-EVENT] Push detected.
========================================
[2026-08-02 15:44:07] [PUSH-EVENT] Push detected.
[2026-08-02 15:44:06] [PRE-PUSH] HEAD SHA: 402040b6e093ec26df6d747f56831085b28bb735
[2026-08-02 15:44:07] [PRE-PUSH] HEAD SHA: 402040b6e093ec26df6d747f56831085b28bb735
[2026-08-02 15:44:06] [PRE-PUSH] HEAD SHA: 402040b6e093ec26df6d747f56831085b28bb735
========================================
[2026-08-02 15:44:08] [PUSH-EVENT] Push detected.
========================================
[2026-08-02 15:44:08] [PUSH-EVENT] Push detected.
[2026-08-02 15:44:08] [PRE-PUSH] HEAD SHA: 402040b6e093ec26df6d747f56831085b28bb735
[2026-08-02 15:44:08] [PRE-PUSH] HEAD SHA: 402040b6e093ec26df6d747f56831085b28bb735
========================================
[2026-08-02 15:44:09] [PUSH-EVENT] Push detected.
[2026-08-02 15:44:09] [PRE-PUSH] HEAD SHA: 402040b6e093ec26df6d747f56831085b28bb735
[2026-08-02 15:44:13] [BACKUP-START] Mirroring to backup remote...
[2026-08-02 15:44:13] [BACKUP-START] Mirroring to backup remote...
[2026-08-02 15:44:14] [BACKUP-START] Mirroring to backup remote...
[2026-08-02 15:44:15] [BACKUP-START] Mirroring to backup remote...
========================================
[2026-08-02 15:44:14] [PUSH-EVENT] Push detected.
[2026-08-02 15:44:15] [BACKUP-START] Mirroring to backup remote...
[2026-08-02 15:44:15] [BACKUP-START] Mirroring to backup remote...
[2026-08-02 15:44:14] [PRE-PUSH] HEAD SHA: 402040b6e093ec26df6d747f56831085b28bb735
========================================
[2026-08-02 15:44:17] [PUSH-EVENT] Push detected.
========================================
[2026-08-02 15:44:17] [PUSH-EVENT] Push detected.
[2026-08-02 15:44:17] [PRE-PUSH] HEAD SHA: 402040b6e093ec26df6d747f56831085b28bb735
[2026-08-02 15:44:17] [PRE-PUSH] HEAD SHA: 402040b6e093ec26df6d747f56831085b28bb735
========================================
[2026-08-02 15:44:18] [PUSH-EVENT] Push detected.
========================================
[2026-08-02 15:44:19] [PUSH-EVENT] Push detected.
[2026-08-02 15:44:18] [PRE-PUSH] HEAD SHA: 402040b6e093ec26df6d747f56831085b28bb735
[2026-08-02 15:44:19] [PRE-PUSH] HEAD SHA: 402040b6e093ec26df6d747f56831085b28bb735
========================================
[2026-08-02 15:44:20] [PUSH-EVENT] Push detected.
========================================
[2026-08-02 15:44:20] [PUSH-EVENT] Push detected.
[2026-08-02 15:44:20] [PRE-PUSH] HEAD SHA: 402040b6e093ec26df6d747f56831085b28bb735
[2026-08-02 15:44:20] [PRE-PUSH] HEAD SHA: 402040b6e093ec26df6d747f56831085b28bb735
[2026-08-02 15:44:22] [BACKUP-START] Mirroring to backup remote...
[2026-08-02 15:44:24] [BACKUP-START] Mirroring to backup remote...
[2026-08-02 15:44:24] [BACKUP-START] Mirroring to backup remote...
========================================
[2026-08-02 15:44:25] [PUSH-EVENT] Push detected.
[2026-08-02 15:44:25] [PRE-PUSH] HEAD SHA: 402040b6e093ec26df6d747f56831085b28bb735
[2026-08-02 15:44:25] [BACKUP-START] Mirroring to backup remote...
[2026-08-02 15:44:26] [BACKUP-START] Mirroring to backup remote...
[2026-08-02 15:44:26] [BACKUP-START] Mirroring to backup remote...
[2026-08-02 15:44:27] [BACKUP-START] Mirroring to backup remote...
========================================
[2026-08-02 15:44:26] [PUSH-EVENT] Push detected.
========================================
[2026-08-02 15:44:26] [PUSH-EVENT] Push detected.
[2026-08-02 15:44:26] [PRE-PUSH] HEAD SHA: 402040b6e093ec26df6d747f56831085b28bb735
[2026-08-02 15:44:26] [PRE-PUSH] HEAD SHA: 402040b6e093ec26df6d747f56831085b28bb735
========================================
[2026-08-02 15:44:28] [PUSH-EVENT] Push detected.
[2026-08-02 15:44:28] [PRE-PUSH] HEAD SHA: 402040b6e093ec26df6d747f56831085b28bb735
[2026-08-02 15:44:31] [BACKUP-START] Mirroring to backup remote...
[2026-08-02 15:44:33] [BACKUP-START] Mirroring to backup remote...
[2026-08-02 15:44:33] [BACKUP-START] Mirroring to backup remote...
========================================
[2026-08-02 15:44:33] [PUSH-EVENT] Push detected.
[2026-08-02 15:44:33] [PRE-PUSH] HEAD SHA: 402040b6e093ec26df6d747f56831085b28bb735
[2026-08-02 15:44:34] [BACKUP-START] Mirroring to backup remote...
========================================
[2026-08-02 15:44:34] [PUSH-EVENT] Push detected.
========================================
[2026-08-02 15:44:34] [PUSH-EVENT] Push detected.
[2026-08-02 15:44:34] [PRE-PUSH] HEAD SHA: 402040b6e093ec26df6d747f56831085b28bb735
[2026-08-02 15:44:34] [PRE-PUSH] HEAD SHA: 402040b6e093ec26df6d747f56831085b28bb735
========================================
[2026-08-02 15:44:37] [PUSH-EVENT] Push detected.
========================================
[2026-08-02 15:44:37] [PUSH-EVENT] Push detected.
========================================
[2026-08-02 15:44:37] [PUSH-EVENT] Push detected.
[2026-08-02 15:44:37] [PRE-PUSH] HEAD SHA: 402040b6e093ec26df6d747f56831085b28bb735
[2026-08-02 15:44:37] [PRE-PUSH] HEAD SHA: 402040b6e093ec26df6d747f56831085b28bb735
[2026-08-02 15:44:37] [PRE-PUSH] HEAD SHA: 402040b6e093ec26df6d747f56831085b28bb735
========================================
[2026-08-02 15:44:38] [PUSH-EVENT] Push detected.
[2026-08-02 15:44:38] [PRE-PUSH] HEAD SHA: 402040b6e093ec26df6d747f56831085b28bb735
[2026-08-02 15:44:40] [BACKUP-START] Mirroring to backup remote...
[2026-08-02 15:44:43] [BACKUP-START] Mirroring to backup remote...
[2026-08-02 15:44:43] [BACKUP-START] Mirroring to backup remote...
========================================
[2026-08-02 15:44:43] [PUSH-EVENT] Push detected.
[2026-08-02 15:44:43] [PRE-PUSH] HEAD SHA: 402040b6e093ec26df6d747f56831085b28bb735
[2026-08-02 15:44:44] [BACKUP-START] Mirroring to backup remote...
[2026-08-02 15:44:44] [BACKUP-START] Mirroring to backup remote...
[2026-08-02 15:44:44] [BACKUP-START] Mirroring to backup remote...
[2026-08-02 15:44:45] [BACKUP-START] Mirroring to backup remote...
========================================
[2026-08-02 15:44:46] [PUSH-EVENT] Push detected.
========================================
[2026-08-02 15:44:46] [PUSH-EVENT] Push detected.
[2026-08-02 15:44:46] [PRE-PUSH] HEAD SHA: 402040b6e093ec26df6d747f56831085b28bb735
[2026-08-02 15:44:46] [PRE-PUSH] HEAD SHA: 402040b6e093ec26df6d747f56831085b28bb735
========================================
[2026-08-02 15:44:47] [PUSH-EVENT] Push detected.
========================================
[2026-08-02 15:44:47] [PUSH-EVENT] Push detected.
[2026-08-02 15:44:47] [PRE-PUSH] HEAD SHA: 402040b6e093ec26df6d747f56831085b28bb735
[2026-08-02 15:44:47] [PRE-PUSH] HEAD SHA: 402040b6e093ec26df6d747f56831085b28bb735
========================================
[2026-08-02 15:44:49] [PUSH-EVENT] Push detected.
========================================
[2026-08-02 15:44:49] [PUSH-EVENT] Push detected.
[2026-08-02 15:44:49] [BACKUP-START] Mirroring to backup remote...
[2026-08-02 15:44:49] [PRE-PUSH] HEAD SHA: 402040b6e093ec26df6d747f56831085b28bb735
[2026-08-02 15:44:49] [PRE-PUSH] HEAD SHA: 402040b6e093ec26df6d747f56831085b28bb735
========================================
[2026-08-02 15:44:52] [PUSH-EVENT] Push detected.
[2026-08-02 15:44:52] [PRE-PUSH] HEAD SHA: 402040b6e093ec26df6d747f56831085b28bb735
[2026-08-02 15:44:53] [BACKUP-START] Mirroring to backup remote...
[2026-08-02 15:44:54] [BACKUP-START] Mirroring to backup remote...
[2026-08-02 15:44:54] [BACKUP-START] Mirroring to backup remote...
[2026-08-02 15:44:55] [BACKUP-START] Mirroring to backup remote...
[2026-08-02 15:44:55] [BACKUP-START] Mirroring to backup remote...
[2026-08-02 15:44:55] [BACKUP-START] Mirroring to backup remote...
========================================
[2026-08-02 15:44:56] [PUSH-EVENT] Push detected.
[2026-08-02 15:44:56] [PRE-PUSH] HEAD SHA: 402040b6e093ec26df6d747f56831085b28bb735
[2026-08-02 15:44:58] [BACKUP-START] Mirroring to backup remote...
========================================
[2026-08-02 15:45:01] [PUSH-EVENT] Push detected.
[2026-08-02 15:45:01] [PRE-PUSH] HEAD SHA: 402040b6e093ec26df6d747f56831085b28bb735
========================================
[2026-08-02 15:45:02] [PUSH-EVENT] Push detected.
========================================
[2026-08-02 15:45:02] [PUSH-EVENT] Push detected.
[2026-08-02 15:45:03] [BACKUP-START] Mirroring to backup remote...
========================================
[2026-08-02 15:45:03] [PUSH-EVENT] Push detected.
[2026-08-02 15:45:02] [PRE-PUSH] HEAD SHA: 402040b6e093ec26df6d747f56831085b28bb735
========================================
[2026-08-02 15:45:02] [PUSH-EVENT] Push detected.
[2026-08-02 15:45:02] [PRE-PUSH] HEAD SHA: 402040b6e093ec26df6d747f56831085b28bb735
[2026-08-02 15:45:03] [PRE-PUSH] HEAD SHA: 402040b6e093ec26df6d747f56831085b28bb735
[2026-08-02 15:45:02] [PRE-PUSH] HEAD SHA: 402040b6e093ec26df6d747f56831085b28bb735
========================================
[2026-08-02 15:45:04] [PUSH-EVENT] Push detected.
[2026-08-02 15:45:04] [PRE-PUSH] HEAD SHA: 402040b6e093ec26df6d747f56831085b28bb735
========================================
[2026-08-02 15:45:06] [PUSH-EVENT] Push detected.
[2026-08-02 15:45:06] [PRE-PUSH] HEAD SHA: 402040b6e093ec26df6d747f56831085b28bb735
[2026-08-02 15:45:08] [BACKUP-START] Mirroring to backup remote...
[2026-08-02 15:45:09] [BACKUP-START] Mirroring to backup remote...
[2026-08-02 15:45:09] [BACKUP-START] Mirroring to backup remote...
[2026-08-02 15:45:10] [BACKUP-START] Mirroring to backup remote...
[2026-08-02 15:45:10] [BACKUP-START] Mirroring to backup remote...
========================================
[2026-08-02 15:45:10] [PUSH-EVENT] Push detected.
[2026-08-02 15:45:10] [BACKUP-START] Mirroring to backup remote...
[2026-08-02 15:45:10] [PRE-PUSH] HEAD SHA: 402040b6e093ec26df6d747f56831085b28bb735
========================================
[2026-08-02 15:45:12] [PUSH-EVENT] Push detected.
[2026-08-02 15:45:12] [PRE-PUSH] HEAD SHA: 402040b6e093ec26df6d747f56831085b28bb735
========================================
[2026-08-02 15:45:12] [PUSH-EVENT] Push detected.
[2026-08-02 15:45:13] [BACKUP-START] Mirroring to backup remote...
[2026-08-02 15:45:12] [PRE-PUSH] HEAD SHA: 402040b6e093ec26df6d747f56831085b28bb735
========================================
[2026-08-02 15:45:13] [PUSH-EVENT] Push detected.
[2026-08-02 15:45:13] [PRE-PUSH] HEAD SHA: 402040b6e093ec26df6d747f56831085b28bb735
========================================
[2026-08-02 15:45:14] [PUSH-EVENT] Push detected.
[2026-08-02 15:45:14] [PRE-PUSH] HEAD SHA: 402040b6e093ec26df6d747f56831085b28bb735
========================================
[2026-08-02 15:45:16] [PUSH-EVENT] Push detected.
[2026-08-02 15:45:16] [PRE-PUSH] HEAD SHA: 402040b6e093ec26df6d747f56831085b28bb735
[2026-08-02 15:45:17] [BACKUP-START] Mirroring to backup remote...
[2026-08-02 15:45:18] [BACKUP-START] Mirroring to backup remote...
========================================
[2026-08-02 15:45:18] [PUSH-EVENT] Push detected.
[2026-08-02 15:45:19] [BACKUP-START] Mirroring to backup remote...
========================================
[2026-08-02 15:45:19] [PUSH-EVENT] Push detected.
[2026-08-02 15:45:18] [PRE-PUSH] HEAD SHA: 402040b6e093ec26df6d747f56831085b28bb735
[2026-08-02 15:45:20] [BACKUP-START] Mirroring to backup remote...
[2026-08-02 15:45:19] [PRE-PUSH] HEAD SHA: 402040b6e093ec26df6d747f56831085b28bb735
[2026-08-02 15:45:20] [BACKUP-START] Mirroring to backup remote...
========================================
[2026-08-02 15:45:21] [PUSH-EVENT] Push detected.
[2026-08-02 15:45:22] [BACKUP-START] Mirroring to backup remote...
[2026-08-02 15:45:21] [PRE-PUSH] HEAD SHA: 402040b6e093ec26df6d747f56831085b28bb735
========================================
[2026-08-02 15:45:23] [PUSH-EVENT] Push detected.
[2026-08-02 15:45:23] [PRE-PUSH] HEAD SHA: 402040b6e093ec26df6d747f56831085b28bb735
========================================
[2026-08-02 15:45:24] [PUSH-EVENT] Push detected.
[2026-08-02 15:45:24] [PRE-PUSH] HEAD SHA: 402040b6e093ec26df6d747f56831085b28bb735
========================================
[2026-08-02 15:45:25] [PUSH-EVENT] Push detected.
[2026-08-02 15:45:25] [BACKUP-START] Mirroring to backup remote...
[2026-08-02 15:45:26] [BACKUP-START] Mirroring to backup remote...
[2026-08-02 15:45:25] [PRE-PUSH] HEAD SHA: 402040b6e093ec26df6d747f56831085b28bb735
========================================
[2026-08-02 15:45:28] [PUSH-EVENT] Push detected.
[2026-08-02 15:45:28] [BACKUP-START] Mirroring to backup remote...
[2026-08-02 15:45:28] [PRE-PUSH] HEAD SHA: 402040b6e093ec26df6d747f56831085b28bb735
========================================
[2026-08-02 15:45:29] [PUSH-EVENT] Push detected.
[2026-08-02 15:45:29] [BACKUP-START] Mirroring to backup remote...
========================================
[2026-08-02 15:45:29] [PUSH-EVENT] Push detected.
[2026-08-02 15:45:29] [PRE-PUSH] HEAD SHA: 402040b6e093ec26df6d747f56831085b28bb735
[2026-08-02 15:45:29] [PRE-PUSH] HEAD SHA: 402040b6e093ec26df6d747f56831085b28bb735
[2026-08-02 15:45:31] [BACKUP-START] Mirroring to backup remote...
========================================
[2026-08-02 15:45:31] [PUSH-EVENT] Push detected.
[2026-08-02 15:45:31] [PRE-PUSH] HEAD SHA: 402040b6e093ec26df6d747f56831085b28bb735
[2026-08-02 15:45:32] [BACKUP-START] Mirroring to backup remote...
========================================
[2026-08-02 15:45:32] [PUSH-EVENT] Push detected.
[2026-08-02 15:45:32] [PRE-PUSH] HEAD SHA: 402040b6e093ec26df6d747f56831085b28bb735
========================================
[2026-08-02 15:45:34] [PUSH-EVENT] Push detected.
[2026-08-02 15:45:34] [BACKUP-START] Mirroring to backup remote...
[2026-08-02 15:45:34] [PRE-PUSH] HEAD SHA: 402040b6e093ec26df6d747f56831085b28bb735
[2026-08-02 15:45:35] [BACKUP-START] Mirroring to backup remote...
========================================
[2026-08-02 15:45:35] [PUSH-EVENT] Push detected.
[2026-08-02 15:45:35] [BACKUP-START] Mirroring to backup remote...
[2026-08-02 15:45:35] [PRE-PUSH] HEAD SHA: 402040b6e093ec26df6d747f56831085b28bb735
[2026-08-02 15:45:37] [BACKUP-START] Mirroring to backup remote...
========================================
[2026-08-02 15:45:37] [PUSH-EVENT] Push detected.
[2026-08-02 15:45:37] [PRE-PUSH] HEAD SHA: 402040b6e093ec26df6d747f56831085b28bb735
========================================
[2026-08-02 15:45:38] [PUSH-EVENT] Push detected.
========================================
[2026-08-02 15:45:38] [PUSH-EVENT] Push detected.
[2026-08-02 15:45:38] [PRE-PUSH] HEAD SHA: 402040b6e093ec26df6d747f56831085b28bb735
[2026-08-02 15:45:39] [BACKUP-START] Mirroring to backup remote...
[2026-08-02 15:45:38] [PRE-PUSH] HEAD SHA: 402040b6e093ec26df6d747f56831085b28bb735
[2026-08-02 15:45:41] [BACKUP-START] Mirroring to backup remote...
========================================
[2026-08-02 15:45:41] [PUSH-EVENT] Push detected.
[2026-08-02 15:45:41] [PRE-PUSH] HEAD SHA: 402040b6e093ec26df6d747f56831085b28bb735
[2026-08-02 15:45:42] [BACKUP-START] Mirroring to backup remote...
========================================
[2026-08-02 15:45:43] [PUSH-EVENT] Push detected.
[2026-08-02 15:45:44] [BACKUP-START] Mirroring to backup remote...
[2026-08-02 15:45:43] [PRE-PUSH] HEAD SHA: 402040b6e093ec26df6d747f56831085b28bb735
[2026-08-02 15:45:44] [BACKUP-START] Mirroring to backup remote...
[2026-08-02 15:45:45] [BACKUP-START] Mirroring to backup remote...
========================================
[2026-08-02 15:45:45] [PUSH-EVENT] Push detected.
========================================
[2026-08-02 15:45:45] [PUSH-EVENT] Push detected.
[2026-08-02 15:45:45] [PRE-PUSH] HEAD SHA: 402040b6e093ec26df6d747f56831085b28bb735
[2026-08-02 15:45:45] [PRE-PUSH] HEAD SHA: 402040b6e093ec26df6d747f56831085b28bb735
========================================
[2026-08-02 15:45:47] [PUSH-EVENT] Push detected.
========================================
[2026-08-02 15:45:47] [PUSH-EVENT] Push detected.
[2026-08-02 15:45:47] [BACKUP-START] Mirroring to backup remote...
[2026-08-02 15:45:47] [PRE-PUSH] HEAD SHA: 402040b6e093ec26df6d747f56831085b28bb735
[2026-08-02 15:45:47] [PRE-PUSH] HEAD SHA: 402040b6e093ec26df6d747f56831085b28bb735
[2026-08-02 15:45:50] [BACKUP-START] Mirroring to backup remote...
========================================
[2026-08-02 15:45:50] [PUSH-EVENT] Push detected.
[2026-08-02 15:45:50] [PRE-PUSH] HEAD SHA: 402040b6e093ec26df6d747f56831085b28bb735
[2026-08-02 15:45:51] [BACKUP-START] Mirroring to backup remote...
[2026-08-02 15:45:51] [BACKUP-START] Mirroring to backup remote...
========================================
[2026-08-02 15:45:53] [PUSH-EVENT] Push detected.
[2026-08-02 15:45:53] [BACKUP-START] Mirroring to backup remote...
[2026-08-02 15:45:53] [BACKUP-START] Mirroring to backup remote...
[2026-08-02 15:45:53] [PRE-PUSH] HEAD SHA: 402040b6e093ec26df6d747f56831085b28bb735
========================================
[2026-08-02 15:45:54] [PUSH-EVENT] Push detected.
[2026-08-02 15:45:54] [PRE-PUSH] HEAD SHA: 402040b6e093ec26df6d747f56831085b28bb735
========================================
[2026-08-02 15:45:55] [PUSH-EVENT] Push detected.
========================================
[2026-08-02 15:45:55] [PUSH-EVENT] Push detected.
[2026-08-02 15:45:55] [PRE-PUSH] HEAD SHA: 402040b6e093ec26df6d747f56831085b28bb735
[2026-08-02 15:45:56] [BACKUP-START] Mirroring to backup remote...
[2026-08-02 15:45:55] [PRE-PUSH] HEAD SHA: 402040b6e093ec26df6d747f56831085b28bb735
========================================
[2026-08-02 15:45:57] [PUSH-EVENT] Push detected.
========================================
[2026-08-02 15:45:57] [PUSH-EVENT] Push detected.
[2026-08-02 15:45:57] [PRE-PUSH] HEAD SHA: 402040b6e093ec26df6d747f56831085b28bb735
[2026-08-02 15:45:57] [PRE-PUSH] HEAD SHA: 402040b6e093ec26df6d747f56831085b28bb735
========================================
[2026-08-02 15:45:59] [PUSH-EVENT] Push detected.
[2026-08-02 15:46:00] [BACKUP-START] Mirroring to backup remote...
[2026-08-02 15:45:59] [PRE-PUSH] HEAD SHA: 402040b6e093ec26df6d747f56831085b28bb735
[2026-08-02 15:46:01] [BACKUP-START] Mirroring to backup remote...
[2026-08-02 15:46:02] [BACKUP-START] Mirroring to backup remote...
========================================
[2026-08-02 15:46:02] [PUSH-EVENT] Push detected.
[2026-08-02 15:46:03] [BACKUP-START] Mirroring to backup remote...
[2026-08-02 15:46:02] [PRE-PUSH] HEAD SHA: 402040b6e093ec26df6d747f56831085b28bb735
[2026-08-02 15:46:03] [BACKUP-START] Mirroring to backup remote...
[2026-08-02 15:46:04] [BACKUP-START] Mirroring to backup remote...
========================================
[2026-08-02 15:46:03] [PUSH-EVENT] Push detected.
[2026-08-02 15:46:03] [PRE-PUSH] HEAD SHA: 402040b6e093ec26df6d747f56831085b28bb735
========================================
[2026-08-02 15:46:05] [PUSH-EVENT] Push detected.
[2026-08-02 15:46:06] [BACKUP-START] Mirroring to backup remote...
[2026-08-02 15:46:05] [PRE-PUSH] HEAD SHA: 402040b6e093ec26df6d747f56831085b28bb735
========================================
[2026-08-02 15:46:06] [PUSH-EVENT] Push detected.
========================================
[2026-08-02 15:46:07] [PUSH-EVENT] Push detected.
[2026-08-02 15:46:06] [PRE-PUSH] HEAD SHA: 402040b6e093ec26df6d747f56831085b28bb735
[2026-08-02 15:46:07] [PRE-PUSH] HEAD SHA: 402040b6e093ec26df6d747f56831085b28bb735
[2026-08-02 15:46:09] [BACKUP-START] Mirroring to backup remote...
[2026-08-02 15:46:11] [BACKUP-START] Mirroring to backup remote...
[2026-08-02 15:46:11] [BACKUP-START] Mirroring to backup remote...
[2026-08-02 15:46:13] [BACKUP-START] Mirroring to backup remote...
[2026-08-02 15:46:13] [BACKUP-START] Mirroring to backup remote...
========================================
[2026-08-02 15:46:13] [PUSH-EVENT] Push detected.
[2026-08-02 15:46:13] [PRE-PUSH] HEAD SHA: 402040b6e093ec26df6d747f56831085b28bb735
========================================
[2026-08-02 15:46:15] [PUSH-EVENT] Push detected.
========================================
[2026-08-02 15:46:15] [PUSH-EVENT] Push detected.
========================================
[2026-08-02 15:46:15] [PUSH-EVENT] Push detected.
========================================
[2026-08-02 15:46:15] [PUSH-EVENT] Push detected.
[2026-08-02 15:46:15] [PRE-PUSH] HEAD SHA: 402040b6e093ec26df6d747f56831085b28bb735
[2026-08-02 15:46:15] [PRE-PUSH] HEAD SHA: 402040b6e093ec26df6d747f56831085b28bb735
[2026-08-02 15:46:15] [PRE-PUSH] HEAD SHA: 402040b6e093ec26df6d747f56831085b28bb735
[2026-08-02 15:46:15] [PRE-PUSH] HEAD SHA: 402040b6e093ec26df6d747f56831085b28bb735
========================================
[2026-08-02 15:46:17] [PUSH-EVENT] Push detected.
========================================
[2026-08-02 15:46:17] [PUSH-EVENT] Push detected.
[2026-08-02 15:46:17] [PRE-PUSH] HEAD SHA: 402040b6e093ec26df6d747f56831085b28bb735
[2026-08-02 15:46:17] [PRE-PUSH] HEAD SHA: 402040b6e093ec26df6d747f56831085b28bb735
[2026-08-02 15:46:20] [BACKUP-START] Mirroring to backup remote...
[2026-08-02 15:46:22] [BACKUP-START] Mirroring to backup remote...
[2026-08-02 15:46:22] [BACKUP-START] Mirroring to backup remote...
[2026-08-02 15:46:22] [BACKUP-START] Mirroring to backup remote...
[2026-08-02 15:46:23] [BACKUP-START] Mirroring to backup remote...
[2026-08-02 15:46:23] [BACKUP-START] Mirroring to backup remote...
========================================
[2026-08-02 15:46:23] [PUSH-EVENT] Push detected.
[2026-08-02 15:46:24] [BACKUP-START] Mirroring to backup remote...
[2026-08-02 15:46:23] [PRE-PUSH] HEAD SHA: 402040b6e093ec26df6d747f56831085b28bb735
========================================
[2026-08-02 15:46:27] [PUSH-EVENT] Push detected.
========================================
[2026-08-02 15:46:29] [PUSH-EVENT] Push detected.
========================================
[2026-08-02 15:46:29] [PUSH-EVENT] Push detected.
[2026-08-02 15:46:27] [PRE-PUSH] HEAD SHA: 402040b6e093ec26df6d747f56831085b28bb735
[2026-08-02 15:46:29] [PRE-PUSH] HEAD SHA: 402040b6e093ec26df6d747f56831085b28bb735
[2026-08-02 15:46:29] [PRE-PUSH] HEAD SHA: 402040b6e093ec26df6d747f56831085b28bb735
[2026-08-02 15:46:32] [BACKUP-START] Mirroring to backup remote...
========================================
[2026-08-02 15:46:32] [PUSH-EVENT] Push detected.
========================================
[2026-08-02 15:46:32] [PUSH-EVENT] Push detected.
========================================
[2026-08-02 15:46:33] [PUSH-EVENT] Push detected.
[2026-08-02 15:46:32] [PRE-PUSH] HEAD SHA: 402040b6e093ec26df6d747f56831085b28bb735
[2026-08-02 15:46:32] [PRE-PUSH] HEAD SHA: 402040b6e093ec26df6d747f56831085b28bb735
[2026-08-02 15:46:33] [PRE-PUSH] HEAD SHA: 402040b6e093ec26df6d747f56831085b28bb735
========================================
[2026-08-02 15:46:36] [PUSH-EVENT] Push detected.
[2026-08-02 15:46:36] [PRE-PUSH] HEAD SHA: 402040b6e093ec26df6d747f56831085b28bb735
[2026-08-02 15:46:38] [BACKUP-START] Mirroring to backup remote...
[2026-08-02 15:46:38] [BACKUP-START] Mirroring to backup remote...
[2026-08-02 15:46:38] [BACKUP-START] Mirroring to backup remote...
[2026-08-02 15:46:40] [BACKUP-START] Mirroring to backup remote...
[2026-08-02 15:46:41] [BACKUP-START] Mirroring to backup remote...
[2026-08-02 15:46:41] [BACKUP-START] Mirroring to backup remote...
[2026-08-02 15:46:43] [BACKUP-START] Mirroring to backup remote...
========================================
[2026-08-02 15:46:48] [PUSH-EVENT] Push detected.
========================================
[2026-08-02 15:46:48] [PUSH-EVENT] Push detected.
========================================
[2026-08-02 15:46:48] [PUSH-EVENT] Push detected.
[2026-08-02 15:46:48] [PRE-PUSH] HEAD SHA: 402040b6e093ec26df6d747f56831085b28bb735
[2026-08-02 15:46:48] [PRE-PUSH] HEAD SHA: 402040b6e093ec26df6d747f56831085b28bb735
[2026-08-02 15:46:48] [PRE-PUSH] HEAD SHA: 402040b6e093ec26df6d747f56831085b28bb735
========================================
[2026-08-02 15:46:50] [PUSH-EVENT] Push detected.
========================================
[2026-08-02 15:46:50] [PUSH-EVENT] Push detected.
========================================
[2026-08-02 15:46:51] [PUSH-EVENT] Push detected.
========================================
[2026-08-02 15:46:51] [PUSH-EVENT] Push detected.
[2026-08-02 15:46:50] [PRE-PUSH] HEAD SHA: 402040b6e093ec26df6d747f56831085b28bb735
[2026-08-02 15:46:50] [PRE-PUSH] HEAD SHA: 402040b6e093ec26df6d747f56831085b28bb735
[2026-08-02 15:46:51] [PRE-PUSH] HEAD SHA: 402040b6e093ec26df6d747f56831085b28bb735
[2026-08-02 15:46:51] [PRE-PUSH] HEAD SHA: 402040b6e093ec26df6d747f56831085b28bb735
[2026-08-02 15:46:57] [BACKUP-START] Mirroring to backup remote...
[2026-08-02 15:46:57] [BACKUP-START] Mirroring to backup remote...
[2026-08-02 15:46:57] [BACKUP-START] Mirroring to backup remote...
[2026-08-02 15:46:57] [BACKUP-START] Mirroring to backup remote...
[2026-08-02 15:46:58] [BACKUP-START] Mirroring to backup remote...
[2026-08-02 15:46:58] [BACKUP-START] Mirroring to backup remote...
[2026-08-02 15:46:59] [BACKUP-START] Mirroring to backup remote...
========================================
[2026-08-02 15:47:02] [PUSH-EVENT] Push detected.
========================================
[2026-08-02 15:47:02] [PUSH-EVENT] Push detected.
========================================
[2026-08-02 15:47:02] [PUSH-EVENT] Push detected.
========================================
[2026-08-02 15:47:03] [PUSH-EVENT] Push detected.
[2026-08-02 15:47:02] [PRE-PUSH] HEAD SHA: 402040b6e093ec26df6d747f56831085b28bb735
========================================
[2026-08-02 15:47:03] [PUSH-EVENT] Push detected.
[2026-08-02 15:47:02] [PRE-PUSH] HEAD SHA: 402040b6e093ec26df6d747f56831085b28bb735
[2026-08-02 15:47:03] [PRE-PUSH] HEAD SHA: 402040b6e093ec26df6d747f56831085b28bb735
[2026-08-02 15:47:02] [PRE-PUSH] HEAD SHA: 402040b6e093ec26df6d747f56831085b28bb735
========================================
[2026-08-02 15:47:04] [PUSH-EVENT] Push detected.
[2026-08-02 15:47:03] [PRE-PUSH] HEAD SHA: 402040b6e093ec26df6d747f56831085b28bb735
========================================
[2026-08-02 15:47:04] [PUSH-EVENT] Push detected.
[2026-08-02 15:47:04] [PRE-PUSH] HEAD SHA: 402040b6e093ec26df6d747f56831085b28bb735
[2026-08-02 15:47:04] [PRE-PUSH] HEAD SHA: 402040b6e093ec26df6d747f56831085b28bb735
[2026-08-02 15:47:10] [BACKUP-START] Mirroring to backup remote...
[2026-08-02 15:47:10] [BACKUP-START] Mirroring to backup remote...
[2026-08-02 15:47:11] [BACKUP-START] Mirroring to backup remote...
[2026-08-02 15:47:11] [BACKUP-START] Mirroring to backup remote...
[2026-08-02 15:47:11] [BACKUP-START] Mirroring to backup remote...
[2026-08-02 15:47:12] [BACKUP-START] Mirroring to backup remote...
[2026-08-02 15:47:12] [BACKUP-START] Mirroring to backup remote...
========================================
[2026-08-02 15:47:13] [PUSH-EVENT] Push detected.
========================================
[2026-08-02 15:47:14] [PUSH-EVENT] Push detected.
[2026-08-02 15:47:13] [PRE-PUSH] HEAD SHA: 402040b6e093ec26df6d747f56831085b28bb735
[2026-08-02 15:47:14] [PRE-PUSH] HEAD SHA: 402040b6e093ec26df6d747f56831085b28bb735
[2026-08-02 15:47:20] [BACKUP-START] Mirroring to backup remote...
========================================
[2026-08-02 15:47:19] [PUSH-EVENT] Push detected.
[2026-08-02 15:47:20] [BACKUP-START] Mirroring to backup remote...
========================================
[2026-08-02 15:47:20] [PUSH-EVENT] Push detected.
========================================
[2026-08-02 15:47:21] [PUSH-EVENT] Push detected.
[2026-08-02 15:47:19] [PRE-PUSH] HEAD SHA: 402040b6e093ec26df6d747f56831085b28bb735
========================================
[2026-08-02 15:47:21] [PUSH-EVENT] Push detected.
[2026-08-02 15:47:20] [PRE-PUSH] HEAD SHA: 402040b6e093ec26df6d747f56831085b28bb735
[2026-08-02 15:47:21] [PRE-PUSH] HEAD SHA: 402040b6e093ec26df6d747f56831085b28bb735
========================================
[2026-08-02 15:47:22] [PUSH-EVENT] Push detected.
[2026-08-02 15:47:21] [PRE-PUSH] HEAD SHA: 402040b6e093ec26df6d747f56831085b28bb735
[2026-08-02 15:47:22] [PRE-PUSH] HEAD SHA: 402040b6e093ec26df6d747f56831085b28bb735
========================================
[2026-08-02 15:47:23] [PUSH-EVENT] Push detected.
========================================
[2026-08-02 15:47:24] [PUSH-EVENT] Push detected.
[2026-08-02 15:47:23] [PRE-PUSH] HEAD SHA: 402040b6e093ec26df6d747f56831085b28bb735
[2026-08-02 15:47:24] [PRE-PUSH] HEAD SHA: 402040b6e093ec26df6d747f56831085b28bb735
[2026-08-02 15:47:27] [BACKUP-START] Mirroring to backup remote...
[2026-08-02 15:47:28] [BACKUP-START] Mirroring to backup remote...
[2026-08-02 15:47:28] [BACKUP-START] Mirroring to backup remote...
[2026-08-02 15:47:29] [BACKUP-START] Mirroring to backup remote...
[2026-08-02 15:47:29] [BACKUP-START] Mirroring to backup remote...
[2026-08-02 15:47:30] [BACKUP-START] Mirroring to backup remote...
[2026-08-02 15:47:30] [BACKUP-START] Mirroring to backup remote...
========================================
[2026-08-02 15:47:30] [PUSH-EVENT] Push detected.
[2026-08-02 15:47:30] [PRE-PUSH] HEAD SHA: 402040b6e093ec26df6d747f56831085b28bb735
========================================
[2026-08-02 15:47:31] [PUSH-EVENT] Push detected.
========================================
[2026-08-02 15:47:31] [PUSH-EVENT] Push detected.
[2026-08-02 15:47:31] [PRE-PUSH] HEAD SHA: 402040b6e093ec26df6d747f56831085b28bb735
[2026-08-02 15:47:31] [PRE-PUSH] HEAD SHA: 402040b6e093ec26df6d747f56831085b28bb735
========================================
[2026-08-02 15:47:33] [PUSH-EVENT] Push detected.
[2026-08-02 15:47:33] [PRE-PUSH] HEAD SHA: 402040b6e093ec26df6d747f56831085b28bb735
========================================
[2026-08-02 15:47:34] [PUSH-EVENT] Push detected.
========================================
[2026-08-02 15:47:34] [PUSH-EVENT] Push detected.
========================================
[2026-08-02 15:47:35] [PUSH-EVENT] Push detected.
[2026-08-02 15:47:34] [PRE-PUSH] HEAD SHA: 402040b6e093ec26df6d747f56831085b28bb735
[2026-08-02 15:47:34] [PRE-PUSH] HEAD SHA: 402040b6e093ec26df6d747f56831085b28bb735
[2026-08-02 15:47:35] [PRE-PUSH] HEAD SHA: 402040b6e093ec26df6d747f56831085b28bb735
[2026-08-02 15:47:38] [BACKUP-START] Mirroring to backup remote...
[2026-08-02 15:47:39] [BACKUP-START] Mirroring to backup remote...
[2026-08-02 15:47:39] [BACKUP-START] Mirroring to backup remote...
[2026-08-02 15:47:40] [BACKUP-START] Mirroring to backup remote...
[2026-08-02 15:47:41] [BACKUP-START] Mirroring to backup remote...
[2026-08-02 15:47:41] [BACKUP-START] Mirroring to backup remote...
[2026-08-02 15:47:41] [BACKUP-START] Mirroring to backup remote...
========================================
[2026-08-02 15:47:42] [PUSH-EVENT] Push detected.
========================================
[2026-08-02 15:47:42] [PUSH-EVENT] Push detected.
[2026-08-02 15:47:42] [PRE-PUSH] HEAD SHA: 402040b6e093ec26df6d747f56831085b28bb735
[2026-08-02 15:47:42] [PRE-PUSH] HEAD SHA: 402040b6e093ec26df6d747f56831085b28bb735
========================================
[2026-08-02 15:47:46] [PUSH-EVENT] Push detected.
========================================
========================================
[2026-08-02 15:47:46] [PUSH-EVENT] Push detected.
[2026-08-02 15:47:46] [PUSH-EVENT] Push detected.
[2026-08-02 15:47:46] [PRE-PUSH] HEAD SHA: 402040b6e093ec26df6d747f56831085b28bb735
========================================
[2026-08-02 15:47:47] [PUSH-EVENT] Push detected.
[2026-08-02 15:47:46] [PRE-PUSH] HEAD SHA: 402040b6e093ec26df6d747f56831085b28bb735
[2026-08-02 15:47:46] [PRE-PUSH] HEAD SHA: 402040b6e093ec26df6d747f56831085b28bb735
[2026-08-02 15:47:47] [PRE-PUSH] HEAD SHA: 402040b6e093ec26df6d747f56831085b28bb735
[2026-08-02 15:47:49] [BACKUP-START] Mirroring to backup remote...
[2026-08-02 15:47:49] [BACKUP-START] Mirroring to backup remote...
========================================
[2026-08-02 15:47:51] [PUSH-EVENT] Push detected.
[2026-08-02 15:47:51] [PRE-PUSH] HEAD SHA: 402040b6e093ec26df6d747f56831085b28bb735
========================================
[2026-08-02 15:47:53] [PUSH-EVENT] Push detected.
========================================
[2026-08-02 15:47:53] [PUSH-EVENT] Push detected.
[2026-08-02 15:47:53] [PRE-PUSH] HEAD SHA: 402040b6e093ec26df6d747f56831085b28bb735
[2026-08-02 15:47:53] [BACKUP-START] Mirroring to backup remote...
[2026-08-02 15:47:53] [PRE-PUSH] HEAD SHA: 402040b6e093ec26df6d747f56831085b28bb735
[2026-08-02 15:47:54] [BACKUP-START] Mirroring to backup remote...
[2026-08-02 15:47:54] [BACKUP-START] Mirroring to backup remote...
[2026-08-02 15:47:54] [BACKUP-START] Mirroring to backup remote...
========================================
[2026-08-02 15:47:56] [PUSH-EVENT] Push detected.
[2026-08-02 15:47:56] [PRE-PUSH] HEAD SHA: 402040b6e093ec26df6d747f56831085b28bb735
========================================
[2026-08-02 15:47:57] [PUSH-EVENT] Push detected.
========================================
[2026-08-02 15:47:58] [PUSH-EVENT] Push detected.
[2026-08-02 15:47:57] [PRE-PUSH] HEAD SHA: 402040b6e093ec26df6d747f56831085b28bb735
========================================
[2026-08-02 15:47:58] [PUSH-EVENT] Push detected.
[2026-08-02 15:47:59] [BACKUP-START] Mirroring to backup remote...
[2026-08-02 15:47:58] [PRE-PUSH] HEAD SHA: 402040b6e093ec26df6d747f56831085b28bb735
[2026-08-02 15:47:59] [BACKUP-START] Mirroring to backup remote...
[2026-08-02 15:47:58] [PRE-PUSH] HEAD SHA: 402040b6e093ec26df6d747f56831085b28bb735
[2026-08-02 15:47:59] [BACKUP-START] Mirroring to backup remote...
========================================
[2026-08-02 15:48:01] [PUSH-EVENT] Push detected.
========================================
[2026-08-02 15:48:01] [PUSH-EVENT] Push detected.
[2026-08-02 15:48:01] [PRE-PUSH] HEAD SHA: 402040b6e093ec26df6d747f56831085b28bb735
========================================
[2026-08-02 15:48:02] [PUSH-EVENT] Push detected.
[2026-08-02 15:48:01] [PRE-PUSH] HEAD SHA: 402040b6e093ec26df6d747f56831085b28bb735
[2026-08-02 15:48:03] [BACKUP-START] Mirroring to backup remote...
[2026-08-02 15:48:02] [PRE-PUSH] HEAD SHA: 402040b6e093ec26df6d747f56831085b28bb735
[2026-08-02 15:48:04] [BACKUP-START] Mirroring to backup remote...
[2026-08-02 15:48:04] [BACKUP-START] Mirroring to backup remote...
[2026-08-02 15:48:05] [BACKUP-START] Mirroring to backup remote...
========================================
[2026-08-02 15:48:05] [PUSH-EVENT] Push detected.
[2026-08-02 15:48:05] [PRE-PUSH] HEAD SHA: 402040b6e093ec26df6d747f56831085b28bb735
========================================
[2026-08-02 15:48:06] [PUSH-EVENT] Push detected.
[2026-08-02 15:48:06] [PRE-PUSH] HEAD SHA: 402040b6e093ec26df6d747f56831085b28bb735
========================================
[2026-08-02 15:48:07] [PUSH-EVENT] Push detected.
[2026-08-02 15:48:08] [BACKUP-START] Mirroring to backup remote...
[2026-08-02 15:48:07] [PRE-PUSH] HEAD SHA: 402040b6e093ec26df6d747f56831085b28bb735
[2026-08-02 15:48:08] [BACKUP-START] Mirroring to backup remote...
[2026-08-02 15:48:09] [BACKUP-START] Mirroring to backup remote...
[2026-08-02 15:48:11] [BACKUP-START] Mirroring to backup remote...
[2026-08-02 15:48:13] [BACKUP-START] Mirroring to backup remote...
========================================
[2026-08-02 15:48:13] [PUSH-EVENT] Push detected.
[2026-08-02 15:48:14] [BACKUP-START] Mirroring to backup remote...
[2026-08-02 15:48:13] [PRE-PUSH] HEAD SHA: 402040b6e093ec26df6d747f56831085b28bb735
========================================
[2026-08-02 15:48:15] [PUSH-EVENT] Push detected.
========================================
[2026-08-02 15:48:15] [PUSH-EVENT] Push detected.
========================================
[2026-08-02 15:48:15] [PUSH-EVENT] Push detected.
[2026-08-02 15:48:15] [PRE-PUSH] HEAD SHA: 402040b6e093ec26df6d747f56831085b28bb735
[2026-08-02 15:48:15] [PRE-PUSH] HEAD SHA: 402040b6e093ec26df6d747f56831085b28bb735
[2026-08-02 15:48:15] [PRE-PUSH] HEAD SHA: 402040b6e093ec26df6d747f56831085b28bb735
========================================
[2026-08-02 15:48:17] [PUSH-EVENT] Push detected.
========================================
[2026-08-02 15:48:17] [PUSH-EVENT] Push detected.
[2026-08-02 15:48:17] [PRE-PUSH] HEAD SHA: 402040b6e093ec26df6d747f56831085b28bb735
========================================
[2026-08-02 15:48:18] [PUSH-EVENT] Push detected.
[2026-08-02 15:48:17] [PRE-PUSH] HEAD SHA: 402040b6e093ec26df6d747f56831085b28bb735
[2026-08-02 15:48:18] [PRE-PUSH] HEAD SHA: 402040b6e093ec26df6d747f56831085b28bb735
[2026-08-02 15:48:20] [BACKUP-START] Mirroring to backup remote...
[2026-08-02 15:48:22] [BACKUP-START] Mirroring to backup remote...
[2026-08-02 15:48:22] [BACKUP-START] Mirroring to backup remote...
[2026-08-02 15:48:23] [BACKUP-START] Mirroring to backup remote...
========================================
[2026-08-02 15:48:23] [PUSH-EVENT] Push detected.
[2026-08-02 15:48:23] [BACKUP-START] Mirroring to backup remote...
[2026-08-02 15:48:24] [BACKUP-START] Mirroring to backup remote...
[2026-08-02 15:48:23] [PRE-PUSH] HEAD SHA: 402040b6e093ec26df6d747f56831085b28bb735
[2026-08-02 15:48:24] [BACKUP-START] Mirroring to backup remote...
========================================
[2026-08-02 15:48:25] [PUSH-EVENT] Push detected.
========================================
[2026-08-02 15:48:25] [PUSH-EVENT] Push detected.
[2026-08-02 15:48:25] [PRE-PUSH] HEAD SHA: 402040b6e093ec26df6d747f56831085b28bb735
[2026-08-02 15:48:25] [PRE-PUSH] HEAD SHA: 402040b6e093ec26df6d747f56831085b28bb735
========================================
[2026-08-02 15:48:27] [PUSH-EVENT] Push detected.
========================================
[2026-08-02 15:48:26] [PUSH-EVENT] Push detected.
[2026-08-02 15:48:27] [PRE-PUSH] HEAD SHA: 402040b6e093ec26df6d747f56831085b28bb735
[2026-08-02 15:48:26] [PRE-PUSH] HEAD SHA: 402040b6e093ec26df6d747f56831085b28bb735
========================================
[2026-08-02 15:48:28] [PUSH-EVENT] Push detected.
[2026-08-02 15:48:28] [PRE-PUSH] HEAD SHA: 402040b6e093ec26df6d747f56831085b28bb735
========================================
[2026-08-02 15:48:28] [PUSH-EVENT] Push detected.
[2026-08-02 15:48:28] [PRE-PUSH] HEAD SHA: 402040b6e093ec26df6d747f56831085b28bb735
[2026-08-02 15:48:30] [BACKUP-START] Mirroring to backup remote...
[2026-08-02 15:48:32] [BACKUP-START] Mirroring to backup remote...
========================================
[2026-08-02 15:48:32] [PUSH-EVENT] Push detected.
[2026-08-02 15:48:32] [BACKUP-START] Mirroring to backup remote...
[2026-08-02 15:48:32] [PRE-PUSH] HEAD SHA: 402040b6e093ec26df6d747f56831085b28bb735
[2026-08-02 15:48:33] [BACKUP-START] Mirroring to backup remote...
[2026-08-02 15:48:34] [BACKUP-START] Mirroring to backup remote...
[2026-08-02 15:48:34] [BACKUP-START] Mirroring to backup remote...
========================================
[2026-08-02 15:48:34] [PUSH-EVENT] Push detected.
[2026-08-02 15:48:35] [BACKUP-START] Mirroring to backup remote...
[2026-08-02 15:48:34] [PRE-PUSH] HEAD SHA: 402040b6e093ec26df6d747f56831085b28bb735
[2026-08-02 15:48:38] [BACKUP-START] Mirroring to backup remote...
========================================
[2026-08-02 15:48:40] [PUSH-EVENT] Push detected.
[2026-08-02 15:48:40] [PRE-PUSH] HEAD SHA: 402040b6e093ec26df6d747f56831085b28bb735
[2026-08-02 15:48:41] [BACKUP-START] Mirroring to backup remote...
========================================
[2026-08-02 15:48:41] [PUSH-EVENT] Push detected.
[2026-08-02 15:48:41] [PRE-PUSH] HEAD SHA: 402040b6e093ec26df6d747f56831085b28bb735
========================================
[2026-08-02 15:48:42] [PUSH-EVENT] Push detected.
========================================
[2026-08-02 15:48:42] [PUSH-EVENT] Push detected.
[2026-08-02 15:48:42] [PRE-PUSH] HEAD SHA: 402040b6e093ec26df6d747f56831085b28bb735
========================================
[2026-08-02 15:48:43] [PUSH-EVENT] Push detected.
[2026-08-02 15:48:42] [PRE-PUSH] HEAD SHA: 402040b6e093ec26df6d747f56831085b28bb735
========================================
[2026-08-02 15:48:43] [PUSH-EVENT] Push detected.
[2026-08-02 15:48:43] [PRE-PUSH] HEAD SHA: 402040b6e093ec26df6d747f56831085b28bb735
[2026-08-02 15:48:43] [PRE-PUSH] HEAD SHA: 402040b6e093ec26df6d747f56831085b28bb735
========================================
[2026-08-02 15:48:44] [PUSH-EVENT] Push detected.
[2026-08-02 15:48:44] [PRE-PUSH] HEAD SHA: 402040b6e093ec26df6d747f56831085b28bb735
[2026-08-02 15:48:47] [BACKUP-START] Mirroring to backup remote...
[2026-08-02 15:48:48] [BACKUP-START] Mirroring to backup remote...
[2026-08-02 15:48:49] [BACKUP-START] Mirroring to backup remote...
[2026-08-02 15:48:49] [BACKUP-START] Mirroring to backup remote...
========================================
[2026-08-02 15:48:49] [PUSH-EVENT] Push detected.
[2026-08-02 15:48:50] [BACKUP-START] Mirroring to backup remote...
[2026-08-02 15:48:49] [PRE-PUSH] HEAD SHA: 402040b6e093ec26df6d747f56831085b28bb735
[2026-08-02 15:48:50] [BACKUP-START] Mirroring to backup remote...
[2026-08-02 15:48:51] [BACKUP-START] Mirroring to backup remote...
========================================
[2026-08-02 15:48:51] [PUSH-EVENT] Push detected.
[2026-08-02 15:48:51] [PRE-PUSH] HEAD SHA: 402040b6e093ec26df6d747f56831085b28bb735
========================================
[2026-08-02 15:48:52] [PUSH-EVENT] Push detected.
[2026-08-02 15:48:52] [PRE-PUSH] HEAD SHA: 402040b6e093ec26df6d747f56831085b28bb735
========================================
[2026-08-02 15:48:53] [PUSH-EVENT] Push detected.
========================================
[2026-08-02 15:48:53] [PUSH-EVENT] Push detected.
[2026-08-02 15:48:53] [PRE-PUSH] HEAD SHA: 402040b6e093ec26df6d747f56831085b28bb735
[2026-08-02 15:48:53] [PRE-PUSH] HEAD SHA: 402040b6e093ec26df6d747f56831085b28bb735
========================================
[2026-08-02 15:48:54] [PUSH-EVENT] Push detected.
[2026-08-02 15:48:54] [PRE-PUSH] HEAD SHA: 402040b6e093ec26df6d747f56831085b28bb735
[2026-08-02 15:48:55] [BACKUP-START] Mirroring to backup remote...
========================================
[2026-08-02 15:48:58] [PUSH-EVENT] Push detected.
[2026-08-02 15:48:59] [BACKUP-START] Mirroring to backup remote...
========================================
[2026-08-02 15:48:58] [PUSH-EVENT] Push detected.
[2026-08-02 15:48:58] [PRE-PUSH] HEAD SHA: 402040b6e093ec26df6d747f56831085b28bb735
[2026-08-02 15:48:59] [BACKUP-START] Mirroring to backup remote...
[2026-08-02 15:48:58] [PRE-PUSH] HEAD SHA: 402040b6e093ec26df6d747f56831085b28bb735
[2026-08-02 15:49:00] [BACKUP-START] Mirroring to backup remote...
[2026-08-02 15:49:00] [BACKUP-START] Mirroring to backup remote...
[2026-08-02 15:49:01] [BACKUP-START] Mirroring to backup remote...
========================================
[2026-08-02 15:49:02] [PUSH-EVENT] Push detected.
========================================
[2026-08-02 15:49:02] [PUSH-EVENT] Push detected.
[2026-08-02 15:49:02] [PRE-PUSH] HEAD SHA: 402040b6e093ec26df6d747f56831085b28bb735
[2026-08-02 15:49:02] [PRE-PUSH] HEAD SHA: 402040b6e093ec26df6d747f56831085b28bb735
========================================
[2026-08-02 15:49:03] [PUSH-EVENT] Push detected.
========================================
[2026-08-02 15:49:04] [PUSH-EVENT] Push detected.
[2026-08-02 15:49:03] [PRE-PUSH] HEAD SHA: 402040b6e093ec26df6d747f56831085b28bb735
[2026-08-02 15:49:05] [BACKUP-START] Mirroring to backup remote...
[2026-08-02 15:49:05] [BACKUP-START] Mirroring to backup remote...
========================================
[2026-08-02 15:49:04] [PUSH-EVENT] Push detected.
[2026-08-02 15:49:04] [PRE-PUSH] HEAD SHA: 402040b6e093ec26df6d747f56831085b28bb735
[2026-08-02 15:49:04] [PRE-PUSH] HEAD SHA: 402040b6e093ec26df6d747f56831085b28bb735
========================================
[2026-08-02 15:49:07] [PUSH-EVENT] Push detected.
========================================
[2026-08-02 15:49:07] [PUSH-EVENT] Push detected.
[2026-08-02 15:49:07] [PRE-PUSH] HEAD SHA: 402040b6e093ec26df6d747f56831085b28bb735
[2026-08-02 15:49:07] [PRE-PUSH] HEAD SHA: 402040b6e093ec26df6d747f56831085b28bb735
[2026-08-02 15:49:09] [BACKUP-START] Mirroring to backup remote...
[2026-08-02 15:49:09] [BACKUP-START] Mirroring to backup remote...
[2026-08-02 15:49:10] [BACKUP-START] Mirroring to backup remote...
[2026-08-02 15:49:11] [BACKUP-START] Mirroring to backup remote...
[2026-08-02 15:49:11] [BACKUP-START] Mirroring to backup remote...
========================================
[2026-08-02 15:49:11] [PUSH-EVENT] Push detected.
[2026-08-02 15:49:11] [PRE-PUSH] HEAD SHA: 402040b6e093ec26df6d747f56831085b28bb735
========================================
[2026-08-02 15:49:13] [PUSH-EVENT] Push detected.
[2026-08-02 15:49:13] [PRE-PUSH] HEAD SHA: 402040b6e093ec26df6d747f56831085b28bb735
[2026-08-02 15:49:14] [BACKUP-START] Mirroring to backup remote...
[2026-08-02 15:49:14] [BACKUP-START] Mirroring to backup remote...
========================================
[2026-08-02 15:49:16] [PUSH-EVENT] Push detected.
[2026-08-02 15:49:16] [PRE-PUSH] HEAD SHA: 402040b6e093ec26df6d747f56831085b28bb735
========================================
[2026-08-02 15:49:17] [PUSH-EVENT] Push detected.
========================================
[2026-08-02 15:49:17] [PUSH-EVENT] Push detected.
========================================
[2026-08-02 15:49:17] [PUSH-EVENT] Push detected.
[2026-08-02 15:49:18] [BACKUP-START] Mirroring to backup remote...
[2026-08-02 15:49:17] [PRE-PUSH] HEAD SHA: 402040b6e093ec26df6d747f56831085b28bb735
[2026-08-02 15:49:17] [PRE-PUSH] HEAD SHA: 402040b6e093ec26df6d747f56831085b28bb735
[2026-08-02 15:49:17] [PRE-PUSH] HEAD SHA: 402040b6e093ec26df6d747f56831085b28bb735
[2026-08-02 15:49:19] [BACKUP-START] Mirroring to backup remote...
========================================
[2026-08-02 15:49:20] [PUSH-EVENT] Push detected.
[2026-08-02 15:49:20] [PRE-PUSH] HEAD SHA: 402040b6e093ec26df6d747f56831085b28bb735
========================================
[2026-08-02 15:49:21] [PUSH-EVENT] Push detected.
[2026-08-02 15:49:21] [PRE-PUSH] HEAD SHA: 402040b6e093ec26df6d747f56831085b28bb735
========================================
[2026-08-02 15:49:22] [PUSH-EVENT] Push detected.
[2026-08-02 15:49:22] [PRE-PUSH] HEAD SHA: 402040b6e093ec26df6d747f56831085b28bb735
[2026-08-02 15:49:23] [BACKUP-START] Mirroring to backup remote...
[2026-08-02 15:49:24] [BACKUP-START] Mirroring to backup remote...
[2026-08-02 15:49:24] [BACKUP-START] Mirroring to backup remote...
[2026-08-02 15:49:24] [BACKUP-START] Mirroring to backup remote...
[2026-08-02 15:49:27] [BACKUP-START] Mirroring to backup remote...
========================================
[2026-08-02 15:49:27] [PUSH-EVENT] Push detected.
[2026-08-02 15:49:28] [BACKUP-START] Mirroring to backup remote...
========================================
[2026-08-02 15:49:27] [PUSH-EVENT] Push detected.
========================================
[2026-08-02 15:49:27] [PUSH-EVENT] Push detected.
========================================
[2026-08-02 15:49:28] [PUSH-EVENT] Push detected.
[2026-08-02 15:49:27] [PRE-PUSH] HEAD SHA: 402040b6e093ec26df6d747f56831085b28bb735
[2026-08-02 15:49:27] [PRE-PUSH] HEAD SHA: 402040b6e093ec26df6d747f56831085b28bb735
[2026-08-02 15:49:29] [BACKUP-START] Mirroring to backup remote...
[2026-08-02 15:49:27] [PRE-PUSH] HEAD SHA: 402040b6e093ec26df6d747f56831085b28bb735
[2026-08-02 15:49:28] [PRE-PUSH] HEAD SHA: 402040b6e093ec26df6d747f56831085b28bb735
========================================
[2026-08-02 15:49:30] [PUSH-EVENT] Push detected.
[2026-08-02 15:49:30] [PRE-PUSH] HEAD SHA: 402040b6e093ec26df6d747f56831085b28bb735
========================================
[2026-08-02 15:49:31] [PUSH-EVENT] Push detected.
[2026-08-02 15:49:31] [PRE-PUSH] HEAD SHA: 402040b6e093ec26df6d747f56831085b28bb735
[2026-08-02 15:49:34] [BACKUP-START] Mirroring to backup remote...
[2026-08-02 15:49:34] [BACKUP-START] Mirroring to backup remote...
[2026-08-02 15:49:35] [BACKUP-START] Mirroring to backup remote...
[2026-08-02 15:49:35] [BACKUP-START] Mirroring to backup remote...
========================================
[2026-08-02 15:49:35] [PUSH-EVENT] Push detected.
[2026-08-02 15:49:35] [PRE-PUSH] HEAD SHA: 402040b6e093ec26df6d747f56831085b28bb735
[2026-08-02 15:49:37] [BACKUP-START] Mirroring to backup remote...
========================================
[2026-08-02 15:49:37] [PUSH-EVENT] Push detected.
[2026-08-02 15:49:38] [BACKUP-START] Mirroring to backup remote...
========================================
[2026-08-02 15:49:37] [PUSH-EVENT] Push detected.
[2026-08-02 15:49:37] [PRE-PUSH] HEAD SHA: 402040b6e093ec26df6d747f56831085b28bb735
========================================
[2026-08-02 15:49:39] [PUSH-EVENT] Push detected.
[2026-08-02 15:49:37] [PRE-PUSH] HEAD SHA: 402040b6e093ec26df6d747f56831085b28bb735
========================================
[2026-08-02 15:49:39] [PUSH-EVENT] Push detected.
[2026-08-02 15:49:39] [PRE-PUSH] HEAD SHA: 402040b6e093ec26df6d747f56831085b28bb735
[2026-08-02 15:49:39] [PRE-PUSH] HEAD SHA: 402040b6e093ec26df6d747f56831085b28bb735
========================================
[2026-08-02 15:49:40] [PUSH-EVENT] Push detected.
[2026-08-02 15:49:40] [PRE-PUSH] HEAD SHA: 402040b6e093ec26df6d747f56831085b28bb735
========================================
[2026-08-02 15:49:41] [PUSH-EVENT] Push detected.
[2026-08-02 15:49:41] [PRE-PUSH] HEAD SHA: 402040b6e093ec26df6d747f56831085b28bb735
[2026-08-02 15:49:42] [BACKUP-START] Mirroring to backup remote...
[2026-08-02 15:49:44] [BACKUP-START] Mirroring to backup remote...
[2026-08-02 15:49:45] [BACKUP-START] Mirroring to backup remote...
[2026-08-02 15:49:45] [BACKUP-START] Mirroring to backup remote...
[2026-08-02 15:49:46] [BACKUP-START] Mirroring to backup remote...
[2026-08-02 15:49:47] [BACKUP-START] Mirroring to backup remote...
========================================
[2026-08-02 15:49:47] [PUSH-EVENT] Push detected.
[2026-08-02 15:49:47] [BACKUP-START] Mirroring to backup remote...
[2026-08-02 15:49:47] [PRE-PUSH] HEAD SHA: 402040b6e093ec26df6d747f56831085b28bb735
========================================
[2026-08-02 15:49:48] [PUSH-EVENT] Push detected.
========================================
[2026-08-02 15:49:49] [PUSH-EVENT] Push detected.
[2026-08-02 15:49:48] [PRE-PUSH] HEAD SHA: 402040b6e093ec26df6d747f56831085b28bb735
========================================
[2026-08-02 15:49:49] [PUSH-EVENT] Push detected.
[2026-08-02 15:49:49] [PRE-PUSH] HEAD SHA: 402040b6e093ec26df6d747f56831085b28bb735
[2026-08-02 15:49:49] [PRE-PUSH] HEAD SHA: 402040b6e093ec26df6d747f56831085b28bb735
========================================
[2026-08-02 15:49:51] [PUSH-EVENT] Push detected.
========================================
[2026-08-02 15:49:51] [PUSH-EVENT] Push detected.
[2026-08-02 15:49:51] [PRE-PUSH] HEAD SHA: 402040b6e093ec26df6d747f56831085b28bb735
[2026-08-02 15:49:51] [PRE-PUSH] HEAD SHA: 402040b6e093ec26df6d747f56831085b28bb735
[2026-08-02 15:49:54] [BACKUP-START] Mirroring to backup remote...
[2026-08-02 15:49:55] [BACKUP-START] Mirroring to backup remote...
[2026-08-02 15:49:55] [BACKUP-START] Mirroring to backup remote...
[2026-08-02 15:49:56] [BACKUP-START] Mirroring to backup remote...
========================================
[2026-08-02 15:49:56] [PUSH-EVENT] Push detected.
[2026-08-02 15:49:56] [PRE-PUSH] HEAD SHA: 402040b6e093ec26df6d747f56831085b28bb735
[2026-08-02 15:49:57] [BACKUP-START] Mirroring to backup remote...
========================================
[2026-08-02 15:49:57] [PUSH-EVENT] Push detected.
[2026-08-02 15:49:58] [BACKUP-START] Mirroring to backup remote...
[2026-08-02 15:49:57] [PRE-PUSH] HEAD SHA: 402040b6e093ec26df6d747f56831085b28bb735
========================================
[2026-08-02 15:49:58] [PUSH-EVENT] Push detected.
========================================
[2026-08-02 15:49:59] [PUSH-EVENT] Push detected.
[2026-08-02 15:49:58] [PRE-PUSH] HEAD SHA: 402040b6e093ec26df6d747f56831085b28bb735
[2026-08-02 15:49:59] [PRE-PUSH] HEAD SHA: 402040b6e093ec26df6d747f56831085b28bb735
========================================
[2026-08-02 15:49:59] [PUSH-EVENT] Push detected.
[2026-08-02 15:49:59] [PRE-PUSH] HEAD SHA: 402040b6e093ec26df6d747f56831085b28bb735
========================================
[2026-08-02 15:50:00] [PUSH-EVENT] Push detected.
[2026-08-02 15:50:00] [PRE-PUSH] HEAD SHA: 402040b6e093ec26df6d747f56831085b28bb735
========================================
[2026-08-02 15:50:01] [PUSH-EVENT] Push detected.
[2026-08-02 15:50:01] [PRE-PUSH] HEAD SHA: 402040b6e093ec26df6d747f56831085b28bb735
[2026-08-02 15:50:02] [BACKUP-START] Mirroring to backup remote...
[2026-08-02 15:50:04] [BACKUP-START] Mirroring to backup remote...
[2026-08-02 15:50:05] [BACKUP-START] Mirroring to backup remote...
========================================
[2026-08-02 15:50:05] [PUSH-EVENT] Push detected.
[2026-08-02 15:50:05] [BACKUP-START] Mirroring to backup remote...
[2026-08-02 15:50:05] [PRE-PUSH] HEAD SHA: 402040b6e093ec26df6d747f56831085b28bb735
[2026-08-02 15:50:06] [BACKUP-START] Mirroring to backup remote...
========================================
[2026-08-02 15:50:06] [PUSH-EVENT] Push detected.
[2026-08-02 15:50:06] [PRE-PUSH] HEAD SHA: 402040b6e093ec26df6d747f56831085b28bb735
[2026-08-02 15:50:07] [BACKUP-START] Mirroring to backup remote...
[2026-08-02 15:50:08] [BACKUP-START] Mirroring to backup remote...
========================================
[2026-08-02 15:50:08] [PUSH-EVENT] Push detected.
========================================
[2026-08-02 15:50:08] [PUSH-EVENT] Push detected.
[2026-08-02 15:50:08] [PRE-PUSH] HEAD SHA: 402040b6e093ec26df6d747f56831085b28bb735
[2026-08-02 15:50:08] [PRE-PUSH] HEAD SHA: 402040b6e093ec26df6d747f56831085b28bb735
========================================
[2026-08-02 15:50:09] [PUSH-EVENT] Push detected.
[2026-08-02 15:50:09] [PRE-PUSH] HEAD SHA: 402040b6e093ec26df6d747f56831085b28bb735
========================================
[2026-08-02 15:50:10] [PUSH-EVENT] Push detected.
[2026-08-02 15:50:10] [PRE-PUSH] HEAD SHA: 402040b6e093ec26df6d747f56831085b28bb735
[2026-08-02 15:50:11] [BACKUP-START] Mirroring to backup remote...
[2026-08-02 15:50:13] [BACKUP-START] Mirroring to backup remote...
========================================
[2026-08-02 15:50:14] [PUSH-EVENT] Push detected.
[2026-08-02 15:50:15] [BACKUP-START] Mirroring to backup remote...
[2026-08-02 15:50:15] [BACKUP-START] Mirroring to backup remote...
[2026-08-02 15:50:14] [PRE-PUSH] HEAD SHA: 402040b6e093ec26df6d747f56831085b28bb735
[2026-08-02 15:50:16] [BACKUP-START] Mirroring to backup remote...
[2026-08-02 15:50:17] [BACKUP-START] Mirroring to backup remote...
========================================
[2026-08-02 15:50:17] [PUSH-EVENT] Push detected.
[2026-08-02 15:50:17] [PRE-PUSH] HEAD SHA: 402040b6e093ec26df6d747f56831085b28bb735
========================================
[2026-08-02 15:50:18] [PUSH-EVENT] Push detected.
========================================
[2026-08-02 15:50:19] [PUSH-EVENT] Push detected.
[2026-08-02 15:50:18] [PRE-PUSH] HEAD SHA: 402040b6e093ec26df6d747f56831085b28bb735
[2026-08-02 15:50:19] [PRE-PUSH] HEAD SHA: 402040b6e093ec26df6d747f56831085b28bb735
========================================
[2026-08-02 15:50:20] [PUSH-EVENT] Push detected.
[2026-08-02 15:50:21] [BACKUP-START] Mirroring to backup remote...
[2026-08-02 15:50:20] [PRE-PUSH] HEAD SHA: 402040b6e093ec26df6d747f56831085b28bb735
========================================
[2026-08-02 15:50:21] [PUSH-EVENT] Push detected.
========================================
[2026-08-02 15:50:22] [PUSH-EVENT] Push detected.
[2026-08-02 15:50:21] [PRE-PUSH] HEAD SHA: 402040b6e093ec26df6d747f56831085b28bb735
[2026-08-02 15:50:22] [PRE-PUSH] HEAD SHA: 402040b6e093ec26df6d747f56831085b28bb735
========================================
[2026-08-02 15:50:24] [PUSH-EVENT] Push detected.
[2026-08-02 15:50:24] [BACKUP-START] Mirroring to backup remote...
[2026-08-02 15:50:24] [PRE-PUSH] HEAD SHA: 402040b6e093ec26df6d747f56831085b28bb735
[2026-08-02 15:50:26] [BACKUP-START] Mirroring to backup remote...
[2026-08-02 15:50:26] [BACKUP-START] Mirroring to backup remote...
[2026-08-02 15:50:27] [BACKUP-START] Mirroring to backup remote...
========================================
[2026-08-02 15:50:27] [PUSH-EVENT] Push detected.
[2026-08-02 15:50:27] [PRE-PUSH] HEAD SHA: 402040b6e093ec26df6d747f56831085b28bb735
[2026-08-02 15:50:29] [BACKUP-START] Mirroring to backup remote...
[2026-08-02 15:50:29] [BACKUP-START] Mirroring to backup remote...
========================================
[2026-08-02 15:50:29] [PUSH-EVENT] Push detected.
========================================
[2026-08-02 15:50:29] [PUSH-EVENT] Push detected.
[2026-08-02 15:50:29] [PRE-PUSH] HEAD SHA: 402040b6e093ec26df6d747f56831085b28bb735
[2026-08-02 15:50:29] [PRE-PUSH] HEAD SHA: 402040b6e093ec26df6d747f56831085b28bb735
[2026-08-02 15:50:31] [BACKUP-START] Mirroring to backup remote...
========================================
[2026-08-02 15:50:31] [PUSH-EVENT] Push detected.
[2026-08-02 15:50:31] [PRE-PUSH] HEAD SHA: 402040b6e093ec26df6d747f56831085b28bb735
========================================
[2026-08-02 15:50:33] [PUSH-EVENT] Push detected.
========================================
[2026-08-02 15:50:33] [PUSH-EVENT] Push detected.
[2026-08-02 15:50:33] [PRE-PUSH] HEAD SHA: 402040b6e093ec26df6d747f56831085b28bb735
[2026-08-02 15:50:33] [PRE-PUSH] HEAD SHA: 402040b6e093ec26df6d747f56831085b28bb735
[2026-08-02 15:50:35] [BACKUP-START] Mirroring to backup remote...
========================================
[2026-08-02 15:50:35] [PUSH-EVENT] Push detected.
[2026-08-02 15:50:35] [PRE-PUSH] HEAD SHA: 402040b6e093ec26df6d747f56831085b28bb735
[2026-08-02 15:50:37] [BACKUP-START] Mirroring to backup remote...
[2026-08-02 15:50:37] [BACKUP-START] Mirroring to backup remote...
========================================
[2026-08-02 15:50:37] [PUSH-EVENT] Push detected.
[2026-08-02 15:50:37] [PRE-PUSH] HEAD SHA: 402040b6e093ec26df6d747f56831085b28bb735
[2026-08-02 15:50:39] [BACKUP-START] Mirroring to backup remote...
[2026-08-02 15:50:40] [BACKUP-START] Mirroring to backup remote...
[2026-08-02 15:50:40] [BACKUP-START] Mirroring to backup remote...
[2026-08-02 15:50:41] [BACKUP-START] Mirroring to backup remote...
========================================
[2026-08-02 15:50:41] [PUSH-EVENT] Push detected.
========================================
[2026-08-02 15:50:42] [PUSH-EVENT] Push detected.
[2026-08-02 15:50:42] [REF] refs/heads/master (402040b6e093ec26df6d747f56831085b28bb735) -> refs/heads/master (739ea0a45d76a747ee7c3e78178c9559f58fd922)
[2026-08-02 15:50:42] [PRE-PUSH] HEAD SHA: 402040b6e093ec26df6d747f56831085b28bb735
[2026-08-02 15:50:41] [PRE-PUSH] HEAD SHA: 402040b6e093ec26df6d747f56831085b28bb735
========================================
[2026-08-02 15:50:43] [PUSH-EVENT] Push detected.
[2026-08-02 15:50:44] [BACKUP-START] Mirroring to backup remote...
[2026-08-02 15:50:43] [PRE-PUSH] HEAD SHA: 402040b6e093ec26df6d747f56831085b28bb735
========================================
[2026-08-02 15:50:44] [PUSH-EVENT] Push detected.
========================================
[2026-08-02 15:50:44] [PUSH-EVENT] Push detected.
[2026-08-02 15:50:44] [PRE-PUSH] HEAD SHA: 402040b6e093ec26df6d747f56831085b28bb735
========================================
[2026-08-02 15:50:45] [PUSH-EVENT] Push detected.
[2026-08-02 15:50:44] [PRE-PUSH] HEAD SHA: 402040b6e093ec26df6d747f56831085b28bb735
[2026-08-02 15:50:45] [PRE-PUSH] HEAD SHA: 402040b6e093ec26df6d747f56831085b28bb735
========================================
[2026-08-02 15:50:46] [PUSH-EVENT] Push detected.
[2026-08-02 15:50:46] [PRE-PUSH] HEAD SHA: 402040b6e093ec26df6d747f56831085b28bb735
========================================
[2026-08-02 15:50:47] [PUSH-EVENT] Push detected.
[2026-08-02 15:50:47] [REF] refs/remotes/origin/HEAD (402040b6e093ec26df6d747f56831085b28bb735) -> refs/remotes/origin/HEAD (739ea0a45d76a747ee7c3e78178c9559f58fd922)
[2026-08-02 15:50:47] [REF] refs/remotes/origin/master (402040b6e093ec26df6d747f56831085b28bb735) -> refs/remotes/origin/master (739ea0a45d76a747ee7c3e78178c9559f58fd922)
[2026-08-02 15:50:48] [BACKUP-START] Mirroring to backup remote...
[2026-08-02 15:50:47] [PRE-PUSH] HEAD SHA: 402040b6e093ec26df6d747f56831085b28bb735
[2026-08-02 15:50:49] [BACKUP-START] Mirroring to backup remote...
========================================
[2026-08-02 15:50:50] [PUSH-EVENT] Push detected.
[2026-08-02 15:50:50] [PRE-PUSH] HEAD SHA: 402040b6e093ec26df6d747f56831085b28bb735
[2026-08-02 15:50:50] [BACKUP-START] Mirroring to backup remote...
[2026-08-02 15:50:51] [BACKUP-START] Mirroring to backup remote...
========================================
[2026-08-02 15:50:51] [PUSH-EVENT] Push detected.
[2026-08-02 15:50:52] [BACKUP-START] Mirroring to backup remote...
[2026-08-02 15:50:51] [PRE-PUSH] HEAD SHA: 402040b6e093ec26df6d747f56831085b28bb735
[2026-08-02 15:50:52] [BACKUP-START] Mirroring to backup remote...
[2026-08-02 15:50:53] [BACKUP-START] Mirroring to backup remote...
========================================
[2026-08-02 15:50:53] [PUSH-EVENT] Push detected.
[2026-08-02 15:50:54] [BACKUP-START] Mirroring to backup remote...
[2026-08-02 15:50:53] [PRE-PUSH] HEAD SHA: 402040b6e093ec26df6d747f56831085b28bb735
========================================
[2026-08-02 15:50:54] [PUSH-EVENT] Push detected.
[2026-08-02 15:50:54] [PRE-PUSH] HEAD SHA: 402040b6e093ec26df6d747f56831085b28bb735
[2026-08-02 15:50:55] [BACKUP-START] Mirroring to backup remote...
[2026-08-02 15:50:58] [BACKUP-START] Mirroring to backup remote...
========================================
[2026-08-02 15:51:00] [PUSH-EVENT] Push detected.
[2026-08-02 15:51:00] [BACKUP-START] Mirroring to backup remote...
========================================
[2026-08-02 15:51:00] [PUSH-EVENT] Push detected.
========================================
[2026-08-02 15:51:00] [PUSH-EVENT] Push detected.
[2026-08-02 15:51:00] [PRE-PUSH] HEAD SHA: 402040b6e093ec26df6d747f56831085b28bb735
[2026-08-02 15:51:01] [BACKUP-START] Mirroring to backup remote...
[2026-08-02 15:51:00] [PRE-PUSH] HEAD SHA: 402040b6e093ec26df6d747f56831085b28bb735
========================================
[2026-08-02 15:51:01] [PUSH-EVENT] Push detected.
[2026-08-02 15:51:00] [PRE-PUSH] HEAD SHA: 402040b6e093ec26df6d747f56831085b28bb735
========================================
========================================
[2026-08-02 15:51:02] [PUSH-EVENT] Push detected.
[2026-08-02 15:51:02] [PUSH-EVENT] Push detected.
[2026-08-02 15:51:01] [PRE-PUSH] HEAD SHA: 402040b6e093ec26df6d747f56831085b28bb735
[2026-08-02 15:51:02] [PRE-PUSH] HEAD SHA: 402040b6e093ec26df6d747f56831085b28bb735
[2026-08-02 15:51:02] [PRE-PUSH] HEAD SHA: 402040b6e093ec26df6d747f56831085b28bb735
========================================
[2026-08-02 15:51:04] [PUSH-EVENT] Push detected.
========================================
[2026-08-02 15:51:05] [PUSH-EVENT] Push detected.
[2026-08-02 15:51:04] [PRE-PUSH] HEAD SHA: 402040b6e093ec26df6d747f56831085b28bb735
[2026-08-02 15:51:05] [PRE-PUSH] HEAD SHA: 402040b6e093ec26df6d747f56831085b28bb735
[2026-08-02 15:51:06] [BACKUP-START] Mirroring to backup remote...
[2026-08-02 15:51:08] [BACKUP-START] Mirroring to backup remote...
[2026-08-02 15:51:08] [BACKUP-START] Mirroring to backup remote...
========================================
[2026-08-02 15:51:09] [PUSH-EVENT] Push detected.
[2026-08-02 15:51:09] [PRE-PUSH] HEAD SHA: 402040b6e093ec26df6d747f56831085b28bb735
[2026-08-02 15:51:10] [BACKUP-START] Mirroring to backup remote...
[2026-08-02 15:51:10] [BACKUP-START] Mirroring to backup remote...
[2026-08-02 15:51:10] [BACKUP-START] Mirroring to backup remote...
========================================
[2026-08-02 15:51:11] [PUSH-EVENT] Push detected.
[2026-08-02 15:51:12] [BACKUP-START] Mirroring to backup remote...
[2026-08-02 15:51:12] [BACKUP-START] Mirroring to backup remote...
[2026-08-02 15:51:11] [PRE-PUSH] HEAD SHA: 402040b6e093ec26df6d747f56831085b28bb735
========================================
[2026-08-02 15:51:12] [PUSH-EVENT] Push detected.
[2026-08-02 15:51:12] [PRE-PUSH] HEAD SHA: 402040b6e093ec26df6d747f56831085b28bb735
========================================
[2026-08-02 15:51:14] [PUSH-EVENT] Push detected.
========================================
[2026-08-02 15:51:14] [PUSH-EVENT] Push detected.
========================================
[2026-08-02 15:51:15] [PUSH-EVENT] Push detected.
[2026-08-02 15:51:15] [BACKUP-START] Mirroring to backup remote...
[2026-08-02 15:51:14] [PRE-PUSH] HEAD SHA: 402040b6e093ec26df6d747f56831085b28bb735
[2026-08-02 15:51:14] [PRE-PUSH] HEAD SHA: 402040b6e093ec26df6d747f56831085b28bb735
[2026-08-02 15:51:15] [PRE-PUSH] HEAD SHA: 402040b6e093ec26df6d747f56831085b28bb735
========================================
[2026-08-02 15:51:17] [PUSH-EVENT] Push detected.
========================================
[2026-08-02 15:51:17] [PUSH-EVENT] Push detected.
[2026-08-02 15:51:17] [PRE-PUSH] HEAD SHA: 402040b6e093ec26df6d747f56831085b28bb735
[2026-08-02 15:51:17] [PRE-PUSH] HEAD SHA: 402040b6e093ec26df6d747f56831085b28bb735
[2026-08-02 15:51:18] [BACKUP-START] Mirroring to backup remote...
[2026-08-02 15:51:20] [BACKUP-START] Mirroring to backup remote...
[2026-08-02 15:51:22] [BACKUP-START] Mirroring to backup remote...
[2026-08-02 15:51:22] [BACKUP-START] Mirroring to backup remote...
[2026-08-02 15:51:22] [BACKUP-START] Mirroring to backup remote...
========================================
[2026-08-02 15:51:23] [PUSH-EVENT] Push detected.
[2026-08-02 15:51:24] [BACKUP-START] Mirroring to backup remote...
[2026-08-02 15:51:24] [BACKUP-START] Mirroring to backup remote...
[2026-08-02 15:51:23] [PRE-PUSH] HEAD SHA: 402040b6e093ec26df6d747f56831085b28bb735
========================================
[2026-08-02 15:51:24] [PUSH-EVENT] Push detected.
[2026-08-02 15:51:24] [PRE-PUSH] HEAD SHA: 402040b6e093ec26df6d747f56831085b28bb735
========================================
[2026-08-02 15:51:25] [PUSH-EVENT] Push detected.
[2026-08-02 15:51:25] [PRE-PUSH] HEAD SHA: 402040b6e093ec26df6d747f56831085b28bb735
========================================
[2026-08-02 15:51:27] [PUSH-EVENT] Push detected.
========================================
[2026-08-02 15:51:27] [PUSH-EVENT] Push detected.
[2026-08-02 15:51:27] [PRE-PUSH] HEAD SHA: 402040b6e093ec26df6d747f56831085b28bb735
========================================
[2026-08-02 15:51:28] [PUSH-EVENT] Push detected.
========================================
[2026-08-02 15:51:28] [PUSH-EVENT] Push detected.
[2026-08-02 15:51:27] [PRE-PUSH] HEAD SHA: 402040b6e093ec26df6d747f56831085b28bb735
[2026-08-02 15:51:29] [BACKUP-START] Mirroring to backup remote...
========================================
[2026-08-02 15:51:29] [PUSH-EVENT] Push detected.
[2026-08-02 15:51:28] [PRE-PUSH] HEAD SHA: 402040b6e093ec26df6d747f56831085b28bb735
[2026-08-02 15:51:28] [PRE-PUSH] HEAD SHA: 402040b6e093ec26df6d747f56831085b28bb735
[2026-08-02 15:51:29] [PRE-PUSH] HEAD SHA: 402040b6e093ec26df6d747f56831085b28bb735
[2026-08-02 15:51:31] [BACKUP-START] Mirroring to backup remote...
========================================
[2026-08-02 15:51:32] [PUSH-EVENT] Push detected.
[2026-08-02 15:51:32] [PRE-PUSH] HEAD SHA: 402040b6e093ec26df6d747f56831085b28bb735
[2026-08-02 15:51:32] [BACKUP-START] Mirroring to backup remote...
[2026-08-02 15:51:34] [BACKUP-START] Mirroring to backup remote...
========================================
[2026-08-02 15:51:35] [PUSH-EVENT] Push detected.
[2026-08-02 15:51:35] [BACKUP-START] Mirroring to backup remote...
[2026-08-02 15:51:35] [BACKUP-START] Mirroring to backup remote...
[2026-08-02 15:51:35] [PRE-PUSH] HEAD SHA: 402040b6e093ec26df6d747f56831085b28bb735
[2026-08-02 15:51:36] [BACKUP-START] Mirroring to backup remote...
[2026-08-02 15:51:36] [BACKUP-START] Mirroring to backup remote...
[2026-08-02 15:51:37] [BACKUP-START] Mirroring to backup remote...
========================================
[2026-08-02 15:51:37] [PUSH-EVENT] Push detected.
[2026-08-02 15:51:37] [PRE-PUSH] HEAD SHA: 402040b6e093ec26df6d747f56831085b28bb735
========================================
[2026-08-02 15:51:39] [PUSH-EVENT] Push detected.
========================================
[2026-08-02 15:51:39] [PUSH-EVENT] Push detected.
========================================
[2026-08-02 15:51:40] [PUSH-EVENT] Push detected.
[2026-08-02 15:51:39] [PRE-PUSH] HEAD SHA: 402040b6e093ec26df6d747f56831085b28bb735
[2026-08-02 15:51:40] [PRE-PUSH] HEAD SHA: 402040b6e093ec26df6d747f56831085b28bb735
========================================
[2026-08-02 15:51:40] [PUSH-EVENT] Push detected.
[2026-08-02 15:51:39] [PRE-PUSH] HEAD SHA: 402040b6e093ec26df6d747f56831085b28bb735
========================================
[2026-08-02 15:51:41] [PUSH-EVENT] Push detected.
========================================
[2026-08-02 15:51:41] [PUSH-EVENT] Push detected.
[2026-08-02 15:51:42] [BACKUP-START] Mirroring to backup remote...
[2026-08-02 15:51:40] [PRE-PUSH] HEAD SHA: 402040b6e093ec26df6d747f56831085b28bb735
[2026-08-02 15:51:41] [PRE-PUSH] HEAD SHA: 402040b6e093ec26df6d747f56831085b28bb735
[2026-08-02 15:51:41] [PRE-PUSH] HEAD SHA: 402040b6e093ec26df6d747f56831085b28bb735
[2026-08-02 15:51:44] [BACKUP-START] Mirroring to backup remote...
========================================
[2026-08-02 15:51:44] [PUSH-EVENT] Push detected.
[2026-08-02 15:51:44] [PRE-PUSH] HEAD SHA: 402040b6e093ec26df6d747f56831085b28bb735
[2026-08-02 15:51:46] [BACKUP-START] Mirroring to backup remote...
[2026-08-02 15:51:46] [BACKUP-START] Mirroring to backup remote...
========================================
[2026-08-02 15:51:46] [PUSH-EVENT] Push detected.
[2026-08-02 15:51:46] [PRE-PUSH] HEAD SHA: 402040b6e093ec26df6d747f56831085b28bb735
[2026-08-02 15:51:47] [BACKUP-START] Mirroring to backup remote...
[2026-08-02 15:51:48] [BACKUP-START] Mirroring to backup remote...
[2026-08-02 15:51:48] [BACKUP-START] Mirroring to backup remote...
[2026-08-02 15:51:48] [BACKUP-START] Mirroring to backup remote...
========================================
[2026-08-02 15:51:49] [PUSH-EVENT] Push detected.
[2026-08-02 15:51:49] [PRE-PUSH] HEAD SHA: 402040b6e093ec26df6d747f56831085b28bb735
[2026-08-02 15:51:51] [BACKUP-START] Mirroring to backup remote...
========================================
[2026-08-02 15:51:50] [PUSH-EVENT] Push detected.
========================================
[2026-08-02 15:51:52] [PUSH-EVENT] Push detected.
========================================
[2026-08-02 15:51:52] [PUSH-EVENT] Push detected.
========================================
[2026-08-02 15:51:52] [PUSH-EVENT] Push detected.
[2026-08-02 15:51:50] [PRE-PUSH] HEAD SHA: 402040b6e093ec26df6d747f56831085b28bb735
[2026-08-02 15:51:52] [PRE-PUSH] HEAD SHA: 402040b6e093ec26df6d747f56831085b28bb735
[2026-08-02 15:51:53] [BACKUP-START] Mirroring to backup remote...
[2026-08-02 15:51:52] [PRE-PUSH] HEAD SHA: 402040b6e093ec26df6d747f56831085b28bb735
[2026-08-02 15:51:52] [PRE-PUSH] HEAD SHA: 402040b6e093ec26df6d747f56831085b28bb735
========================================
[2026-08-02 15:51:54] [PUSH-EVENT] Push detected.
[2026-08-02 15:51:54] [PRE-PUSH] HEAD SHA: 402040b6e093ec26df6d747f56831085b28bb735
========================================
[2026-08-02 15:51:55] [PUSH-EVENT] Push detected.
[2026-08-02 15:51:55] [PRE-PUSH] HEAD SHA: 402040b6e093ec26df6d747f56831085b28bb735
[2026-08-02 15:51:56] [BACKUP-START] Mirroring to backup remote...
[2026-08-02 15:51:59] [BACKUP-START] Mirroring to backup remote...
[2026-08-02 15:51:59] [BACKUP-START] Mirroring to backup remote...
========================================
[2026-08-02 15:51:59] [PUSH-EVENT] Push detected.
[2026-08-02 15:51:59] [BACKUP-START] Mirroring to backup remote...
[2026-08-02 15:51:59] [BACKUP-START] Mirroring to backup remote...
[2026-08-02 15:52:00] [BACKUP-START] Mirroring to backup remote...
[2026-08-02 15:51:59] [PRE-PUSH] HEAD SHA: 402040b6e093ec26df6d747f56831085b28bb735
[2026-08-02 15:52:01] [BACKUP-START] Mirroring to backup remote...
========================================
[2026-08-02 15:52:02] [PUSH-EVENT] Push detected.
========================================
[2026-08-02 15:52:02] [PUSH-EVENT] Push detected.
========================================
[2026-08-02 15:52:03] [PUSH-EVENT] Push detected.
[2026-08-02 15:52:02] [PRE-PUSH] HEAD SHA: 402040b6e093ec26df6d747f56831085b28bb735
[2026-08-02 15:52:03] [PRE-PUSH] HEAD SHA: 402040b6e093ec26df6d747f56831085b28bb735
[2026-08-02 15:52:02] [PRE-PUSH] HEAD SHA: 402040b6e093ec26df6d747f56831085b28bb735
========================================
[2026-08-02 15:52:04] [PUSH-EVENT] Push detected.
========================================
[2026-08-02 15:52:04] [PUSH-EVENT] Push detected.
[2026-08-02 15:52:06] [BACKUP-START] Mirroring to backup remote...
[2026-08-02 15:52:04] [PRE-PUSH] HEAD SHA: 402040b6e093ec26df6d747f56831085b28bb735
[2026-08-02 15:52:04] [PRE-PUSH] HEAD SHA: 402040b6e093ec26df6d747f56831085b28bb735
========================================
[2026-08-02 15:52:04] [PUSH-EVENT] Push detected.
========================================
[2026-08-02 15:52:06] [PUSH-EVENT] Push detected.
[2026-08-02 15:52:04] [PRE-PUSH] HEAD SHA: 402040b6e093ec26df6d747f56831085b28bb735
[2026-08-02 15:52:06] [PRE-PUSH] HEAD SHA: 402040b6e093ec26df6d747f56831085b28bb735
[2026-08-02 15:52:10] [BACKUP-START] Mirroring to backup remote...
[2026-08-02 15:52:10] [BACKUP-START] Mirroring to backup remote...
[2026-08-02 15:52:10] [BACKUP-START] Mirroring to backup remote...
========================================
[2026-08-02 15:52:10] [PUSH-EVENT] Push detected.
[2026-08-02 15:52:10] [PRE-PUSH] HEAD SHA: 402040b6e093ec26df6d747f56831085b28bb735
========================================
[2026-08-02 15:52:12] [PUSH-EVENT] Push detected.
[2026-08-02 15:52:12] [PRE-PUSH] HEAD SHA: 402040b6e093ec26df6d747f56831085b28bb735
[2026-08-02 15:52:12] [BACKUP-START] Mirroring to backup remote...
[2026-08-02 15:52:13] [BACKUP-START] Mirroring to backup remote...
========================================
[2026-08-02 15:52:12] [PUSH-EVENT] Push detected.
[2026-08-02 15:52:13] [BACKUP-START] Mirroring to backup remote...
[2026-08-02 15:52:13] [BACKUP-START] Mirroring to backup remote...
[2026-08-02 15:52:12] [PRE-PUSH] HEAD SHA: 402040b6e093ec26df6d747f56831085b28bb735
========================================
[2026-08-02 15:52:15] [PUSH-EVENT] Push detected.
========================================
[2026-08-02 15:52:16] [PUSH-EVENT] Push detected.
[2026-08-02 15:52:16] [BACKUP-START] Mirroring to backup remote...
[2026-08-02 15:52:15] [PRE-PUSH] HEAD SHA: 402040b6e093ec26df6d747f56831085b28bb735
========================================
[2026-08-02 15:52:16] [PUSH-EVENT] Push detected.
[2026-08-02 15:52:16] [PRE-PUSH] HEAD SHA: 402040b6e093ec26df6d747f56831085b28bb735
[2026-08-02 15:52:17] [BACKUP-START] Mirroring to backup remote...
[2026-08-02 15:52:16] [PRE-PUSH] HEAD SHA: 402040b6e093ec26df6d747f56831085b28bb735
========================================
[2026-08-02 15:52:18] [PUSH-EVENT] Push detected.
[2026-08-02 15:52:18] [PRE-PUSH] HEAD SHA: 402040b6e093ec26df6d747f56831085b28bb735
[2026-08-02 15:52:19] [BACKUP-START] Mirroring to backup remote...
========================================
[2026-08-02 15:52:19] [PUSH-EVENT] Push detected.
========================================
[2026-08-02 15:52:20] [PUSH-EVENT] Push detected.
[2026-08-02 15:52:19] [PRE-PUSH] HEAD SHA: 402040b6e093ec26df6d747f56831085b28bb735
[2026-08-02 15:52:20] [PRE-PUSH] HEAD SHA: 402040b6e093ec26df6d747f56831085b28bb735
========================================
[2026-08-02 15:52:22] [PUSH-EVENT] Push detected.
========================================
[2026-08-02 15:52:22] [PUSH-EVENT] Push detected.
[2026-08-02 15:52:23] [BACKUP-START] Mirroring to backup remote...
[2026-08-02 15:52:23] [BACKUP-START] Mirroring to backup remote...
[2026-08-02 15:52:22] [PRE-PUSH] HEAD SHA: 402040b6e093ec26df6d747f56831085b28bb735
[2026-08-02 15:52:22] [PRE-PUSH] HEAD SHA: 402040b6e093ec26df6d747f56831085b28bb735
[2026-08-02 15:52:24] [BACKUP-START] Mirroring to backup remote...
[2026-08-02 15:52:25] [BACKUP-START] Mirroring to backup remote...
[2026-08-02 15:52:25] [BACKUP-START] Mirroring to backup remote...
[2026-08-02 15:52:26] [BACKUP-START] Mirroring to backup remote...
========================================
[2026-08-02 15:52:26] [PUSH-EVENT] Push detected.
========================================
[2026-08-02 15:52:27] [PUSH-EVENT] Push detected.
[2026-08-02 15:52:26] [PRE-PUSH] HEAD SHA: 402040b6e093ec26df6d747f56831085b28bb735
========================================
[2026-08-02 15:52:27] [PUSH-EVENT] Push detected.
[2026-08-02 15:52:27] [PRE-PUSH] HEAD SHA: 402040b6e093ec26df6d747f56831085b28bb735
[2026-08-02 15:52:27] [PRE-PUSH] HEAD SHA: 402040b6e093ec26df6d747f56831085b28bb735
========================================
[2026-08-02 15:52:29] [PUSH-EVENT] Push detected.
[2026-08-02 15:52:29] [BACKUP-START] Mirroring to backup remote...
[2026-08-02 15:52:29] [BACKUP-START] Mirroring to backup remote...
========================================
[2026-08-02 15:52:29] [PUSH-EVENT] Push detected.
[2026-08-02 15:52:29] [PRE-PUSH] HEAD SHA: 402040b6e093ec26df6d747f56831085b28bb735
[2026-08-02 15:52:29] [PRE-PUSH] HEAD SHA: 402040b6e093ec26df6d747f56831085b28bb735
========================================
[2026-08-02 15:52:30] [PUSH-EVENT] Push detected.
[2026-08-02 15:52:30] [PRE-PUSH] HEAD SHA: 402040b6e093ec26df6d747f56831085b28bb735
========================================
[2026-08-02 15:52:32] [PUSH-EVENT] Push detected.
========================================
[2026-08-02 15:52:32] [PUSH-EVENT] Push detected.
[2026-08-02 15:52:32] [PRE-PUSH] HEAD SHA: 402040b6e093ec26df6d747f56831085b28bb735
[2026-08-02 15:52:32] [PRE-PUSH] HEAD SHA: 402040b6e093ec26df6d747f56831085b28bb735
[2026-08-02 15:52:33] [BACKUP-START] Mirroring to backup remote...
[2026-08-02 15:52:34] [BACKUP-START] Mirroring to backup remote...
[2026-08-02 15:52:35] [BACKUP-START] Mirroring to backup remote...
[2026-08-02 15:52:35] [BACKUP-START] Mirroring to backup remote...
[2026-08-02 15:52:36] [BACKUP-START] Mirroring to backup remote...
[2026-08-02 15:52:37] [BACKUP-START] Mirroring to backup remote...
========================================
[2026-08-02 15:52:36] [PUSH-EVENT] Push detected.
[2026-08-02 15:52:36] [PRE-PUSH] HEAD SHA: 402040b6e093ec26df6d747f56831085b28bb735
========================================
[2026-08-02 15:52:37] [PUSH-EVENT] Push detected.
[2026-08-02 15:52:37] [PRE-PUSH] HEAD SHA: 402040b6e093ec26df6d747f56831085b28bb735
========================================
[2026-08-02 15:52:37] [PUSH-EVENT] Push detected.
[2026-08-02 15:52:37] [PRE-PUSH] HEAD SHA: 402040b6e093ec26df6d747f56831085b28bb735
[2026-08-02 15:52:39] [BACKUP-START] Mirroring to backup remote...
[2026-08-02 15:52:39] [BACKUP-START] Mirroring to backup remote...
[2026-08-02 15:52:43] [BACKUP-START] Mirroring to backup remote...
[2026-08-02 15:52:43] [BACKUP-START] Mirroring to backup remote...
========================================
[2026-08-02 15:52:43] [PUSH-EVENT] Push detected.
[2026-08-02 15:52:45] [BACKUP-START] Mirroring to backup remote...
========================================
[2026-08-02 15:52:44] [PUSH-EVENT] Push detected.
[2026-08-02 15:52:43] [PRE-PUSH] HEAD SHA: 402040b6e093ec26df6d747f56831085b28bb735
========================================
[2026-08-02 15:52:45] [PUSH-EVENT] Push detected.
[2026-08-02 15:52:44] [PRE-PUSH] HEAD SHA: 402040b6e093ec26df6d747f56831085b28bb735
========================================
[2026-08-02 15:52:46] [PUSH-EVENT] Push detected.
========================================
[2026-08-02 15:52:46] [PUSH-EVENT] Push detected.
[2026-08-02 15:52:45] [PRE-PUSH] HEAD SHA: 402040b6e093ec26df6d747f56831085b28bb735
========================================
[2026-08-02 15:52:47] [PUSH-EVENT] Push detected.
[2026-08-02 15:52:46] [PRE-PUSH] HEAD SHA: 402040b6e093ec26df6d747f56831085b28bb735
[2026-08-02 15:52:46] [PRE-PUSH] HEAD SHA: 402040b6e093ec26df6d747f56831085b28bb735
[2026-08-02 15:52:47] [PRE-PUSH] HEAD SHA: 402040b6e093ec26df6d747f56831085b28bb735
========================================
[2026-08-02 15:52:48] [PUSH-EVENT] Push detected.
[2026-08-02 15:52:48] [PRE-PUSH] HEAD SHA: 402040b6e093ec26df6d747f56831085b28bb735
========================================
[2026-08-02 15:52:49] [PUSH-EVENT] Push detected.
[2026-08-02 15:52:49] [PRE-PUSH] HEAD SHA: 402040b6e093ec26df6d747f56831085b28bb735
[2026-08-02 15:52:52] [BACKUP-START] Mirroring to backup remote...
[2026-08-02 15:52:52] [BACKUP-START] Mirroring to backup remote...
[2026-08-02 15:52:53] [BACKUP-START] Mirroring to backup remote...
[2026-08-02 15:52:53] [BACKUP-START] Mirroring to backup remote...
[2026-08-02 15:52:53] [BACKUP-START] Mirroring to backup remote...
[2026-08-02 15:52:53] [BACKUP-START] Mirroring to backup remote...
[2026-08-02 15:52:55] [BACKUP-START] Mirroring to backup remote...
========================================
[2026-08-02 15:52:55] [PUSH-EVENT] Push detected.
[2026-08-02 15:52:56] [BACKUP-START] Mirroring to backup remote...
========================================
[2026-08-02 15:52:56] [PUSH-EVENT] Push detected.
[2026-08-02 15:52:55] [PRE-PUSH] HEAD SHA: 402040b6e093ec26df6d747f56831085b28bb735
========================================
[2026-08-02 15:52:57] [PUSH-EVENT] Push detected.
========================================
[2026-08-02 15:52:57] [PUSH-EVENT] Push detected.
[2026-08-02 15:52:57] [PRE-PUSH] HEAD SHA: 402040b6e093ec26df6d747f56831085b28bb735
[2026-08-02 15:52:56] [PRE-PUSH] HEAD SHA: 402040b6e093ec26df6d747f56831085b28bb735
========================================
[2026-08-02 15:52:58] [PUSH-EVENT] Push detected.
========================================
[2026-08-02 15:52:58] [PUSH-EVENT] Push detected.
[2026-08-02 15:52:57] [PRE-PUSH] HEAD SHA: 402040b6e093ec26df6d747f56831085b28bb735
[2026-08-02 15:52:58] [PRE-PUSH] HEAD SHA: 402040b6e093ec26df6d747f56831085b28bb735
[2026-08-02 15:52:58] [PRE-PUSH] HEAD SHA: 402040b6e093ec26df6d747f56831085b28bb735
========================================
[2026-08-02 15:52:59] [PUSH-EVENT] Push detected.
========================================
[2026-08-02 15:53:00] [PUSH-EVENT] Push detected.
[2026-08-02 15:52:59] [PRE-PUSH] HEAD SHA: 402040b6e093ec26df6d747f56831085b28bb735
[2026-08-02 15:53:00] [PRE-PUSH] HEAD SHA: 402040b6e093ec26df6d747f56831085b28bb735
[2026-08-02 15:53:03] [BACKUP-START] Mirroring to backup remote...
[2026-08-02 15:53:03] [BACKUP-START] Mirroring to backup remote...
[2026-08-02 15:53:04] [BACKUP-START] Mirroring to backup remote...
[2026-08-02 15:53:05] [BACKUP-START] Mirroring to backup remote...
[2026-08-02 15:53:05] [BACKUP-START] Mirroring to backup remote...
[2026-08-02 15:53:05] [BACKUP-START] Mirroring to backup remote...
[2026-08-02 15:53:06] [BACKUP-START] Mirroring to backup remote...
[2026-08-02 15:53:07] [BACKUP-START] Mirroring to backup remote...
========================================
[2026-08-02 15:53:12] [PUSH-EVENT] Push detected.
========================================
[2026-08-02 15:53:12] [PUSH-EVENT] Push detected.
[2026-08-02 15:53:12] [PRE-PUSH] HEAD SHA: 402040b6e093ec26df6d747f56831085b28bb735
[2026-08-02 15:53:12] [PRE-PUSH] HEAD SHA: 402040b6e093ec26df6d747f56831085b28bb735
========================================
[2026-08-02 15:53:14] [PUSH-EVENT] Push detected.
========================================
[2026-08-02 15:53:14] [PUSH-EVENT] Push detected.
[2026-08-02 15:53:14] [PRE-PUSH] HEAD SHA: 402040b6e093ec26df6d747f56831085b28bb735
========================================
[2026-08-02 15:53:15] [PUSH-EVENT] Push detected.
========================================
[2026-08-02 15:53:16] [PUSH-EVENT] Push detected.
[2026-08-02 15:53:14] [PRE-PUSH] HEAD SHA: 402040b6e093ec26df6d747f56831085b28bb735
========================================
[2026-08-02 15:53:16] [PUSH-EVENT] Push detected.
========================================
[2026-08-02 15:53:16] [PUSH-EVENT] Push detected.
[2026-08-02 15:53:15] [PRE-PUSH] HEAD SHA: 402040b6e093ec26df6d747f56831085b28bb735
[2026-08-02 15:53:16] [PRE-PUSH] HEAD SHA: 402040b6e093ec26df6d747f56831085b28bb735
[2026-08-02 15:53:16] [PRE-PUSH] HEAD SHA: 402040b6e093ec26df6d747f56831085b28bb735
[2026-08-02 15:53:16] [PRE-PUSH] HEAD SHA: 402040b6e093ec26df6d747f56831085b28bb735
[2026-08-02 15:53:20] [BACKUP-START] Mirroring to backup remote...
========================================
[2026-08-02 15:53:22] [PUSH-EVENT] Push detected.
[2026-08-02 15:53:22] [BACKUP-START] Mirroring to backup remote...
[2026-08-02 15:53:22] [PRE-PUSH] HEAD SHA: 402040b6e093ec26df6d747f56831085b28bb735
[2026-08-02 15:53:22] [BACKUP-START] Mirroring to backup remote...
[2026-08-02 15:53:23] [BACKUP-START] Mirroring to backup remote...
[2026-08-02 15:53:23] [BACKUP-START] Mirroring to backup remote...
[2026-08-02 15:53:24] [BACKUP-START] Mirroring to backup remote...
[2026-08-02 15:53:25] [BACKUP-START] Mirroring to backup remote...
[2026-08-02 15:53:25] [BACKUP-START] Mirroring to backup remote...
========================================
[2026-08-02 15:53:25] [PUSH-EVENT] Push detected.
========================================
[2026-08-02 15:53:26] [PUSH-EVENT] Push detected.
[2026-08-02 15:53:25] [PRE-PUSH] HEAD SHA: 402040b6e093ec26df6d747f56831085b28bb735
[2026-08-02 15:53:26] [PRE-PUSH] HEAD SHA: 402040b6e093ec26df6d747f56831085b28bb735
[2026-08-02 15:53:27] [BACKUP-START] Mirroring to backup remote...
========================================
[2026-08-02 15:53:27] [PUSH-EVENT] Push detected.
========================================
[2026-08-02 15:53:27] [PUSH-EVENT] Push detected.
========================================
[2026-08-02 15:53:28] [PUSH-EVENT] Push detected.
[2026-08-02 15:53:27] [PRE-PUSH] HEAD SHA: 402040b6e093ec26df6d747f56831085b28bb735
[2026-08-02 15:53:27] [PRE-PUSH] HEAD SHA: 402040b6e093ec26df6d747f56831085b28bb735
========================================
[2026-08-02 15:53:29] [PUSH-EVENT] Push detected.
[2026-08-02 15:53:28] [PRE-PUSH] HEAD SHA: 402040b6e093ec26df6d747f56831085b28bb735
[2026-08-02 15:53:29] [PRE-PUSH] HEAD SHA: 402040b6e093ec26df6d747f56831085b28bb735
========================================
[2026-08-02 15:53:31] [PUSH-EVENT] Push detected.
[2026-08-02 15:53:31] [PRE-PUSH] HEAD SHA: 402040b6e093ec26df6d747f56831085b28bb735
[2026-08-02 15:53:33] [BACKUP-START] Mirroring to backup remote...
[2026-08-02 15:53:33] [BACKUP-START] Mirroring to backup remote...
========================================
[2026-08-02 15:53:33] [PUSH-EVENT] Push detected.
[2026-08-02 15:53:33] [PRE-PUSH] HEAD SHA: 402040b6e093ec26df6d747f56831085b28bb735
[2026-08-02 15:53:35] [BACKUP-START] Mirroring to backup remote...
[2026-08-02 15:53:35] [BACKUP-START] Mirroring to backup remote...
[2026-08-02 15:53:36] [BACKUP-START] Mirroring to backup remote...
[2026-08-02 15:53:36] [BACKUP-START] Mirroring to backup remote...
========================================
[2026-08-02 15:53:36] [PUSH-EVENT] Push detected.
[2026-08-02 15:53:36] [PRE-PUSH] HEAD SHA: 402040b6e093ec26df6d747f56831085b28bb735
[2026-08-02 15:53:37] [BACKUP-START] Mirroring to backup remote...
========================================
[2026-08-02 15:53:38] [PUSH-EVENT] Push detected.
========================================
[2026-08-02 15:53:39] [PUSH-EVENT] Push detected.
[2026-08-02 15:53:38] [PRE-PUSH] HEAD SHA: 402040b6e093ec26df6d747f56831085b28bb735
========================================
[2026-08-02 15:53:39] [PUSH-EVENT] Push detected.
[2026-08-02 15:53:40] [BACKUP-START] Mirroring to backup remote...
========================================
[2026-08-02 15:53:40] [PUSH-EVENT] Push detected.
[2026-08-02 15:53:39] [PRE-PUSH] HEAD SHA: 402040b6e093ec26df6d747f56831085b28bb735
========================================
[2026-08-02 15:53:40] [PUSH-EVENT] Push detected.
[2026-08-02 15:53:39] [PRE-PUSH] HEAD SHA: 402040b6e093ec26df6d747f56831085b28bb735
[2026-08-02 15:53:40] [PRE-PUSH] HEAD SHA: 402040b6e093ec26df6d747f56831085b28bb735
[2026-08-02 15:53:40] [PRE-PUSH] HEAD SHA: 402040b6e093ec26df6d747f56831085b28bb735
========================================
[2026-08-02 15:53:42] [PUSH-EVENT] Push detected.
[2026-08-02 15:53:42] [BACKUP-START] Mirroring to backup remote...
[2026-08-02 15:53:42] [PRE-PUSH] HEAD SHA: 402040b6e093ec26df6d747f56831085b28bb735
========================================
[2026-08-02 15:53:44] [PUSH-EVENT] Push detected.
[2026-08-02 15:53:44] [PRE-PUSH] HEAD SHA: 402040b6e093ec26df6d747f56831085b28bb735
========================================
[2026-08-02 15:53:45] [PUSH-EVENT] Push detected.
[2026-08-02 15:53:46] [BACKUP-START] Mirroring to backup remote...
[2026-08-02 15:53:45] [PRE-PUSH] HEAD SHA: 402040b6e093ec26df6d747f56831085b28bb735
[2026-08-02 15:53:46] [BACKUP-START] Mirroring to backup remote...
[2026-08-02 15:53:47] [BACKUP-START] Mirroring to backup remote...
[2026-08-02 15:53:47] [BACKUP-START] Mirroring to backup remote...
[2026-08-02 15:53:47] [BACKUP-START] Mirroring to backup remote...
========================================
[2026-08-02 15:53:48] [PUSH-EVENT] Push detected.
[2026-08-02 15:53:48] [PRE-PUSH] HEAD SHA: 402040b6e093ec26df6d747f56831085b28bb735
========================================
[2026-08-02 15:53:49] [PUSH-EVENT] Push detected.
[2026-08-02 15:53:49] [BACKUP-START] Mirroring to backup remote...
[2026-08-02 15:53:49] [PRE-PUSH] HEAD SHA: 402040b6e093ec26df6d747f56831085b28bb735
========================================
[2026-08-02 15:53:50] [PUSH-EVENT] Push detected.
[2026-08-02 15:53:50] [BACKUP-START] Mirroring to backup remote...
[2026-08-02 15:53:50] [PRE-PUSH] HEAD SHA: 402040b6e093ec26df6d747f56831085b28bb735
========================================
[2026-08-02 15:53:50] [PUSH-EVENT] Push detected.
[2026-08-02 15:53:51] [BACKUP-START] Mirroring to backup remote...
[2026-08-02 15:53:50] [PRE-PUSH] HEAD SHA: 402040b6e093ec26df6d747f56831085b28bb735
========================================
[2026-08-02 15:53:52] [PUSH-EVENT] Push detected.
[2026-08-02 15:53:52] [PRE-PUSH] HEAD SHA: 402040b6e093ec26df6d747f56831085b28bb735
========================================
[2026-08-02 15:53:53] [PUSH-EVENT] Push detected.
[2026-08-02 15:53:53] [PRE-PUSH] HEAD SHA: 402040b6e093ec26df6d747f56831085b28bb735
========================================
[2026-08-02 15:53:54] [PUSH-EVENT] Push detected.
[2026-08-02 15:53:55] [BACKUP-START] Mirroring to backup remote...
[2026-08-02 15:53:55] [BACKUP-START] Mirroring to backup remote...
[2026-08-02 15:53:54] [PRE-PUSH] HEAD SHA: 402040b6e093ec26df6d747f56831085b28bb735
[2026-08-02 15:53:57] [BACKUP-START] Mirroring to backup remote...
========================================
[2026-08-02 15:53:57] [PUSH-EVENT] Push detected.
[2026-08-02 15:53:58] [BACKUP-START] Mirroring to backup remote...
[2026-08-02 15:53:57] [PRE-PUSH] HEAD SHA: 402040b6e093ec26df6d747f56831085b28bb735
========================================
[2026-08-02 15:53:57] [PUSH-EVENT] Push detected.
[2026-08-02 15:53:57] [PRE-PUSH] HEAD SHA: 402040b6e093ec26df6d747f56831085b28bb735
[2026-08-02 15:53:59] [BACKUP-START] Mirroring to backup remote...
========================================
[2026-08-02 15:54:00] [PUSH-EVENT] Push detected.
[2026-08-02 15:54:01] [BACKUP-START] Mirroring to backup remote...
========================================
[2026-08-02 15:54:00] [PUSH-EVENT] Push detected.
[2026-08-02 15:54:01] [BACKUP-START] Mirroring to backup remote...
[2026-08-02 15:54:00] [PRE-PUSH] HEAD SHA: 402040b6e093ec26df6d747f56831085b28bb735
========================================
[2026-08-02 15:54:01] [PUSH-EVENT] Push detected.
[2026-08-02 15:54:00] [PRE-PUSH] HEAD SHA: 402040b6e093ec26df6d747f56831085b28bb735
[2026-08-02 15:54:01] [PRE-PUSH] HEAD SHA: 402040b6e093ec26df6d747f56831085b28bb735
[2026-08-02 15:54:03] [BACKUP-START] Mirroring to backup remote...
========================================
[2026-08-02 15:54:03] [PUSH-EVENT] Push detected.
[2026-08-02 15:54:04] [BACKUP-START] Mirroring to backup remote...
[2026-08-02 15:54:03] [PRE-PUSH] HEAD SHA: 402040b6e093ec26df6d747f56831085b28bb735
========================================
[2026-08-02 15:54:04] [PUSH-EVENT] Push detected.
========================================
[2026-08-02 15:54:05] [PUSH-EVENT] Push detected.
[2026-08-02 15:54:04] [PRE-PUSH] HEAD SHA: 402040b6e093ec26df6d747f56831085b28bb735
========================================
[2026-08-02 15:54:06] [PUSH-EVENT] Push detected.
[2026-08-02 15:54:05] [PRE-PUSH] HEAD SHA: 402040b6e093ec26df6d747f56831085b28bb735
[2026-08-02 15:54:06] [PRE-PUSH] HEAD SHA: 402040b6e093ec26df6d747f56831085b28bb735
[2026-08-02 15:54:07] [BACKUP-START] Mirroring to backup remote...
========================================
[2026-08-02 15:54:07] [PUSH-EVENT] Push detected.
[2026-08-02 15:54:08] [BACKUP-START] Mirroring to backup remote...
[2026-08-02 15:54:07] [PRE-PUSH] HEAD SHA: 402040b6e093ec26df6d747f56831085b28bb735
[2026-08-02 15:54:08] [BACKUP-START] Mirroring to backup remote...
========================================
[2026-08-02 15:54:10] [PUSH-EVENT] Push detected.
[2026-08-02 15:54:10] [BACKUP-START] Mirroring to backup remote...
========================================
[2026-08-02 15:54:10] [PUSH-EVENT] Push detected.
[2026-08-02 15:54:10] [PRE-PUSH] HEAD SHA: 402040b6e093ec26df6d747f56831085b28bb735
[2026-08-02 15:54:12] [BACKUP-START] Mirroring to backup remote...
[2026-08-02 15:54:12] [BACKUP-START] Mirroring to backup remote...
========================================
[2026-08-02 15:54:11] [PUSH-EVENT] Push detected.
[2026-08-02 15:54:12] [BACKUP-START] Mirroring to backup remote...
[2026-08-02 15:54:10] [PRE-PUSH] HEAD SHA: 402040b6e093ec26df6d747f56831085b28bb735
[2026-08-02 15:54:11] [PRE-PUSH] HEAD SHA: 402040b6e093ec26df6d747f56831085b28bb735
[2026-08-02 15:54:14] [BACKUP-START] Mirroring to backup remote...
========================================
[2026-08-02 15:54:14] [PUSH-EVENT] Push detected.
[2026-08-02 15:54:14] [PRE-PUSH] HEAD SHA: 402040b6e093ec26df6d747f56831085b28bb735
========================================
[2026-08-02 15:54:15] [PUSH-EVENT] Push detected.
[2026-08-02 15:54:15] [PRE-PUSH] HEAD SHA: 402040b6e093ec26df6d747f56831085b28bb735
[2026-08-02 15:54:17] [BACKUP-START] Mirroring to backup remote...
[2026-08-02 15:54:18] [BACKUP-START] Mirroring to backup remote...
[2026-08-02 15:54:19] [BACKUP-START] Mirroring to backup remote...
[2026-08-02 15:54:21] [BACKUP-START] Mirroring to backup remote...
[2026-08-02 15:54:22] [BACKUP-START] Mirroring to backup remote...
========================================
[2026-08-02 15:54:21] [PUSH-EVENT] Push detected.
[2026-08-02 15:54:21] [PRE-PUSH] HEAD SHA: 402040b6e093ec26df6d747f56831085b28bb735
========================================
[2026-08-02 15:54:22] [PUSH-EVENT] Push detected.
========================================
[2026-08-02 15:54:23] [PUSH-EVENT] Push detected.
========================================
[2026-08-02 15:54:23] [PUSH-EVENT] Push detected.
[2026-08-02 15:54:22] [PRE-PUSH] HEAD SHA: 402040b6e093ec26df6d747f56831085b28bb735
========================================
[2026-08-02 15:54:24] [PUSH-EVENT] Push detected.
[2026-08-02 15:54:23] [PRE-PUSH] HEAD SHA: 402040b6e093ec26df6d747f56831085b28bb735
[2026-08-02 15:54:23] [PRE-PUSH] HEAD SHA: 402040b6e093ec26df6d747f56831085b28bb735
========================================
[2026-08-02 15:54:24] [PUSH-EVENT] Push detected.
[2026-08-02 15:54:24] [PRE-PUSH] HEAD SHA: 402040b6e093ec26df6d747f56831085b28bb735
[2026-08-02 15:54:24] [PRE-PUSH] HEAD SHA: 402040b6e093ec26df6d747f56831085b28bb735
========================================
[2026-08-02 15:54:26] [PUSH-EVENT] Push detected.
========================================
[2026-08-02 15:54:26] [PUSH-EVENT] Push detected.
[2026-08-02 15:54:26] [PRE-PUSH] HEAD SHA: 402040b6e093ec26df6d747f56831085b28bb735
[2026-08-02 15:54:26] [PRE-PUSH] HEAD SHA: 402040b6e093ec26df6d747f56831085b28bb735
[2026-08-02 15:54:28] [BACKUP-START] Mirroring to backup remote...
[2026-08-02 15:54:30] [BACKUP-START] Mirroring to backup remote...
========================================
[2026-08-02 15:54:31] [PUSH-EVENT] Push detected.
[2026-08-02 15:54:31] [BACKUP-START] Mirroring to backup remote...
[2026-08-02 15:54:31] [PRE-PUSH] HEAD SHA: 402040b6e093ec26df6d747f56831085b28bb735
[2026-08-02 15:54:32] [BACKUP-START] Mirroring to backup remote...
[2026-08-02 15:54:32] [BACKUP-START] Mirroring to backup remote...
[2026-08-02 15:54:32] [BACKUP-START] Mirroring to backup remote...
[2026-08-02 15:54:34] [BACKUP-START] Mirroring to backup remote...
[2026-08-02 15:54:34] [BACKUP-START] Mirroring to backup remote...
========================================
[2026-08-02 15:54:34] [PUSH-EVENT] Push detected.
========================================
[2026-08-02 15:54:35] [PUSH-EVENT] Push detected.
[2026-08-02 15:54:34] [PRE-PUSH] HEAD SHA: 402040b6e093ec26df6d747f56831085b28bb735
========================================
[2026-08-02 15:54:35] [PUSH-EVENT] Push detected.
========================================
[2026-08-02 15:54:36] [PUSH-EVENT] Push detected.
[2026-08-02 15:54:37] [BACKUP-START] Mirroring to backup remote...
[2026-08-02 15:54:35] [PRE-PUSH] HEAD SHA: 402040b6e093ec26df6d747f56831085b28bb735
[2026-08-02 15:54:35] [PRE-PUSH] HEAD SHA: 402040b6e093ec26df6d747f56831085b28bb735
[2026-08-02 15:54:36] [PRE-PUSH] HEAD SHA: 402040b6e093ec26df6d747f56831085b28bb735
========================================
[2026-08-02 15:54:37] [PUSH-EVENT] Push detected.
========================================
[2026-08-02 15:54:38] [PUSH-EVENT] Push detected.
[2026-08-02 15:54:37] [PRE-PUSH] HEAD SHA: 402040b6e093ec26df6d747f56831085b28bb735
[2026-08-02 15:54:38] [PRE-PUSH] HEAD SHA: 402040b6e093ec26df6d747f56831085b28bb735
========================================
[2026-08-02 15:54:39] [PUSH-EVENT] Push detected.
[2026-08-02 15:54:39] [PRE-PUSH] HEAD SHA: 402040b6e093ec26df6d747f56831085b28bb735
[2026-08-02 15:54:42] [BACKUP-START] Mirroring to backup remote...
[2026-08-02 15:54:43] [BACKUP-START] Mirroring to backup remote...
[2026-08-02 15:54:44] [BACKUP-START] Mirroring to backup remote...
[2026-08-02 15:54:44] [BACKUP-START] Mirroring to backup remote...
[2026-08-02 15:54:45] [BACKUP-START] Mirroring to backup remote...
[2026-08-02 15:54:45] [BACKUP-START] Mirroring to backup remote...
[2026-08-02 15:54:46] [BACKUP-START] Mirroring to backup remote...
========================================
[2026-08-02 15:54:45] [PUSH-EVENT] Push detected.
[2026-08-02 15:54:45] [PRE-PUSH] HEAD SHA: 402040b6e093ec26df6d747f56831085b28bb735
========================================
[2026-08-02 15:54:48] [PUSH-EVENT] Push detected.
========================================
========================================
[2026-08-02 15:54:48] [PUSH-EVENT] Push detected.
[2026-08-02 15:54:48] [PUSH-EVENT] Push detected.
[2026-08-02 15:54:48] [PRE-PUSH] HEAD SHA: 402040b6e093ec26df6d747f56831085b28bb735
[2026-08-02 15:54:48] [PRE-PUSH] HEAD SHA: 402040b6e093ec26df6d747f56831085b28bb735
[2026-08-02 15:54:48] [PRE-PUSH] HEAD SHA: 402040b6e093ec26df6d747f56831085b28bb735
========================================
[2026-08-02 15:54:49] [PUSH-EVENT] Push detected.
========================================
[2026-08-02 15:54:49] [PUSH-EVENT] Push detected.
[2026-08-02 15:54:49] [PRE-PUSH] HEAD SHA: 402040b6e093ec26df6d747f56831085b28bb735
[2026-08-02 15:54:49] [PRE-PUSH] HEAD SHA: 402040b6e093ec26df6d747f56831085b28bb735
========================================
[2026-08-02 15:54:51] [PUSH-EVENT] Push detected.
========================================
[2026-08-02 15:54:52] [PUSH-EVENT] Push detected.
[2026-08-02 15:54:52] [BACKUP-START] Mirroring to backup remote...
[2026-08-02 15:54:51] [PRE-PUSH] HEAD SHA: 402040b6e093ec26df6d747f56831085b28bb735
[2026-08-02 15:54:52] [PRE-PUSH] HEAD SHA: 402040b6e093ec26df6d747f56831085b28bb735
========================================
[2026-08-02 15:54:55] [PUSH-EVENT] Push detected.
[2026-08-02 15:54:55] [BACKUP-START] Mirroring to backup remote...
[2026-08-02 15:54:55] [PRE-PUSH] HEAD SHA: 402040b6e093ec26df6d747f56831085b28bb735
[2026-08-02 15:54:56] [BACKUP-START] Mirroring to backup remote...
[2026-08-02 15:54:56] [BACKUP-START] Mirroring to backup remote...
[2026-08-02 15:54:57] [BACKUP-START] Mirroring to backup remote...
[2026-08-02 15:54:57] [BACKUP-START] Mirroring to backup remote...
========================================
[2026-08-02 15:54:58] [PUSH-EVENT] Push detected.
[2026-08-02 15:54:59] [BACKUP-START] Mirroring to backup remote...
[2026-08-02 15:54:59] [BACKUP-START] Mirroring to backup remote...
[2026-08-02 15:54:58] [PRE-PUSH] HEAD SHA: 402040b6e093ec26df6d747f56831085b28bb735
========================================
[2026-08-02 15:54:59] [PUSH-EVENT] Push detected.
========================================
[2026-08-02 15:55:00] [PUSH-EVENT] Push detected.
[2026-08-02 15:54:59] [PRE-PUSH] HEAD SHA: 402040b6e093ec26df6d747f56831085b28bb735
[2026-08-02 15:55:01] [BACKUP-START] Mirroring to backup remote...
[2026-08-02 15:55:00] [PRE-PUSH] HEAD SHA: 402040b6e093ec26df6d747f56831085b28bb735
========================================
[2026-08-02 15:55:01] [PUSH-EVENT] Push detected.
[2026-08-02 15:55:01] [PRE-PUSH] HEAD SHA: 402040b6e093ec26df6d747f56831085b28bb735
========================================
[2026-08-02 15:55:03] [PUSH-EVENT] Push detected.
========================================
[2026-08-02 15:55:03] [PUSH-EVENT] Push detected.
========================================
[2026-08-02 15:55:03] [PUSH-EVENT] Push detected.
[2026-08-02 15:55:03] [PRE-PUSH] HEAD SHA: 402040b6e093ec26df6d747f56831085b28bb735
[2026-08-02 15:55:03] [PRE-PUSH] HEAD SHA: 402040b6e093ec26df6d747f56831085b28bb735
[2026-08-02 15:55:03] [PRE-PUSH] HEAD SHA: 402040b6e093ec26df6d747f56831085b28bb735
[2026-08-02 15:55:05] [BACKUP-START] Mirroring to backup remote...
========================================
[2026-08-02 15:55:05] [PUSH-EVENT] Push detected.
[2026-08-02 15:55:05] [PRE-PUSH] HEAD SHA: 402040b6e093ec26df6d747f56831085b28bb735
[2026-08-02 15:55:06] [BACKUP-START] Mirroring to backup remote...
[2026-08-02 15:55:07] [BACKUP-START] Mirroring to backup remote...
========================================
[2026-08-02 15:55:08] [PUSH-EVENT] Push detected.
[2026-08-02 15:55:08] [BACKUP-START] Mirroring to backup remote...
[2026-08-02 15:55:08] [PRE-PUSH] HEAD SHA: 402040b6e093ec26df6d747f56831085b28bb735
[2026-08-02 15:55:09] [BACKUP-START] Mirroring to backup remote...
========================================
[2026-08-02 15:55:09] [PUSH-EVENT] Push detected.
[2026-08-02 15:55:10] [BACKUP-START] Mirroring to backup remote...
[2026-08-02 15:55:10] [BACKUP-START] Mirroring to backup remote...
[2026-08-02 15:55:09] [PRE-PUSH] HEAD SHA: 402040b6e093ec26df6d747f56831085b28bb735
========================================
[2026-08-02 15:55:11] [PUSH-EVENT] Push detected.
[2026-08-02 15:55:12] [BACKUP-START] Mirroring to backup remote...
========================================
[2026-08-02 15:55:12] [PUSH-EVENT] Push detected.
[2026-08-02 15:55:11] [PRE-PUSH] HEAD SHA: 402040b6e093ec26df6d747f56831085b28bb735
[2026-08-02 15:55:12] [PRE-PUSH] HEAD SHA: 402040b6e093ec26df6d747f56831085b28bb735
[2026-08-02 15:55:14] [BACKUP-START] Mirroring to backup remote...
========================================
[2026-08-02 15:55:14] [PUSH-EVENT] Push detected.
========================================
[2026-08-02 15:55:14] [PUSH-EVENT] Push detected.
[2026-08-02 15:55:14] [PRE-PUSH] HEAD SHA: 402040b6e093ec26df6d747f56831085b28bb735
========================================
[2026-08-02 15:55:15] [PUSH-EVENT] Push detected.
[2026-08-02 15:55:14] [PRE-PUSH] HEAD SHA: 402040b6e093ec26df6d747f56831085b28bb735
========================================
[2026-08-02 15:55:16] [PUSH-EVENT] Push detected.
[2026-08-02 15:55:15] [PRE-PUSH] HEAD SHA: 402040b6e093ec26df6d747f56831085b28bb735
[2026-08-02 15:55:17] [BACKUP-START] Mirroring to backup remote...
[2026-08-02 15:55:16] [PRE-PUSH] HEAD SHA: 402040b6e093ec26df6d747f56831085b28bb735
[2026-08-02 15:55:18] [BACKUP-START] Mirroring to backup remote...
[2026-08-02 15:55:19] [BACKUP-START] Mirroring to backup remote...
========================================
[2026-08-02 15:55:20] [PUSH-EVENT] Push detected.
[2026-08-02 15:55:20] [PRE-PUSH] HEAD SHA: 402040b6e093ec26df6d747f56831085b28bb735
========================================
[2026-08-02 15:55:21] [PUSH-EVENT] Push detected.
[2026-08-02 15:55:21] [PRE-PUSH] HEAD SHA: 402040b6e093ec26df6d747f56831085b28bb735
[2026-08-02 15:55:22] [BACKUP-START] Mirroring to backup remote...
========================================
[2026-08-02 15:55:21] [PUSH-EVENT] Push detected.
[2026-08-02 15:55:21] [PRE-PUSH] HEAD SHA: 402040b6e093ec26df6d747f56831085b28bb735
[2026-08-02 15:55:23] [BACKUP-START] Mirroring to backup remote...
[2026-08-02 15:55:23] [BACKUP-START] Mirroring to backup remote...
[2026-08-02 15:55:23] [BACKUP-START] Mirroring to backup remote...
========================================
[2026-08-02 15:55:23] [PUSH-EVENT] Push detected.
[2026-08-02 15:55:23] [PRE-PUSH] HEAD SHA: 402040b6e093ec26df6d747f56831085b28bb735
[2026-08-02 15:55:27] [BACKUP-START] Mirroring to backup remote...
========================================
[2026-08-02 15:55:26] [PUSH-EVENT] Push detected.
[2026-08-02 15:55:27] [BACKUP-START] Mirroring to backup remote...
========================================
[2026-08-02 15:55:28] [PUSH-EVENT] Push detected.
[2026-08-02 15:55:26] [PRE-PUSH] HEAD SHA: 402040b6e093ec26df6d747f56831085b28bb735
========================================
[2026-08-02 15:55:28] [PUSH-EVENT] Push detected.
[2026-08-02 15:55:29] [BACKUP-START] Mirroring to backup remote...
========================================
[2026-08-02 15:55:29] [PUSH-EVENT] Push detected.
[2026-08-02 15:55:28] [PRE-PUSH] HEAD SHA: 402040b6e093ec26df6d747f56831085b28bb735
[2026-08-02 15:55:28] [PRE-PUSH] HEAD SHA: 402040b6e093ec26df6d747f56831085b28bb735
[2026-08-02 15:55:29] [PRE-PUSH] HEAD SHA: 402040b6e093ec26df6d747f56831085b28bb735
========================================
[2026-08-02 15:55:31] [PUSH-EVENT] Push detected.
[2026-08-02 15:55:31] [BACKUP-START] Mirroring to backup remote...
[2026-08-02 15:55:31] [PRE-PUSH] HEAD SHA: 402040b6e093ec26df6d747f56831085b28bb735
========================================
[2026-08-02 15:55:31] [PUSH-EVENT] Push detected.
[2026-08-02 15:55:31] [PRE-PUSH] HEAD SHA: 402040b6e093ec26df6d747f56831085b28bb735
========================================
[2026-08-02 15:55:33] [PUSH-EVENT] Push detected.
[2026-08-02 15:55:33] [PRE-PUSH] HEAD SHA: 402040b6e093ec26df6d747f56831085b28bb735
========================================
[2026-08-02 15:55:34] [PUSH-EVENT] Push detected.
[2026-08-02 15:55:35] [BACKUP-START] Mirroring to backup remote...
[2026-08-02 15:55:34] [PRE-PUSH] HEAD SHA: 402040b6e093ec26df6d747f56831085b28bb735
[2026-08-02 15:55:36] [BACKUP-START] Mirroring to backup remote...
[2026-08-02 15:55:36] [BACKUP-START] Mirroring to backup remote...
[2026-08-02 15:55:36] [BACKUP-START] Mirroring to backup remote...
[2026-08-02 15:55:37] [BACKUP-START] Mirroring to backup remote...
[2026-08-02 15:55:38] [BACKUP-START] Mirroring to backup remote...
========================================
[2026-08-02 15:55:38] [PUSH-EVENT] Push detected.
[2026-08-02 15:55:40] [BACKUP-START] Mirroring to backup remote...
[2026-08-02 15:55:38] [PRE-PUSH] HEAD SHA: 402040b6e093ec26df6d747f56831085b28bb735
========================================
[2026-08-02 15:55:40] [PUSH-EVENT] Push detected.
[2026-08-02 15:55:41] [BACKUP-START] Mirroring to backup remote...
========================================
[2026-08-02 15:55:41] [PUSH-EVENT] Push detected.
[2026-08-02 15:55:40] [PRE-PUSH] HEAD SHA: 402040b6e093ec26df6d747f56831085b28bb735
[2026-08-02 15:55:41] [PRE-PUSH] HEAD SHA: 402040b6e093ec26df6d747f56831085b28bb735
========================================
[2026-08-02 15:55:45] [PUSH-EVENT] Push detected.
========================================
[2026-08-02 15:55:45] [PUSH-EVENT] Push detected.
========================================
[2026-08-02 15:55:45] [PUSH-EVENT] Push detected.
========================================
[2026-08-02 15:55:45] [PUSH-EVENT] Push detected.
[2026-08-02 15:55:45] [PRE-PUSH] HEAD SHA: 402040b6e093ec26df6d747f56831085b28bb735
[2026-08-02 15:55:45] [PRE-PUSH] HEAD SHA: 402040b6e093ec26df6d747f56831085b28bb735
[2026-08-02 15:55:46] [BACKUP-START] Mirroring to backup remote...
[2026-08-02 15:55:45] [PRE-PUSH] HEAD SHA: 402040b6e093ec26df6d747f56831085b28bb735
[2026-08-02 15:55:45] [PRE-PUSH] HEAD SHA: 402040b6e093ec26df6d747f56831085b28bb735
========================================
[2026-08-02 15:55:47] [PUSH-EVENT] Push detected.
[2026-08-02 15:55:47] [PRE-PUSH] HEAD SHA: 402040b6e093ec26df6d747f56831085b28bb735
[2026-08-02 15:55:48] [BACKUP-START] Mirroring to backup remote...
[2026-08-02 15:55:48] [BACKUP-START] Mirroring to backup remote...
========================================
[2026-08-02 15:55:50] [PUSH-EVENT] Push detected.
[2026-08-02 15:55:50] [PRE-PUSH] HEAD SHA: 402040b6e093ec26df6d747f56831085b28bb735
========================================
[2026-08-02 15:55:51] [PUSH-EVENT] Push detected.
========================================
[2026-08-02 15:55:51] [PUSH-EVENT] Push detected.
[2026-08-02 15:55:51] [PRE-PUSH] HEAD SHA: 402040b6e093ec26df6d747f56831085b28bb735
[2026-08-02 15:55:51] [PRE-PUSH] HEAD SHA: 402040b6e093ec26df6d747f56831085b28bb735
[2026-08-02 15:55:52] [BACKUP-START] Mirroring to backup remote...
[2026-08-02 15:55:52] [BACKUP-START] Mirroring to backup remote...
[2026-08-02 15:55:53] [BACKUP-START] Mirroring to backup remote...
[2026-08-02 15:55:53] [BACKUP-START] Mirroring to backup remote...
[2026-08-02 15:55:53] [BACKUP-START] Mirroring to backup remote...
========================================
[2026-08-02 15:55:56] [PUSH-EVENT] Push detected.
========================================
[2026-08-02 15:55:56] [PUSH-EVENT] Push detected.
[2026-08-02 15:55:56] [PRE-PUSH] HEAD SHA: 402040b6e093ec26df6d747f56831085b28bb735
[2026-08-02 15:55:57] [BACKUP-START] Mirroring to backup remote...
========================================
[2026-08-02 15:55:57] [PUSH-EVENT] Push detected.
[2026-08-02 15:55:58] [BACKUP-START] Mirroring to backup remote...
========================================
[2026-08-02 15:55:57] [PUSH-EVENT] Push detected.
[2026-08-02 15:55:56] [PRE-PUSH] HEAD SHA: 402040b6e093ec26df6d747f56831085b28bb735
========================================
[2026-08-02 15:55:58] [PUSH-EVENT] Push detected.
[2026-08-02 15:55:59] [BACKUP-START] Mirroring to backup remote...
[2026-08-02 15:55:57] [PRE-PUSH] HEAD SHA: 402040b6e093ec26df6d747f56831085b28bb735
[2026-08-02 15:55:58] [PRE-PUSH] HEAD SHA: 402040b6e093ec26df6d747f56831085b28bb735
[2026-08-02 15:55:57] [PRE-PUSH] HEAD SHA: 402040b6e093ec26df6d747f56831085b28bb735
========================================
[2026-08-02 15:56:01] [PUSH-EVENT] Push detected.
[2026-08-02 15:56:01] [PRE-PUSH] HEAD SHA: 402040b6e093ec26df6d747f56831085b28bb735
========================================
[2026-08-02 15:56:02] [PUSH-EVENT] Push detected.
[2026-08-02 15:56:03] [BACKUP-START] Mirroring to backup remote...
[2026-08-02 15:56:02] [PRE-PUSH] HEAD SHA: 402040b6e093ec26df6d747f56831085b28bb735
[2026-08-02 15:56:04] [BACKUP-START] Mirroring to backup remote...
[2026-08-02 15:56:05] [BACKUP-START] Mirroring to backup remote...
[2026-08-02 15:56:06] [BACKUP-START] Mirroring to backup remote...
========================================
[2026-08-02 15:56:05] [PUSH-EVENT] Push detected.
[2026-08-02 15:56:06] [BACKUP-START] Mirroring to backup remote...
[2026-08-02 15:56:05] [PRE-PUSH] HEAD SHA: 402040b6e093ec26df6d747f56831085b28bb735
========================================
[2026-08-02 15:56:06] [PUSH-EVENT] Push detected.
[2026-08-02 15:56:07] [BACKUP-START] Mirroring to backup remote...
[2026-08-02 15:56:06] [PRE-PUSH] HEAD SHA: 402040b6e093ec26df6d747f56831085b28bb735
========================================
[2026-08-02 15:56:09] [PUSH-EVENT] Push detected.
[2026-08-02 15:56:09] [BACKUP-START] Mirroring to backup remote...
========================================
[2026-08-02 15:56:09] [PUSH-EVENT] Push detected.
[2026-08-02 15:56:09] [PRE-PUSH] HEAD SHA: 402040b6e093ec26df6d747f56831085b28bb735
========================================
[2026-08-02 15:56:10] [PUSH-EVENT] Push detected.
[2026-08-02 15:56:09] [PRE-PUSH] HEAD SHA: 402040b6e093ec26df6d747f56831085b28bb735
[2026-08-02 15:56:10] [PRE-PUSH] HEAD SHA: 402040b6e093ec26df6d747f56831085b28bb735
========================================
[2026-08-02 15:56:11] [PUSH-EVENT] Push detected.
[2026-08-02 15:56:12] [BACKUP-START] Mirroring to backup remote...
[2026-08-02 15:56:11] [PRE-PUSH] HEAD SHA: 402040b6e093ec26df6d747f56831085b28bb735
========================================
[2026-08-02 15:56:13] [PUSH-EVENT] Push detected.
[2026-08-02 15:56:13] [BACKUP-START] Mirroring to backup remote...
========================================
[2026-08-02 15:56:13] [PUSH-EVENT] Push detected.
[2026-08-02 15:56:13] [PRE-PUSH] HEAD SHA: 402040b6e093ec26df6d747f56831085b28bb735
========================================
[2026-08-02 15:56:14] [PUSH-EVENT] Push detected.
[2026-08-02 15:56:13] [PRE-PUSH] HEAD SHA: 402040b6e093ec26df6d747f56831085b28bb735
[2026-08-02 15:56:14] [PRE-PUSH] HEAD SHA: 402040b6e093ec26df6d747f56831085b28bb735
[2026-08-02 15:56:16] [BACKUP-START] Mirroring to backup remote...
[2026-08-02 15:56:16] [BACKUP-START] Mirroring to backup remote...
========================================
[2026-08-02 15:56:16] [PUSH-EVENT] Push detected.
[2026-08-02 15:56:17] [BACKUP-START] Mirroring to backup remote...
[2026-08-02 15:56:16] [PRE-PUSH] HEAD SHA: 402040b6e093ec26df6d747f56831085b28bb735
[2026-08-02 15:56:18] [BACKUP-START] Mirroring to backup remote...
========================================
[2026-08-02 15:56:19] [PUSH-EVENT] Push detected.
[2026-08-02 15:56:19] [PRE-PUSH] HEAD SHA: 402040b6e093ec26df6d747f56831085b28bb735
========================================
[2026-08-02 15:56:19] [PUSH-EVENT] Push detected.
[2026-08-02 15:56:20] [BACKUP-START] Mirroring to backup remote...
[2026-08-02 15:56:20] [BACKUP-START] Mirroring to backup remote...
[2026-08-02 15:56:21] [BACKUP-START] Mirroring to backup remote...
[2026-08-02 15:56:19] [PRE-PUSH] HEAD SHA: 402040b6e093ec26df6d747f56831085b28bb735
========================================
[2026-08-02 15:56:21] [PUSH-EVENT] Push detected.
[2026-08-02 15:56:21] [PRE-PUSH] HEAD SHA: 402040b6e093ec26df6d747f56831085b28bb735
[2026-08-02 15:56:23] [BACKUP-START] Mirroring to backup remote...
========================================
[2026-08-02 15:56:23] [PUSH-EVENT] Push detected.
[2026-08-02 15:56:23] [PRE-PUSH] HEAD SHA: 402040b6e093ec26df6d747f56831085b28bb735
========================================
[2026-08-02 15:56:23] [PUSH-EVENT] Push detected.
[2026-08-02 15:56:23] [PRE-PUSH] HEAD SHA: 402040b6e093ec26df6d747f56831085b28bb735
========================================
[2026-08-02 15:56:24] [PUSH-EVENT] Push detected.
[2026-08-02 15:56:24] [PRE-PUSH] HEAD SHA: 402040b6e093ec26df6d747f56831085b28bb735
[2026-08-02 15:56:26] [BACKUP-START] Mirroring to backup remote...
[2026-08-02 15:56:27] [BACKUP-START] Mirroring to backup remote...
========================================
[2026-08-02 15:56:27] [PUSH-EVENT] Push detected.
[2026-08-02 15:56:28] [BACKUP-START] Mirroring to backup remote...
========================================
[2026-08-02 15:56:27] [PUSH-EVENT] Push detected.
[2026-08-02 15:56:27] [PRE-PUSH] HEAD SHA: 402040b6e093ec26df6d747f56831085b28bb735
[2026-08-02 15:56:27] [PRE-PUSH] HEAD SHA: 402040b6e093ec26df6d747f56831085b28bb735
[2026-08-02 15:56:29] [BACKUP-START] Mirroring to backup remote...
========================================
[2026-08-02 15:56:29] [PUSH-EVENT] Push detected.
[2026-08-02 15:56:30] [BACKUP-START] Mirroring to backup remote...
[2026-08-02 15:56:29] [PRE-PUSH] HEAD SHA: 402040b6e093ec26df6d747f56831085b28bb735
========================================
[2026-08-02 15:56:31] [PUSH-EVENT] Push detected.
========================================
[2026-08-02 15:56:31] [PUSH-EVENT] Push detected.
[2026-08-02 15:56:31] [PRE-PUSH] HEAD SHA: 402040b6e093ec26df6d747f56831085b28bb735
[2026-08-02 15:56:31] [PRE-PUSH] HEAD SHA: 402040b6e093ec26df6d747f56831085b28bb735
[2026-08-02 15:56:32] [BACKUP-START] Mirroring to backup remote...
========================================
[2026-08-02 15:56:33] [PUSH-EVENT] Push detected.
[2026-08-02 15:56:33] [PRE-PUSH] HEAD SHA: 402040b6e093ec26df6d747f56831085b28bb735
[2026-08-02 15:56:34] [BACKUP-START] Mirroring to backup remote...
[2026-08-02 15:56:35] [BACKUP-START] Mirroring to backup remote...
========================================
[2026-08-02 15:56:36] [PUSH-EVENT] Push detected.
[2026-08-02 15:56:37] [BACKUP-START] Mirroring to backup remote...
========================================
[2026-08-02 15:56:36] [PUSH-EVENT] Push detected.
[2026-08-02 15:56:36] [PRE-PUSH] HEAD SHA: 402040b6e093ec26df6d747f56831085b28bb735
[2026-08-02 15:56:38] [BACKUP-START] Mirroring to backup remote...
[2026-08-02 15:56:36] [PRE-PUSH] HEAD SHA: 402040b6e093ec26df6d747f56831085b28bb735
[2026-08-02 15:56:39] [BACKUP-START] Mirroring to backup remote...
========================================
[2026-08-02 15:56:38] [PUSH-EVENT] Push detected.
[2026-08-02 15:56:40] [BACKUP-START] Mirroring to backup remote...
========================================
[2026-08-02 15:56:39] [PUSH-EVENT] Push detected.
[2026-08-02 15:56:38] [PRE-PUSH] HEAD SHA: 402040b6e093ec26df6d747f56831085b28bb735
[2026-08-02 15:56:39] [PRE-PUSH] HEAD SHA: 402040b6e093ec26df6d747f56831085b28bb735
========================================
[2026-08-02 15:56:41] [PUSH-EVENT] Push detected.
========================================
[2026-08-02 15:56:42] [PUSH-EVENT] Push detected.
[2026-08-02 15:56:42] [PRE-PUSH] HEAD SHA: 402040b6e093ec26df6d747f56831085b28bb735
[2026-08-02 15:56:41] [PRE-PUSH] HEAD SHA: 402040b6e093ec26df6d747f56831085b28bb735
========================================
[2026-08-02 15:56:42] [PUSH-EVENT] Push detected.
[2026-08-02 15:56:42] [PRE-PUSH] HEAD SHA: 402040b6e093ec26df6d747f56831085b28bb735
[2026-08-02 15:56:44] [BACKUP-START] Mirroring to backup remote...
[2026-08-02 15:56:44] [BACKUP-START] Mirroring to backup remote...
[2026-08-02 15:56:46] [BACKUP-START] Mirroring to backup remote...
[2026-08-02 15:56:47] [BACKUP-START] Mirroring to backup remote...
========================================
[2026-08-02 15:56:47] [PUSH-EVENT] Push detected.
========================================
[2026-08-02 15:56:47] [PUSH-EVENT] Push detected.
[2026-08-02 15:56:48] [BACKUP-START] Mirroring to backup remote...
[2026-08-02 15:56:47] [PRE-PUSH] HEAD SHA: 402040b6e093ec26df6d747f56831085b28bb735
[2026-08-02 15:56:47] [PRE-PUSH] HEAD SHA: 402040b6e093ec26df6d747f56831085b28bb735
[2026-08-02 15:56:49] [BACKUP-START] Mirroring to backup remote...
========================================
[2026-08-02 15:56:49] [PUSH-EVENT] Push detected.
[2026-08-02 15:56:50] [BACKUP-START] Mirroring to backup remote...
========================================
[2026-08-02 15:56:50] [PUSH-EVENT] Push detected.
[2026-08-02 15:56:49] [PRE-PUSH] HEAD SHA: 402040b6e093ec26df6d747f56831085b28bb735
[2026-08-02 15:56:50] [PRE-PUSH] HEAD SHA: 402040b6e093ec26df6d747f56831085b28bb735
========================================
[2026-08-02 15:56:51] [PUSH-EVENT] Push detected.
========================================
[2026-08-02 15:56:51] [PUSH-EVENT] Push detected.
[2026-08-02 15:56:51] [PRE-PUSH] HEAD SHA: 402040b6e093ec26df6d747f56831085b28bb735
[2026-08-02 15:56:51] [PRE-PUSH] HEAD SHA: 402040b6e093ec26df6d747f56831085b28bb735
========================================
[2026-08-02 15:56:52] [PUSH-EVENT] Push detected.
[2026-08-02 15:56:52] [PRE-PUSH] HEAD SHA: 402040b6e093ec26df6d747f56831085b28bb735
[2026-08-02 15:56:54] [BACKUP-START] Mirroring to backup remote...
[2026-08-02 15:56:55] [BACKUP-START] Mirroring to backup remote...
[2026-08-02 15:56:56] [BACKUP-START] Mirroring to backup remote...
[2026-08-02 15:56:57] [BACKUP-START] Mirroring to backup remote...
[2026-08-02 15:56:57] [BACKUP-START] Mirroring to backup remote...
========================================
[2026-08-02 15:56:57] [PUSH-EVENT] Push detected.
[2026-08-02 15:56:58] [BACKUP-START] Mirroring to backup remote...
[2026-08-02 15:56:57] [PRE-PUSH] HEAD SHA: 402040b6e093ec26df6d747f56831085b28bb735
========================================
[2026-08-02 15:56:58] [PUSH-EVENT] Push detected.
[2026-08-02 15:56:59] [BACKUP-START] Mirroring to backup remote...
========================================
[2026-08-02 15:56:59] [PUSH-EVENT] Push detected.
[2026-08-02 15:56:58] [PRE-PUSH] HEAD SHA: 402040b6e093ec26df6d747f56831085b28bb735
========================================
[2026-08-02 15:57:01] [PUSH-EVENT] Push detected.
[2026-08-02 15:56:59] [PRE-PUSH] HEAD SHA: 402040b6e093ec26df6d747f56831085b28bb735
========================================
[2026-08-02 15:57:02] [PUSH-EVENT] Push detected.
========================================
[2026-08-02 15:57:02] [PUSH-EVENT] Push detected.
[2026-08-02 15:57:01] [PRE-PUSH] HEAD SHA: 402040b6e093ec26df6d747f56831085b28bb735
[2026-08-02 15:57:02] [PRE-PUSH] HEAD SHA: 402040b6e093ec26df6d747f56831085b28bb735
[2026-08-02 15:57:02] [PRE-PUSH] HEAD SHA: 402040b6e093ec26df6d747f56831085b28bb735
========================================
[2026-08-02 15:57:03] [PUSH-EVENT] Push detected.
========================================
[2026-08-02 15:57:04] [PUSH-EVENT] Push detected.
[2026-08-02 15:57:05] [BACKUP-START] Mirroring to backup remote...
[2026-08-02 15:57:03] [PRE-PUSH] HEAD SHA: 402040b6e093ec26df6d747f56831085b28bb735
[2026-08-02 15:57:04] [PRE-PUSH] HEAD SHA: 402040b6e093ec26df6d747f56831085b28bb735
========================================
[2026-08-02 15:57:06] [PUSH-EVENT] Push detected.
[2026-08-02 15:57:06] [PRE-PUSH] HEAD SHA: 402040b6e093ec26df6d747f56831085b28bb735
[2026-08-02 15:57:07] [BACKUP-START] Mirroring to backup remote...
========================================
[2026-08-02 15:57:08] [PUSH-EVENT] Push detected.
[2026-08-02 15:57:08] [BACKUP-START] Mirroring to backup remote...
[2026-08-02 15:57:08] [PRE-PUSH] HEAD SHA: 402040b6e093ec26df6d747f56831085b28bb735
[2026-08-02 15:57:09] [BACKUP-START] Mirroring to backup remote...
[2026-08-02 15:57:09] [BACKUP-START] Mirroring to backup remote...
[2026-08-02 15:57:10] [BACKUP-START] Mirroring to backup remote...
========================================
[2026-08-02 15:57:10] [PUSH-EVENT] Push detected.
[2026-08-02 15:57:11] [BACKUP-START] Mirroring to backup remote...
[2026-08-02 15:57:11] [BACKUP-START] Mirroring to backup remote...
[2026-08-02 15:57:10] [PRE-PUSH] HEAD SHA: 402040b6e093ec26df6d747f56831085b28bb735
========================================
[2026-08-02 15:57:11] [PUSH-EVENT] Push detected.
[2026-08-02 15:57:12] [BACKUP-START] Mirroring to backup remote...
[2026-08-02 15:57:11] [PRE-PUSH] HEAD SHA: 402040b6e093ec26df6d747f56831085b28bb735
[2026-08-02 15:57:14] [BACKUP-START] Mirroring to backup remote...
[2026-08-02 15:57:18] [BACKUP-START] Mirroring to backup remote...
========================================
[2026-08-02 15:57:18] [PUSH-EVENT] Push detected.
[2026-08-02 15:57:19] [BACKUP-START] Mirroring to backup remote...
========================================
[2026-08-02 15:57:18] [PUSH-EVENT] Push detected.
[2026-08-02 15:57:18] [PRE-PUSH] HEAD SHA: 402040b6e093ec26df6d747f56831085b28bb735
========================================
[2026-08-02 15:57:19] [PUSH-EVENT] Push detected.
========================================
[2026-08-02 15:57:19] [PUSH-EVENT] Push detected.
[2026-08-02 15:57:18] [PRE-PUSH] HEAD SHA: 402040b6e093ec26df6d747f56831085b28bb735
[2026-08-02 15:57:19] [PRE-PUSH] HEAD SHA: 402040b6e093ec26df6d747f56831085b28bb735
[2026-08-02 15:57:19] [PRE-PUSH] HEAD SHA: 402040b6e093ec26df6d747f56831085b28bb735
========================================
[2026-08-02 15:57:21] [PUSH-EVENT] Push detected.
========================================
[2026-08-02 15:57:21] [PUSH-EVENT] Push detected.
========================================
[2026-08-02 15:57:21] [PUSH-EVENT] Push detected.
[2026-08-02 15:57:21] [PRE-PUSH] HEAD SHA: 402040b6e093ec26df6d747f56831085b28bb735
[2026-08-02 15:57:21] [PRE-PUSH] HEAD SHA: 402040b6e093ec26df6d747f56831085b28bb735
[2026-08-02 15:57:21] [PRE-PUSH] HEAD SHA: 402040b6e093ec26df6d747f56831085b28bb735
========================================
[2026-08-02 15:57:23] [PUSH-EVENT] Push detected.
========================================
[2026-08-02 15:57:24] [PUSH-EVENT] Push detected.
[2026-08-02 15:57:23] [PRE-PUSH] HEAD SHA: 402040b6e093ec26df6d747f56831085b28bb735
[2026-08-02 15:57:24] [PRE-PUSH] HEAD SHA: 402040b6e093ec26df6d747f56831085b28bb735
[2026-08-02 15:57:25] [BACKUP-START] Mirroring to backup remote...
[2026-08-02 15:57:26] [BACKUP-START] Mirroring to backup remote...
[2026-08-02 15:57:27] [BACKUP-START] Mirroring to backup remote...
[2026-08-02 15:57:27] [BACKUP-START] Mirroring to backup remote...
========================================
[2026-08-02 15:57:28] [PUSH-EVENT] Push detected.
[2026-08-02 15:57:28] [PRE-PUSH] HEAD SHA: 402040b6e093ec26df6d747f56831085b28bb735
========================================
[2026-08-02 15:57:29] [PUSH-EVENT] Push detected.
[2026-08-02 15:57:29] [BACKUP-START] Mirroring to backup remote...
[2026-08-02 15:57:29] [PRE-PUSH] HEAD SHA: 402040b6e093ec26df6d747f56831085b28bb735
[2026-08-02 15:57:29] [BACKUP-START] Mirroring to backup remote...
[2026-08-02 15:57:30] [BACKUP-START] Mirroring to backup remote...
========================================
[2026-08-02 15:57:30] [PUSH-EVENT] Push detected.
[2026-08-02 15:57:31] [BACKUP-START] Mirroring to backup remote...
[2026-08-02 15:57:31] [BACKUP-START] Mirroring to backup remote...
[2026-08-02 15:57:30] [PRE-PUSH] HEAD SHA: 402040b6e093ec26df6d747f56831085b28bb735
========================================
[2026-08-02 15:57:31] [PUSH-EVENT] Push detected.
[2026-08-02 15:57:31] [PRE-PUSH] HEAD SHA: 402040b6e093ec26df6d747f56831085b28bb735
========================================
[2026-08-02 15:57:33] [PUSH-EVENT] Push detected.
[2026-08-02 15:57:34] [BACKUP-START] Mirroring to backup remote...
[2026-08-02 15:57:33] [PRE-PUSH] HEAD SHA: 402040b6e093ec26df6d747f56831085b28bb735
========================================
[2026-08-02 15:57:33] [PUSH-EVENT] Push detected.
[2026-08-02 15:57:33] [PRE-PUSH] HEAD SHA: 402040b6e093ec26df6d747f56831085b28bb735
[2026-08-02 15:57:35] [BACKUP-START] Mirroring to backup remote...
========================================
[2026-08-02 15:57:35] [PUSH-EVENT] Push detected.
========================================
[2026-08-02 15:57:35] [PUSH-EVENT] Push detected.
[2026-08-02 15:57:35] [PRE-PUSH] HEAD SHA: 402040b6e093ec26df6d747f56831085b28bb735
[2026-08-02 15:57:35] [PRE-PUSH] HEAD SHA: 402040b6e093ec26df6d747f56831085b28bb735
[2026-08-02 15:57:37] [BACKUP-START] Mirroring to backup remote...
[2026-08-02 15:57:38] [BACKUP-START] Mirroring to backup remote...
========================================
[2026-08-02 15:57:38] [PUSH-EVENT] Push detected.
========================================
[2026-08-02 15:57:39] [PUSH-EVENT] Push detected.
[2026-08-02 15:57:38] [PRE-PUSH] HEAD SHA: 402040b6e093ec26df6d747f56831085b28bb735
[2026-08-02 15:57:39] [PRE-PUSH] HEAD SHA: 402040b6e093ec26df6d747f56831085b28bb735
[2026-08-02 15:57:40] [BACKUP-START] Mirroring to backup remote...
[2026-08-02 15:57:41] [BACKUP-START] Mirroring to backup remote...
========================================
[2026-08-02 15:57:40] [PUSH-EVENT] Push detected.
[2026-08-02 15:57:42] [BACKUP-START] Mirroring to backup remote...
[2026-08-02 15:57:40] [PRE-PUSH] HEAD SHA: 402040b6e093ec26df6d747f56831085b28bb735
[2026-08-02 15:57:42] [BACKUP-START] Mirroring to backup remote...
========================================
[2026-08-02 15:57:42] [PUSH-EVENT] Push detected.
========================================
[2026-08-02 15:57:43] [PUSH-EVENT] Push detected.
[2026-08-02 15:57:43] [PRE-PUSH] HEAD SHA: 402040b6e093ec26df6d747f56831085b28bb735
========================================
[2026-08-02 15:57:44] [PUSH-EVENT] Push detected.
[2026-08-02 15:57:42] [PRE-PUSH] HEAD SHA: 402040b6e093ec26df6d747f56831085b28bb735
[2026-08-02 15:57:45] [BACKUP-START] Mirroring to backup remote...
[2026-08-02 15:57:45] [BACKUP-START] Mirroring to backup remote...
[2026-08-02 15:57:44] [PRE-PUSH] HEAD SHA: 402040b6e093ec26df6d747f56831085b28bb735
========================================
[2026-08-02 15:57:46] [PUSH-EVENT] Push detected.
[2026-08-02 15:57:46] [PRE-PUSH] HEAD SHA: 402040b6e093ec26df6d747f56831085b28bb735
========================================
[2026-08-02 15:57:47] [PUSH-EVENT] Push detected.
========================================
[2026-08-02 15:57:48] [PUSH-EVENT] Push detected.
========================================
[2026-08-02 15:57:49] [PUSH-EVENT] Push detected.
[2026-08-02 15:57:49] [BACKUP-START] Mirroring to backup remote...
[2026-08-02 15:57:47] [PRE-PUSH] HEAD SHA: 402040b6e093ec26df6d747f56831085b28bb735
[2026-08-02 15:57:48] [PRE-PUSH] HEAD SHA: 402040b6e093ec26df6d747f56831085b28bb735
[2026-08-02 15:57:49] [PRE-PUSH] HEAD SHA: 402040b6e093ec26df6d747f56831085b28bb735
========================================
[2026-08-02 15:57:49] [PUSH-EVENT] Push detected.
[2026-08-02 15:57:50] [BACKUP-START] Mirroring to backup remote...
[2026-08-02 15:57:49] [PRE-PUSH] HEAD SHA: 402040b6e093ec26df6d747f56831085b28bb735
[2026-08-02 15:57:51] [BACKUP-START] Mirroring to backup remote...
[2026-08-02 15:57:52] [BACKUP-START] Mirroring to backup remote...
========================================
[2026-08-02 15:57:52] [PUSH-EVENT] Push detected.
[2026-08-02 15:57:52] [PRE-PUSH] HEAD SHA: 402040b6e093ec26df6d747f56831085b28bb735
========================================
[2026-08-02 15:57:53] [PUSH-EVENT] Push detected.
[2026-08-02 15:57:53] [PRE-PUSH] HEAD SHA: 402040b6e093ec26df6d747f56831085b28bb735
[2026-08-02 15:57:54] [BACKUP-START] Mirroring to backup remote...
========================================
[2026-08-02 15:57:54] [PUSH-EVENT] Push detected.
[2026-08-02 15:57:54] [PRE-PUSH] HEAD SHA: 402040b6e093ec26df6d747f56831085b28bb735
[2026-08-02 15:57:55] [BACKUP-START] Mirroring to backup remote...
[2026-08-02 15:57:55] [BACKUP-START] Mirroring to backup remote...
[2026-08-02 15:57:55] [BACKUP-START] Mirroring to backup remote...
[2026-08-02 15:57:56] [BACKUP-START] Mirroring to backup remote...
========================================
[2026-08-02 15:57:57] [PUSH-EVENT] Push detected.
[2026-08-02 15:57:57] [PRE-PUSH] HEAD SHA: 402040b6e093ec26df6d747f56831085b28bb735
[2026-08-02 15:57:59] [BACKUP-START] Mirroring to backup remote...
[2026-08-02 15:57:59] [BACKUP-START] Mirroring to backup remote...
[2026-08-02 15:58:01] [BACKUP-START] Mirroring to backup remote...
========================================
[2026-08-02 15:58:00] [PUSH-EVENT] Push detected.
========================================
[2026-08-02 15:58:01] [PUSH-EVENT] Push detected.
========================================
[2026-08-02 15:58:01] [PUSH-EVENT] Push detected.
[2026-08-02 15:58:00] [PRE-PUSH] HEAD SHA: 402040b6e093ec26df6d747f56831085b28bb735
[2026-08-02 15:58:01] [PRE-PUSH] HEAD SHA: 402040b6e093ec26df6d747f56831085b28bb735
========================================
[2026-08-02 15:58:02] [PUSH-EVENT] Push detected.
[2026-08-02 15:58:01] [PRE-PUSH] HEAD SHA: 402040b6e093ec26df6d747f56831085b28bb735
========================================
[2026-08-02 15:58:03] [PUSH-EVENT] Push detected.
========================================
[2026-08-02 15:58:04] [PUSH-EVENT] Push detected.
[2026-08-02 15:58:04] [BACKUP-START] Mirroring to backup remote...
========================================
[2026-08-02 15:58:04] [PUSH-EVENT] Push detected.
[2026-08-02 15:58:02] [PRE-PUSH] HEAD SHA: 402040b6e093ec26df6d747f56831085b28bb735
[2026-08-02 15:58:04] [PRE-PUSH] HEAD SHA: 402040b6e093ec26df6d747f56831085b28bb735
[2026-08-02 15:58:03] [PRE-PUSH] HEAD SHA: 402040b6e093ec26df6d747f56831085b28bb735
[2026-08-02 15:58:04] [PRE-PUSH] HEAD SHA: 402040b6e093ec26df6d747f56831085b28bb735
========================================
[2026-08-02 15:58:05] [PUSH-EVENT] Push detected.
[2026-08-02 15:58:05] [PRE-PUSH] HEAD SHA: 402040b6e093ec26df6d747f56831085b28bb735
========================================
[2026-08-02 15:58:07] [PUSH-EVENT] Push detected.
[2026-08-02 15:58:07] [PRE-PUSH] HEAD SHA: 402040b6e093ec26df6d747f56831085b28bb735
[2026-08-02 15:58:09] [BACKUP-START] Mirroring to backup remote...
[2026-08-02 15:58:09] [BACKUP-START] Mirroring to backup remote...
[2026-08-02 15:58:10] [BACKUP-START] Mirroring to backup remote...
[2026-08-02 15:58:10] [BACKUP-START] Mirroring to backup remote...
[2026-08-02 15:58:10] [BACKUP-START] Mirroring to backup remote...
[2026-08-02 15:58:11] [BACKUP-START] Mirroring to backup remote...
[2026-08-02 15:58:11] [BACKUP-START] Mirroring to backup remote...
[2026-08-02 15:58:12] [BACKUP-START] Mirroring to backup remote...
========================================
[2026-08-02 15:58:13] [PUSH-EVENT] Push detected.
========================================
[2026-08-02 15:58:13] [PUSH-EVENT] Push detected.
========================================
[2026-08-02 15:58:14] [PUSH-EVENT] Push detected.
[2026-08-02 15:58:15] [BACKUP-START] Mirroring to backup remote...
[2026-08-02 15:58:13] [PRE-PUSH] HEAD SHA: 402040b6e093ec26df6d747f56831085b28bb735
========================================
[2026-08-02 15:58:14] [PUSH-EVENT] Push detected.
========================================
[2026-08-02 15:58:14] [PUSH-EVENT] Push detected.
[2026-08-02 15:58:14] [PRE-PUSH] HEAD SHA: 402040b6e093ec26df6d747f56831085b28bb735
[2026-08-02 15:58:13] [PRE-PUSH] HEAD SHA: 402040b6e093ec26df6d747f56831085b28bb735
[2026-08-02 15:58:14] [PRE-PUSH] HEAD SHA: 402040b6e093ec26df6d747f56831085b28bb735
========================================
[2026-08-02 15:58:16] [PUSH-EVENT] Push detected.
[2026-08-02 15:58:14] [PRE-PUSH] HEAD SHA: 402040b6e093ec26df6d747f56831085b28bb735
========================================
[2026-08-02 15:58:17] [PUSH-EVENT] Push detected.
[2026-08-02 15:58:16] [PRE-PUSH] HEAD SHA: 402040b6e093ec26df6d747f56831085b28bb735
[2026-08-02 15:58:17] [PRE-PUSH] HEAD SHA: 402040b6e093ec26df6d747f56831085b28bb735
========================================
[2026-08-02 15:58:19] [PUSH-EVENT] Push detected.
[2026-08-02 15:58:19] [PRE-PUSH] HEAD SHA: 402040b6e093ec26df6d747f56831085b28bb735
========================================
[2026-08-02 15:58:20] [PUSH-EVENT] Push detected.
[2026-08-02 15:58:21] [BACKUP-START] Mirroring to backup remote...
[2026-08-02 15:58:20] [PRE-PUSH] HEAD SHA: 402040b6e093ec26df6d747f56831085b28bb735
[2026-08-02 15:58:21] [BACKUP-START] Mirroring to backup remote...
[2026-08-02 15:58:22] [BACKUP-START] Mirroring to backup remote...
[2026-08-02 15:58:22] [BACKUP-START] Mirroring to backup remote...
[2026-08-02 15:58:23] [BACKUP-START] Mirroring to backup remote...
[2026-08-02 15:58:23] [BACKUP-START] Mirroring to backup remote...
========================================
[2026-08-02 15:58:23] [PUSH-EVENT] Push detected.
[2026-08-02 15:58:24] [BACKUP-START] Mirroring to backup remote...
[2026-08-02 15:58:23] [PRE-PUSH] HEAD SHA: 402040b6e093ec26df6d747f56831085b28bb735
========================================
[2026-08-02 15:58:25] [PUSH-EVENT] Push detected.
========================================
[2026-08-02 15:58:25] [PUSH-EVENT] Push detected.
[2026-08-02 15:58:25] [PRE-PUSH] HEAD SHA: 402040b6e093ec26df6d747f56831085b28bb735
[2026-08-02 15:58:26] [BACKUP-START] Mirroring to backup remote...
[2026-08-02 15:58:25] [PRE-PUSH] HEAD SHA: 402040b6e093ec26df6d747f56831085b28bb735
========================================
[2026-08-02 15:58:26] [PUSH-EVENT] Push detected.
[2026-08-02 15:58:27] [BACKUP-START] Mirroring to backup remote...
========================================
[2026-08-02 15:58:27] [PUSH-EVENT] Push detected.
========================================
[2026-08-02 15:58:28] [PUSH-EVENT] Push detected.
[2026-08-02 15:58:26] [PRE-PUSH] HEAD SHA: 402040b6e093ec26df6d747f56831085b28bb735
[2026-08-02 15:58:27] [PRE-PUSH] HEAD SHA: 402040b6e093ec26df6d747f56831085b28bb735
[2026-08-02 15:58:28] [PRE-PUSH] HEAD SHA: 402040b6e093ec26df6d747f56831085b28bb735
[2026-08-02 15:58:29] [BACKUP-START] Mirroring to backup remote...
========================================
[2026-08-02 15:58:30] [PUSH-EVENT] Push detected.
[2026-08-02 15:58:30] [PRE-PUSH] HEAD SHA: 402040b6e093ec26df6d747f56831085b28bb735
========================================
[2026-08-02 15:58:31] [PUSH-EVENT] Push detected.
[2026-08-02 15:58:31] [BACKUP-START] Mirroring to backup remote...
========================================
[2026-08-02 15:58:31] [PUSH-EVENT] Push detected.
[2026-08-02 15:58:31] [PRE-PUSH] HEAD SHA: 402040b6e093ec26df6d747f56831085b28bb735
========================================
[2026-08-02 15:58:32] [PUSH-EVENT] Push detected.
[2026-08-02 15:58:33] [BACKUP-START] Mirroring to backup remote...
[2026-08-02 15:58:32] [PRE-PUSH] HEAD SHA: 402040b6e093ec26df6d747f56831085b28bb735
[2026-08-02 15:58:31] [PRE-PUSH] HEAD SHA: 402040b6e093ec26df6d747f56831085b28bb735
[2026-08-02 15:58:35] [BACKUP-START] Mirroring to backup remote...
[2026-08-02 15:58:35] [BACKUP-START] Mirroring to backup remote...
[2026-08-02 15:58:35] [BACKUP-START] Mirroring to backup remote...
========================================
[2026-08-02 15:58:36] [PUSH-EVENT] Push detected.
[2026-08-02 15:58:36] [PRE-PUSH] HEAD SHA: 402040b6e093ec26df6d747f56831085b28bb735
[2026-08-02 15:58:38] [BACKUP-START] Mirroring to backup remote...
[2026-08-02 15:58:38] [BACKUP-START] Mirroring to backup remote...
[2026-08-02 15:58:38] [BACKUP-START] Mirroring to backup remote...
[2026-08-02 15:58:39] [BACKUP-START] Mirroring to backup remote...
========================================
[2026-08-02 15:58:38] [PUSH-EVENT] Push detected.
========================================
[2026-08-02 15:58:39] [PUSH-EVENT] Push detected.
========================================
[2026-08-02 15:58:39] [PUSH-EVENT] Push detected.
[2026-08-02 15:58:38] [PRE-PUSH] HEAD SHA: 402040b6e093ec26df6d747f56831085b28bb735
========================================
[2026-08-02 15:58:40] [PUSH-EVENT] Push detected.
[2026-08-02 15:58:39] [PRE-PUSH] HEAD SHA: 402040b6e093ec26df6d747f56831085b28bb735
[2026-08-02 15:58:39] [PRE-PUSH] HEAD SHA: 402040b6e093ec26df6d747f56831085b28bb735
[2026-08-02 15:58:40] [PRE-PUSH] HEAD SHA: 402040b6e093ec26df6d747f56831085b28bb735
[2026-08-02 15:58:43] [BACKUP-START] Mirroring to backup remote...
========================================
[2026-08-02 15:58:43] [PUSH-EVENT] Push detected.
========================================
[2026-08-02 15:58:43] [PUSH-EVENT] Push detected.
[2026-08-02 15:58:43] [PRE-PUSH] HEAD SHA: 402040b6e093ec26df6d747f56831085b28bb735
========================================
[2026-08-02 15:58:43] [PUSH-EVENT] Push detected.
[2026-08-02 15:58:43] [PRE-PUSH] HEAD SHA: 402040b6e093ec26df6d747f56831085b28bb735
[2026-08-02 15:58:43] [PRE-PUSH] HEAD SHA: 402040b6e093ec26df6d747f56831085b28bb735
[2026-08-02 15:58:48] [BACKUP-START] Mirroring to backup remote...
[2026-08-02 15:58:48] [BACKUP-START] Mirroring to backup remote...
[2026-08-02 15:58:48] [BACKUP-START] Mirroring to backup remote...
[2026-08-02 15:58:48] [BACKUP-START] Mirroring to backup remote...
[2026-08-02 15:58:49] [BACKUP-START] Mirroring to backup remote...
========================================
[2026-08-02 15:58:50] [PUSH-EVENT] Push detected.
[2026-08-02 15:58:51] [BACKUP-START] Mirroring to backup remote...
========================================
[2026-08-02 15:58:51] [PUSH-EVENT] Push detected.
[2026-08-02 15:58:50] [PRE-PUSH] HEAD SHA: 402040b6e093ec26df6d747f56831085b28bb735
[2026-08-02 15:58:51] [PRE-PUSH] HEAD SHA: 402040b6e093ec26df6d747f56831085b28bb735
[2026-08-02 15:58:54] [BACKUP-START] Mirroring to backup remote...
========================================
[2026-08-02 15:58:54] [PUSH-EVENT] Push detected.
========================================
[2026-08-02 15:58:54] [PUSH-EVENT] Push detected.
========================================
[2026-08-02 15:58:54] [PUSH-EVENT] Push detected.
========================================
[2026-08-02 15:58:55] [PUSH-EVENT] Push detected.
[2026-08-02 15:58:54] [PRE-PUSH] HEAD SHA: 402040b6e093ec26df6d747f56831085b28bb735
========================================
[2026-08-02 15:58:55] [PUSH-EVENT] Push detected.
[2026-08-02 15:58:55] [PRE-PUSH] HEAD SHA: 402040b6e093ec26df6d747f56831085b28bb735
[2026-08-02 15:58:54] [PRE-PUSH] HEAD SHA: 402040b6e093ec26df6d747f56831085b28bb735
[2026-08-02 15:58:54] [PRE-PUSH] HEAD SHA: 402040b6e093ec26df6d747f56831085b28bb735
[2026-08-02 15:58:55] [PRE-PUSH] HEAD SHA: 402040b6e093ec26df6d747f56831085b28bb735
========================================
[2026-08-02 15:58:58] [PUSH-EVENT] Push detected.
[2026-08-02 15:58:58] [PRE-PUSH] HEAD SHA: 402040b6e093ec26df6d747f56831085b28bb735
[2026-08-02 15:59:01] [BACKUP-START] Mirroring to backup remote...
[2026-08-02 15:59:01] [BACKUP-START] Mirroring to backup remote...
========================================
[2026-08-02 15:59:00] [PUSH-EVENT] Push detected.
[2026-08-02 15:59:00] [PRE-PUSH] HEAD SHA: 402040b6e093ec26df6d747f56831085b28bb735
[2026-08-02 15:59:02] [BACKUP-START] Mirroring to backup remote...
[2026-08-02 15:59:02] [BACKUP-START] Mirroring to backup remote...
[2026-08-02 15:59:03] [BACKUP-START] Mirroring to backup remote...
[2026-08-02 15:59:03] [BACKUP-START] Mirroring to backup remote...
[2026-08-02 15:59:04] [BACKUP-START] Mirroring to backup remote...
[2026-08-02 15:59:06] [BACKUP-START] Mirroring to backup remote...
========================================
[2026-08-02 15:59:06] [PUSH-EVENT] Push detected.
========================================
[2026-08-02 15:59:07] [PUSH-EVENT] Push detected.
========================================
[2026-08-02 15:59:07] [PUSH-EVENT] Push detected.
[2026-08-02 15:59:08] [BACKUP-START] Mirroring to backup remote...
[2026-08-02 15:59:07] [PRE-PUSH] HEAD SHA: 402040b6e093ec26df6d747f56831085b28bb735
[2026-08-02 15:59:06] [PRE-PUSH] HEAD SHA: 402040b6e093ec26df6d747f56831085b28bb735
[2026-08-02 15:59:07] [PRE-PUSH] HEAD SHA: 402040b6e093ec26df6d747f56831085b28bb735
========================================
[2026-08-02 15:59:10] [PUSH-EVENT] Push detected.
========================================
[2026-08-02 15:59:10] [PUSH-EVENT] Push detected.
[2026-08-02 15:59:10] [PRE-PUSH] HEAD SHA: 402040b6e093ec26df6d747f56831085b28bb735
[2026-08-02 15:59:10] [PRE-PUSH] HEAD SHA: 402040b6e093ec26df6d747f56831085b28bb735
========================================
[2026-08-02 15:59:11] [PUSH-EVENT] Push detected.
========================================
[2026-08-02 15:59:12] [PUSH-EVENT] Push detected.
[2026-08-02 15:59:11] [PRE-PUSH] HEAD SHA: 402040b6e093ec26df6d747f56831085b28bb735
========================================
[2026-08-02 15:59:13] [PUSH-EVENT] Push detected.
[2026-08-02 15:59:12] [PRE-PUSH] HEAD SHA: 402040b6e093ec26df6d747f56831085b28bb735
[2026-08-02 15:59:14] [BACKUP-START] Mirroring to backup remote...
[2026-08-02 15:59:13] [PRE-PUSH] HEAD SHA: 402040b6e093ec26df6d747f56831085b28bb735
========================================
[2026-08-02 15:59:14] [PUSH-EVENT] Push detected.
[2026-08-02 15:59:15] [BACKUP-START] Mirroring to backup remote...
[2026-08-02 15:59:15] [BACKUP-START] Mirroring to backup remote...
[2026-08-02 15:59:14] [PRE-PUSH] HEAD SHA: 402040b6e093ec26df6d747f56831085b28bb735
========================================
[2026-08-02 15:59:17] [PUSH-EVENT] Push detected.
[2026-08-02 15:59:17] [PRE-PUSH] HEAD SHA: 402040b6e093ec26df6d747f56831085b28bb735
[2026-08-02 15:59:18] [BACKUP-START] Mirroring to backup remote...
========================================
[2026-08-02 15:59:18] [PUSH-EVENT] Push detected.
[2026-08-02 15:59:19] [BACKUP-START] Mirroring to backup remote...
[2026-08-02 15:59:18] [PRE-PUSH] HEAD SHA: 402040b6e093ec26df6d747f56831085b28bb735
========================================
[2026-08-02 15:59:18] [PUSH-EVENT] Push detected.
[2026-08-02 15:59:19] [BACKUP-START] Mirroring to backup remote...
[2026-08-02 15:59:18] [PRE-PUSH] HEAD SHA: 402040b6e093ec26df6d747f56831085b28bb735
[2026-08-02 15:59:21] [BACKUP-START] Mirroring to backup remote...
[2026-08-02 15:59:21] [BACKUP-START] Mirroring to backup remote...
[2026-08-02 15:59:21] [BACKUP-START] Mirroring to backup remote...
========================================
[2026-08-02 15:59:22] [PUSH-EVENT] Push detected.
[2026-08-02 15:59:23] [BACKUP-START] Mirroring to backup remote...
[2026-08-02 15:59:22] [PRE-PUSH] HEAD SHA: 402040b6e093ec26df6d747f56831085b28bb735
========================================
[2026-08-02 15:59:24] [PUSH-EVENT] Push detected.
[2026-08-02 15:59:24] [BACKUP-START] Mirroring to backup remote...
========================================
[2026-08-02 15:59:24] [PUSH-EVENT] Push detected.
[2026-08-02 15:59:24] [PRE-PUSH] HEAD SHA: 402040b6e093ec26df6d747f56831085b28bb735
[2026-08-02 15:59:24] [PRE-PUSH] HEAD SHA: 402040b6e093ec26df6d747f56831085b28bb735
========================================
[2026-08-02 15:59:26] [PUSH-EVENT] Push detected.
========================================
[2026-08-02 15:59:26] [PUSH-EVENT] Push detected.
[2026-08-02 15:59:27] [BACKUP-START] Mirroring to backup remote...
========================================
[2026-08-02 15:59:27] [PUSH-EVENT] Push detected.
[2026-08-02 15:59:26] [PRE-PUSH] HEAD SHA: 402040b6e093ec26df6d747f56831085b28bb735
========================================
[2026-08-02 15:59:28] [PUSH-EVENT] Push detected.
[2026-08-02 15:59:27] [PRE-PUSH] HEAD SHA: 402040b6e093ec26df6d747f56831085b28bb735
[2026-08-02 15:59:26] [PRE-PUSH] HEAD SHA: 402040b6e093ec26df6d747f56831085b28bb735
[2026-08-02 15:59:28] [PRE-PUSH] HEAD SHA: 402040b6e093ec26df6d747f56831085b28bb735
[2026-08-02 15:59:30] [BACKUP-START] Mirroring to backup remote...
========================================
[2026-08-02 15:59:31] [PUSH-EVENT] Push detected.
[2026-08-02 15:59:31] [PRE-PUSH] HEAD SHA: 402040b6e093ec26df6d747f56831085b28bb735
[2026-08-02 15:59:32] [BACKUP-START] Mirroring to backup remote...
[2026-08-02 15:59:32] [BACKUP-START] Mirroring to backup remote...
========================================
[2026-08-02 15:59:33] [PUSH-EVENT] Push detected.
[2026-08-02 15:59:33] [BACKUP-START] Mirroring to backup remote...
[2026-08-02 15:59:34] [BACKUP-START] Mirroring to backup remote...
[2026-08-02 15:59:33] [PRE-PUSH] HEAD SHA: 402040b6e093ec26df6d747f56831085b28bb735
[2026-08-02 15:59:34] [BACKUP-START] Mirroring to backup remote...
[2026-08-02 15:59:35] [BACKUP-START] Mirroring to backup remote...
========================================
[2026-08-02 15:59:36] [PUSH-EVENT] Push detected.
========================================
[2026-08-02 15:59:36] [PUSH-EVENT] Push detected.
========================================
[2026-08-02 15:59:37] [PUSH-EVENT] Push detected.
[2026-08-02 15:59:36] [PRE-PUSH] HEAD SHA: 402040b6e093ec26df6d747f56831085b28bb735
[2026-08-02 15:59:38] [BACKUP-START] Mirroring to backup remote...
[2026-08-02 15:59:36] [PRE-PUSH] HEAD SHA: 402040b6e093ec26df6d747f56831085b28bb735
[2026-08-02 15:59:37] [PRE-PUSH] HEAD SHA: 402040b6e093ec26df6d747f56831085b28bb735
========================================
[2026-08-02 15:59:38] [PUSH-EVENT] Push detected.
[2026-08-02 15:59:40] [BACKUP-START] Mirroring to backup remote...
[2026-08-02 15:59:38] [PRE-PUSH] HEAD SHA: 402040b6e093ec26df6d747f56831085b28bb735
========================================
[2026-08-02 15:59:39] [PUSH-EVENT] Push detected.
========================================
[2026-08-02 15:59:40] [PUSH-EVENT] Push detected.
========================================
[2026-08-02 15:59:40] [PUSH-EVENT] Push detected.
[2026-08-02 15:59:39] [PRE-PUSH] HEAD SHA: 402040b6e093ec26df6d747f56831085b28bb735
[2026-08-02 15:59:40] [PRE-PUSH] HEAD SHA: 402040b6e093ec26df6d747f56831085b28bb735
[2026-08-02 15:59:40] [PRE-PUSH] HEAD SHA: 402040b6e093ec26df6d747f56831085b28bb735
========================================
[2026-08-02 15:59:42] [PUSH-EVENT] Push detected.
========================================
[2026-08-02 15:59:43] [PUSH-EVENT] Push detected.
[2026-08-02 15:59:42] [PRE-PUSH] HEAD SHA: 402040b6e093ec26df6d747f56831085b28bb735
[2026-08-02 15:59:43] [PRE-PUSH] HEAD SHA: 402040b6e093ec26df6d747f56831085b28bb735
[2026-08-02 15:59:44] [BACKUP-START] Mirroring to backup remote...
[2026-08-02 15:59:44] [BACKUP-START] Mirroring to backup remote...
[2026-08-02 15:59:44] [BACKUP-START] Mirroring to backup remote...
[2026-08-02 15:59:46] [BACKUP-START] Mirroring to backup remote...
========================================
[2026-08-02 15:59:46] [PUSH-EVENT] Push detected.
[2026-08-02 15:59:46] [PRE-PUSH] HEAD SHA: 402040b6e093ec26df6d747f56831085b28bb735
========================================
[2026-08-02 15:59:47] [PUSH-EVENT] Push detected.
========================================
[2026-08-02 15:59:47] [PUSH-EVENT] Push detected.
[2026-08-02 15:59:48] [BACKUP-START] Mirroring to backup remote...
[2026-08-02 15:59:48] [BACKUP-START] Mirroring to backup remote...
[2026-08-02 15:59:47] [PRE-PUSH] HEAD SHA: 402040b6e093ec26df6d747f56831085b28bb735
[2026-08-02 15:59:47] [PRE-PUSH] HEAD SHA: 402040b6e093ec26df6d747f56831085b28bb735
[2026-08-02 15:59:49] [BACKUP-START] Mirroring to backup remote...
[2026-08-02 15:59:49] [BACKUP-START] Mirroring to backup remote...
[2026-08-02 15:59:49] [BACKUP-START] Mirroring to backup remote...
========================================
[2026-08-02 15:59:51] [PUSH-EVENT] Push detected.
========================================
[2026-08-02 15:59:51] [PUSH-EVENT] Push detected.
[2026-08-02 15:59:52] [BACKUP-START] Mirroring to backup remote...
[2026-08-02 15:59:51] [PRE-PUSH] HEAD SHA: 402040b6e093ec26df6d747f56831085b28bb735
[2026-08-02 15:59:51] [PRE-PUSH] HEAD SHA: 402040b6e093ec26df6d747f56831085b28bb735
========================================
[2026-08-02 15:59:54] [PUSH-EVENT] Push detected.
[2026-08-02 15:59:55] [BACKUP-START] Mirroring to backup remote...
[2026-08-02 15:59:55] [BACKUP-START] Mirroring to backup remote...
[2026-08-02 15:59:54] [PRE-PUSH] HEAD SHA: 402040b6e093ec26df6d747f56831085b28bb735
========================================
[2026-08-02 15:59:55] [PUSH-EVENT] Push detected.
========================================
[2026-08-02 15:59:55] [PUSH-EVENT] Push detected.
========================================
[2026-08-02 15:59:55] [PUSH-EVENT] Push detected.
[2026-08-02 15:59:55] [PRE-PUSH] HEAD SHA: 402040b6e093ec26df6d747f56831085b28bb735
[2026-08-02 15:59:55] [PRE-PUSH] HEAD SHA: 402040b6e093ec26df6d747f56831085b28bb735
[2026-08-02 15:59:55] [PRE-PUSH] HEAD SHA: 402040b6e093ec26df6d747f56831085b28bb735
========================================
[2026-08-02 15:59:58] [PUSH-EVENT] Push detected.
[2026-08-02 15:59:59] [BACKUP-START] Mirroring to backup remote...
[2026-08-02 15:59:59] [BACKUP-START] Mirroring to backup remote...
========================================
[2026-08-02 15:59:59] [PUSH-EVENT] Push detected.
[2026-08-02 15:59:58] [PRE-PUSH] HEAD SHA: 402040b6e093ec26df6d747f56831085b28bb735
========================================
[2026-08-02 15:59:59] [PUSH-EVENT] Push detected.
[2026-08-02 15:59:59] [PRE-PUSH] HEAD SHA: 402040b6e093ec26df6d747f56831085b28bb735
[2026-08-02 15:59:59] [PRE-PUSH] HEAD SHA: 402040b6e093ec26df6d747f56831085b28bb735
[2026-08-02 16:00:01] [BACKUP-START] Mirroring to backup remote...
[2026-08-02 16:00:01] [BACKUP-START] Mirroring to backup remote...
[2026-08-02 16:00:03] [BACKUP-START] Mirroring to backup remote...
[2026-08-02 16:00:03] [BACKUP-START] Mirroring to backup remote...
========================================
[2026-08-02 16:00:02] [PUSH-EVENT] Push detected.
========================================
[2026-08-02 16:00:03] [PUSH-EVENT] Push detected.
========================================
[2026-08-02 16:00:04] [PUSH-EVENT] Push detected.
[2026-08-02 16:00:02] [PRE-PUSH] HEAD SHA: 402040b6e093ec26df6d747f56831085b28bb735
[2026-08-02 16:00:03] [PRE-PUSH] HEAD SHA: 402040b6e093ec26df6d747f56831085b28bb735
[2026-08-02 16:00:04] [PRE-PUSH] HEAD SHA: 402040b6e093ec26df6d747f56831085b28bb735
========================================
[2026-08-02 16:00:04] [PUSH-EVENT] Push detected.
[2026-08-02 16:00:04] [PRE-PUSH] HEAD SHA: 402040b6e093ec26df6d747f56831085b28bb735
[2026-08-02 16:00:06] [BACKUP-START] Mirroring to backup remote...
[2026-08-02 16:00:06] [BACKUP-START] Mirroring to backup remote...
[2026-08-02 16:00:07] [BACKUP-START] Mirroring to backup remote...
========================================
[2026-08-02 16:00:07] [PUSH-EVENT] Push detected.
========================================
[2026-08-02 16:00:07] [PUSH-EVENT] Push detected.
[2026-08-02 16:00:07] [PRE-PUSH] HEAD SHA: 402040b6e093ec26df6d747f56831085b28bb735
[2026-08-02 16:00:07] [PRE-PUSH] HEAD SHA: 402040b6e093ec26df6d747f56831085b28bb735
========================================
[2026-08-02 16:00:09] [PUSH-EVENT] Push detected.
[2026-08-02 16:00:10] [BACKUP-START] Mirroring to backup remote...
[2026-08-02 16:00:09] [PRE-PUSH] HEAD SHA: 402040b6e093ec26df6d747f56831085b28bb735
[2026-08-02 16:00:11] [BACKUP-START] Mirroring to backup remote...
[2026-08-02 16:00:11] [BACKUP-START] Mirroring to backup remote...
[2026-08-02 16:00:11] [BACKUP-START] Mirroring to backup remote...
========================================
[2026-08-02 16:00:10] [PUSH-EVENT] Push detected.
[2026-08-02 16:00:10] [PRE-PUSH] HEAD SHA: 402040b6e093ec26df6d747f56831085b28bb735
[2026-08-02 16:00:14] [BACKUP-START] Mirroring to backup remote...
========================================
[2026-08-02 16:00:14] [PUSH-EVENT] Push detected.
[2026-08-02 16:00:15] [BACKUP-START] Mirroring to backup remote...
========================================
[2026-08-02 16:00:14] [PUSH-EVENT] Push detected.
[2026-08-02 16:00:14] [PRE-PUSH] HEAD SHA: 402040b6e093ec26df6d747f56831085b28bb735
========================================
[2026-08-02 16:00:15] [PUSH-EVENT] Push detected.
[2026-08-02 16:00:14] [PRE-PUSH] HEAD SHA: 402040b6e093ec26df6d747f56831085b28bb735
========================================
[2026-08-02 16:00:15] [PUSH-EVENT] Push detected.
[2026-08-02 16:00:15] [PRE-PUSH] HEAD SHA: 402040b6e093ec26df6d747f56831085b28bb735
[2026-08-02 16:00:17] [BACKUP-START] Mirroring to backup remote...
[2026-08-02 16:00:15] [PRE-PUSH] HEAD SHA: 402040b6e093ec26df6d747f56831085b28bb735
[2026-08-02 16:00:18] [BACKUP-START] Mirroring to backup remote...
========================================
[2026-08-02 16:00:18] [PUSH-EVENT] Push detected.
========================================
[2026-08-02 16:00:19] [PUSH-EVENT] Push detected.
========================================
[2026-08-02 16:00:18] [PRE-PUSH] HEAD SHA: 402040b6e093ec26df6d747f56831085b28bb735
[2026-08-02 16:00:19] [PUSH-EVENT] Push detected.
[2026-08-02 16:00:19] [PRE-PUSH] HEAD SHA: 402040b6e093ec26df6d747f56831085b28bb735
[2026-08-02 16:00:19] [PRE-PUSH] HEAD SHA: 402040b6e093ec26df6d747f56831085b28bb735
[2026-08-02 16:00:21] [BACKUP-START] Mirroring to backup remote...
========================================
[2026-08-02 16:00:20] [PUSH-EVENT] Push detected.
[2026-08-02 16:00:21] [BACKUP-START] Mirroring to backup remote...
[2026-08-02 16:00:20] [PRE-PUSH] HEAD SHA: 402040b6e093ec26df6d747f56831085b28bb735
========================================
[2026-08-02 16:00:22] [PUSH-EVENT] Push detected.
[2026-08-02 16:00:23] [BACKUP-START] Mirroring to backup remote...
[2026-08-02 16:00:23] [BACKUP-START] Mirroring to backup remote...
[2026-08-02 16:00:22] [PRE-PUSH] HEAD SHA: 402040b6e093ec26df6d747f56831085b28bb735
========================================
[2026-08-02 16:00:24] [PUSH-EVENT] Push detected.
[2026-08-02 16:00:24] [PRE-PUSH] HEAD SHA: 402040b6e093ec26df6d747f56831085b28bb735
========================================
[2026-08-02 16:00:24] [PUSH-EVENT] Push detected.
[2026-08-02 16:00:24] [PRE-PUSH] HEAD SHA: 402040b6e093ec26df6d747f56831085b28bb735
[2026-08-02 16:00:26] [BACKUP-START] Mirroring to backup remote...
========================================
[2026-08-02 16:00:26] [PUSH-EVENT] Push detected.
[2026-08-02 16:00:27] [BACKUP-START] Mirroring to backup remote...
========================================
[2026-08-02 16:00:26] [PUSH-EVENT] Push detected.
[2026-08-02 16:00:27] [BACKUP-START] Mirroring to backup remote...
[2026-08-02 16:00:26] [PRE-PUSH] HEAD SHA: 402040b6e093ec26df6d747f56831085b28bb735
[2026-08-02 16:00:28] [BACKUP-START] Mirroring to backup remote...
[2026-08-02 16:00:26] [PRE-PUSH] HEAD SHA: 402040b6e093ec26df6d747f56831085b28bb735
[2026-08-02 16:00:29] [BACKUP-START] Mirroring to backup remote...
[2026-08-02 16:00:30] [BACKUP-START] Mirroring to backup remote...
[2026-08-02 16:00:31] [BACKUP-START] Mirroring to backup remote...
========================================
[2026-08-02 16:00:31] [PUSH-EVENT] Push detected.
========================================
[2026-08-02 16:00:31] [PUSH-EVENT] Push detected.
========================================
[2026-08-02 16:00:32] [PUSH-EVENT] Push detected.
[2026-08-02 16:00:31] [PRE-PUSH] HEAD SHA: 402040b6e093ec26df6d747f56831085b28bb735
[2026-08-02 16:00:31] [PRE-PUSH] HEAD SHA: 402040b6e093ec26df6d747f56831085b28bb735
[2026-08-02 16:00:32] [PRE-PUSH] HEAD SHA: 402040b6e093ec26df6d747f56831085b28bb735
[2026-08-02 16:00:34] [BACKUP-START] Mirroring to backup remote...
========================================
[2026-08-02 16:00:33] [PUSH-EVENT] Push detected.
[2026-08-02 16:00:34] [BACKUP-START] Mirroring to backup remote...
[2026-08-02 16:00:33] [PRE-PUSH] HEAD SHA: 402040b6e093ec26df6d747f56831085b28bb735
========================================
[2026-08-02 16:00:35] [PUSH-EVENT] Push detected.
========================================
[2026-08-02 16:00:35] [PUSH-EVENT] Push detected.
[2026-08-02 16:00:35] [PRE-PUSH] HEAD SHA: 402040b6e093ec26df6d747f56831085b28bb735
[2026-08-02 16:00:35] [PRE-PUSH] HEAD SHA: 402040b6e093ec26df6d747f56831085b28bb735
========================================
[2026-08-02 16:00:37] [PUSH-EVENT] Push detected.
========================================
[2026-08-02 16:00:38] [PUSH-EVENT] Push detected.
========================================
[2026-08-02 16:00:38] [PUSH-EVENT] Push detected.
[2026-08-02 16:00:39] [BACKUP-START] Mirroring to backup remote...
[2026-08-02 16:00:39] [BACKUP-START] Mirroring to backup remote...
[2026-08-02 16:00:37] [PRE-PUSH] HEAD SHA: 402040b6e093ec26df6d747f56831085b28bb735
[2026-08-02 16:00:39] [BACKUP-START] Mirroring to backup remote...
[2026-08-02 16:00:38] [PRE-PUSH] HEAD SHA: 402040b6e093ec26df6d747f56831085b28bb735
[2026-08-02 16:00:38] [PRE-PUSH] HEAD SHA: 402040b6e093ec26df6d747f56831085b28bb735
[2026-08-02 16:00:41] [BACKUP-START] Mirroring to backup remote...
[2026-08-02 16:00:41] [BACKUP-START] Mirroring to backup remote...
[2026-08-02 16:00:42] [BACKUP-START] Mirroring to backup remote...
========================================
[2026-08-02 16:00:42] [PUSH-EVENT] Push detected.
========================================
[2026-08-02 16:00:42] [PUSH-EVENT] Push detected.
========================================
[2026-08-02 16:00:43] [PUSH-EVENT] Push detected.
[2026-08-02 16:00:42] [PRE-PUSH] HEAD SHA: 402040b6e093ec26df6d747f56831085b28bb735
[2026-08-02 16:00:42] [PRE-PUSH] HEAD SHA: 402040b6e093ec26df6d747f56831085b28bb735
[2026-08-02 16:00:43] [PRE-PUSH] HEAD SHA: 402040b6e093ec26df6d747f56831085b28bb735
[2026-08-02 16:00:45] [BACKUP-START] Mirroring to backup remote...
[2026-08-02 16:00:46] [BACKUP-START] Mirroring to backup remote...
========================================
[2026-08-02 16:00:45] [PUSH-EVENT] Push detected.
[2026-08-02 16:00:46] [BACKUP-START] Mirroring to backup remote...
========================================
[2026-08-02 16:00:45] [PUSH-EVENT] Push detected.
[2026-08-02 16:00:45] [PRE-PUSH] HEAD SHA: 402040b6e093ec26df6d747f56831085b28bb735
========================================
[2026-08-02 16:00:47] [PUSH-EVENT] Push detected.
[2026-08-02 16:00:45] [PRE-PUSH] HEAD SHA: 402040b6e093ec26df6d747f56831085b28bb735
[2026-08-02 16:00:47] [PRE-PUSH] HEAD SHA: 402040b6e093ec26df6d747f56831085b28bb735
========================================
[2026-08-02 16:00:48] [PUSH-EVENT] Push detected.
[2026-08-02 16:00:48] [PRE-PUSH] HEAD SHA: 402040b6e093ec26df6d747f56831085b28bb735
========================================
[2026-08-02 16:00:49] [PUSH-EVENT] Push detected.
========================================
[2026-08-02 16:00:49] [PUSH-EVENT] Push detected.
[2026-08-02 16:00:49] [PRE-PUSH] HEAD SHA: 402040b6e093ec26df6d747f56831085b28bb735
[2026-08-02 16:00:49] [PRE-PUSH] HEAD SHA: 402040b6e093ec26df6d747f56831085b28bb735
[2026-08-02 16:00:51] [BACKUP-START] Mirroring to backup remote...
[2026-08-02 16:00:51] [BACKUP-START] Mirroring to backup remote...
[2026-08-02 16:00:51] [BACKUP-START] Mirroring to backup remote...
[2026-08-02 16:00:52] [BACKUP-START] Mirroring to backup remote...
[2026-08-02 16:00:53] [BACKUP-START] Mirroring to backup remote...
[2026-08-02 16:00:54] [BACKUP-START] Mirroring to backup remote...
[2026-08-02 16:00:54] [BACKUP-START] Mirroring to backup remote...
========================================
[2026-08-02 16:00:54] [PUSH-EVENT] Push detected.
========================================
[2026-08-02 16:00:54] [PUSH-EVENT] Push detected.
========================================
[2026-08-02 16:00:55] [PUSH-EVENT] Push detected.
[2026-08-02 16:00:55] [PRE-PUSH] HEAD SHA: 402040b6e093ec26df6d747f56831085b28bb735
[2026-08-02 16:00:54] [PRE-PUSH] HEAD SHA: 402040b6e093ec26df6d747f56831085b28bb735
[2026-08-02 16:00:54] [PRE-PUSH] HEAD SHA: 402040b6e093ec26df6d747f56831085b28bb735
[2026-08-02 16:00:57] [BACKUP-START] Mirroring to backup remote...
[2026-08-02 16:00:57] [BACKUP-START] Mirroring to backup remote...
========================================
[2026-08-02 16:01:00] [PUSH-EVENT] Push detected.
[2026-08-02 16:01:00] [PRE-PUSH] HEAD SHA: 402040b6e093ec26df6d747f56831085b28bb735
========================================
[2026-08-02 16:01:01] [PUSH-EVENT] Push detected.
[2026-08-02 16:01:02] [BACKUP-START] Mirroring to backup remote...
[2026-08-02 16:01:01] [PRE-PUSH] HEAD SHA: 402040b6e093ec26df6d747f56831085b28bb735
[2026-08-02 16:01:03] [BACKUP-START] Mirroring to backup remote...
========================================
[2026-08-02 16:01:02] [PUSH-EVENT] Push detected.
[2026-08-02 16:01:03] [BACKUP-START] Mirroring to backup remote...
========================================
[2026-08-02 16:01:02] [PUSH-EVENT] Push detected.
========================================
[2026-08-02 16:01:03] [PUSH-EVENT] Push detected.
[2026-08-02 16:01:02] [PRE-PUSH] HEAD SHA: 402040b6e093ec26df6d747f56831085b28bb735
[2026-08-02 16:01:02] [PRE-PUSH] HEAD SHA: 402040b6e093ec26df6d747f56831085b28bb735
========================================
[2026-08-02 16:01:04] [PUSH-EVENT] Push detected.
[2026-08-02 16:01:03] [PRE-PUSH] HEAD SHA: 402040b6e093ec26df6d747f56831085b28bb735
[2026-08-02 16:01:04] [PRE-PUSH] HEAD SHA: 402040b6e093ec26df6d747f56831085b28bb735
========================================
[2026-08-02 16:01:06] [PUSH-EVENT] Push detected.
[2026-08-02 16:01:06] [PRE-PUSH] HEAD SHA: 402040b6e093ec26df6d747f56831085b28bb735
========================================
[2026-08-02 16:01:07] [PUSH-EVENT] Push detected.
========================================
[2026-08-02 16:01:07] [PUSH-EVENT] Push detected.
[2026-08-02 16:01:08] [BACKUP-START] Mirroring to backup remote...
[2026-08-02 16:01:08] [BACKUP-START] Mirroring to backup remote...
[2026-08-02 16:01:07] [PRE-PUSH] HEAD SHA: 402040b6e093ec26df6d747f56831085b28bb735
[2026-08-02 16:01:07] [PRE-PUSH] HEAD SHA: 402040b6e093ec26df6d747f56831085b28bb735
========================================
[2026-08-02 16:01:10] [PUSH-EVENT] Push detected.
[2026-08-02 16:01:10] [BACKUP-START] Mirroring to backup remote...
[2026-08-02 16:01:10] [PRE-PUSH] HEAD SHA: 402040b6e093ec26df6d747f56831085b28bb735
[2026-08-02 16:01:11] [BACKUP-START] Mirroring to backup remote...
[2026-08-02 16:01:11] [BACKUP-START] Mirroring to backup remote...
========================================
[2026-08-02 16:01:11] [PUSH-EVENT] Push detected.
[2026-08-02 16:01:12] [BACKUP-START] Mirroring to backup remote...
[2026-08-02 16:01:12] [BACKUP-START] Mirroring to backup remote...
[2026-08-02 16:01:11] [PRE-PUSH] HEAD SHA: 402040b6e093ec26df6d747f56831085b28bb735
[2026-08-02 16:01:14] [BACKUP-START] Mirroring to backup remote...
[2026-08-02 16:01:15] [BACKUP-START] Mirroring to backup remote...
========================================
========================================
[2026-08-02 16:01:15] [PUSH-EVENT] Push detected.
[2026-08-02 16:01:15] [PUSH-EVENT] Push detected.
[2026-08-02 16:01:16] [BACKUP-START] Mirroring to backup remote...
========================================
[2026-08-02 16:01:16] [PUSH-EVENT] Push detected.
========================================
[2026-08-02 16:01:16] [PUSH-EVENT] Push detected.
[2026-08-02 16:01:15] [PRE-PUSH] HEAD SHA: 402040b6e093ec26df6d747f56831085b28bb735
[2026-08-02 16:01:15] [PRE-PUSH] HEAD SHA: 402040b6e093ec26df6d747f56831085b28bb735
[2026-08-02 16:01:16] [PRE-PUSH] HEAD SHA: 402040b6e093ec26df6d747f56831085b28bb735
========================================
[2026-08-02 16:01:17] [PUSH-EVENT] Push detected.
[2026-08-02 16:01:16] [PRE-PUSH] HEAD SHA: 402040b6e093ec26df6d747f56831085b28bb735
[2026-08-02 16:01:17] [PRE-PUSH] HEAD SHA: 402040b6e093ec26df6d747f56831085b28bb735
[2026-08-02 16:01:19] [BACKUP-START] Mirroring to backup remote...
========================================
[2026-08-02 16:01:23] [PUSH-EVENT] Push detected.
[2026-08-02 16:01:23] [BACKUP-START] Mirroring to backup remote...
========================================
[2026-08-02 16:01:23] [PUSH-EVENT] Push detected.
[2026-08-02 16:01:23] [PRE-PUSH] HEAD SHA: 402040b6e093ec26df6d747f56831085b28bb735
[2026-08-02 16:01:24] [BACKUP-START] Mirroring to backup remote...
[2026-08-02 16:01:24] [BACKUP-START] Mirroring to backup remote...
========================================
[2026-08-02 16:01:23] [PUSH-EVENT] Push detected.
[2026-08-02 16:01:25] [BACKUP-START] Mirroring to backup remote...
[2026-08-02 16:01:25] [BACKUP-START] Mirroring to backup remote...
[2026-08-02 16:01:23] [PRE-PUSH] HEAD SHA: 402040b6e093ec26df6d747f56831085b28bb735
[2026-08-02 16:01:23] [PRE-PUSH] HEAD SHA: 402040b6e093ec26df6d747f56831085b28bb735
========================================
[2026-08-02 16:01:25] [PUSH-EVENT] Push detected.
[2026-08-02 16:01:25] [PRE-PUSH] HEAD SHA: 402040b6e093ec26df6d747f56831085b28bb735
========================================
[2026-08-02 16:01:27] [PUSH-EVENT] Push detected.
[2026-08-02 16:01:27] [PRE-PUSH] HEAD SHA: 402040b6e093ec26df6d747f56831085b28bb735
========================================
[2026-08-02 16:01:28] [PUSH-EVENT] Push detected.
[2026-08-02 16:01:29] [BACKUP-START] Mirroring to backup remote...
========================================
[2026-08-02 16:01:29] [PUSH-EVENT] Push detected.
[2026-08-02 16:01:28] [PRE-PUSH] HEAD SHA: 402040b6e093ec26df6d747f56831085b28bb735
[2026-08-02 16:01:29] [PRE-PUSH] HEAD SHA: 402040b6e093ec26df6d747f56831085b28bb735
========================================
[2026-08-02 16:01:30] [PUSH-EVENT] Push detected.
========================================
[2026-08-02 16:01:30] [PUSH-EVENT] Push detected.
[2026-08-02 16:01:32] [BACKUP-START] Mirroring to backup remote...
[2026-08-02 16:01:32] [BACKUP-START] Mirroring to backup remote...
[2026-08-02 16:01:30] [PRE-PUSH] HEAD SHA: 402040b6e093ec26df6d747f56831085b28bb735
[2026-08-02 16:01:30] [PRE-PUSH] HEAD SHA: 402040b6e093ec26df6d747f56831085b28bb735
========================================
[2026-08-02 16:01:32] [PUSH-EVENT] Push detected.
[2026-08-02 16:01:33] [BACKUP-START] Mirroring to backup remote...
[2026-08-02 16:01:32] [PRE-PUSH] HEAD SHA: 402040b6e093ec26df6d747f56831085b28bb735
[2026-08-02 16:01:33] [BACKUP-START] Mirroring to backup remote...
========================================
[2026-08-02 16:01:35] [PUSH-EVENT] Push detected.
========================================
[2026-08-02 16:01:35] [PUSH-EVENT] Push detected.
[2026-08-02 16:01:35] [PRE-PUSH] HEAD SHA: 402040b6e093ec26df6d747f56831085b28bb735
[2026-08-02 16:01:35] [PRE-PUSH] HEAD SHA: 402040b6e093ec26df6d747f56831085b28bb735
[2026-08-02 16:01:37] [BACKUP-START] Mirroring to backup remote...
========================================
[2026-08-02 16:01:37] [PUSH-EVENT] Push detected.
[2026-08-02 16:01:37] [BACKUP-START] Mirroring to backup remote...
========================================
[2026-08-02 16:01:37] [PUSH-EVENT] Push detected.
[2026-08-02 16:01:37] [PRE-PUSH] HEAD SHA: 402040b6e093ec26df6d747f56831085b28bb735
[2026-08-02 16:01:38] [BACKUP-START] Mirroring to backup remote...
[2026-08-02 16:01:39] [BACKUP-START] Mirroring to backup remote...
[2026-08-02 16:01:39] [BACKUP-START] Mirroring to backup remote...
[2026-08-02 16:01:37] [PRE-PUSH] HEAD SHA: 402040b6e093ec26df6d747f56831085b28bb735
========================================
[2026-08-02 16:01:41] [PUSH-EVENT] Push detected.
========================================
[2026-08-02 16:01:41] [PUSH-EVENT] Push detected.
[2026-08-02 16:01:41] [PRE-PUSH] HEAD SHA: 402040b6e093ec26df6d747f56831085b28bb735
[2026-08-02 16:01:41] [PRE-PUSH] HEAD SHA: 402040b6e093ec26df6d747f56831085b28bb735
[2026-08-02 16:01:43] [BACKUP-START] Mirroring to backup remote...
[2026-08-02 16:01:43] [BACKUP-START] Mirroring to backup remote...
[2026-08-02 16:01:43] [BACKUP-START] Mirroring to backup remote...
[2026-08-02 16:01:45] [BACKUP-START] Mirroring to backup remote...
[2026-08-02 16:01:48] [BACKUP-START] Mirroring to backup remote...
========================================
[2026-08-02 16:01:47] [PUSH-EVENT] Push detected.
[2026-08-02 16:01:48] [BACKUP-START] Mirroring to backup remote...
========================================
[2026-08-02 16:01:49] [PUSH-EVENT] Push detected.
========================================
[2026-08-02 16:01:49] [PUSH-EVENT] Push detected.
[2026-08-02 16:01:49] [PRE-PUSH] HEAD SHA: 402040b6e093ec26df6d747f56831085b28bb735
[2026-08-02 16:01:47] [PRE-PUSH] HEAD SHA: 402040b6e093ec26df6d747f56831085b28bb735
========================================
[2026-08-02 16:01:50] [PUSH-EVENT] Push detected.
========================================
[2026-08-02 16:01:50] [PUSH-EVENT] Push detected.
[2026-08-02 16:01:49] [PRE-PUSH] HEAD SHA: 402040b6e093ec26df6d747f56831085b28bb735
========================================
[2026-08-02 16:01:51] [PUSH-EVENT] Push detected.
========================================
[2026-08-02 16:01:51] [PUSH-EVENT] Push detected.
[2026-08-02 16:01:50] [PRE-PUSH] HEAD SHA: 402040b6e093ec26df6d747f56831085b28bb735
[2026-08-02 16:01:50] [PRE-PUSH] HEAD SHA: 402040b6e093ec26df6d747f56831085b28bb735
[2026-08-02 16:01:51] [PRE-PUSH] HEAD SHA: 402040b6e093ec26df6d747f56831085b28bb735
[2026-08-02 16:01:51] [PRE-PUSH] HEAD SHA: 402040b6e093ec26df6d747f56831085b28bb735
========================================
[2026-08-02 16:01:54] [PUSH-EVENT] Push detected.
========================================
[2026-08-02 16:01:54] [PUSH-EVENT] Push detected.
[2026-08-02 16:01:54] [PRE-PUSH] HEAD SHA: 402040b6e093ec26df6d747f56831085b28bb735
[2026-08-02 16:01:54] [PRE-PUSH] HEAD SHA: 402040b6e093ec26df6d747f56831085b28bb735
[2026-08-02 16:01:56] [BACKUP-START] Mirroring to backup remote...
[2026-08-02 16:01:57] [BACKUP-START] Mirroring to backup remote...
[2026-08-02 16:01:57] [BACKUP-START] Mirroring to backup remote...
========================================
[2026-08-02 16:01:58] [PUSH-EVENT] Push detected.
[2026-08-02 16:01:58] [PRE-PUSH] HEAD SHA: 402040b6e093ec26df6d747f56831085b28bb735
[2026-08-02 16:01:59] [BACKUP-START] Mirroring to backup remote...
[2026-08-02 16:01:59] [BACKUP-START] Mirroring to backup remote...
[2026-08-02 16:02:00] [BACKUP-START] Mirroring to backup remote...
[2026-08-02 16:02:00] [BACKUP-START] Mirroring to backup remote...
========================================
[2026-08-02 16:02:00] [PUSH-EVENT] Push detected.
[2026-08-02 16:02:02] [BACKUP-START] Mirroring to backup remote...
[2026-08-02 16:02:02] [BACKUP-START] Mirroring to backup remote...
========================================
[2026-08-02 16:02:01] [PUSH-EVENT] Push detected.
[2026-08-02 16:02:00] [PRE-PUSH] HEAD SHA: 402040b6e093ec26df6d747f56831085b28bb735
[2026-08-02 16:02:01] [PRE-PUSH] HEAD SHA: 402040b6e093ec26df6d747f56831085b28bb735
========================================
[2026-08-02 16:02:03] [PUSH-EVENT] Push detected.
========================================
[2026-08-02 16:02:03] [PUSH-EVENT] Push detected.
[2026-08-02 16:02:04] [BACKUP-START] Mirroring to backup remote...
[2026-08-02 16:02:03] [PRE-PUSH] HEAD SHA: 402040b6e093ec26df6d747f56831085b28bb735
[2026-08-02 16:02:03] [PRE-PUSH] HEAD SHA: 402040b6e093ec26df6d747f56831085b28bb735
========================================
[2026-08-02 16:02:05] [PUSH-EVENT] Push detected.
[2026-08-02 16:02:05] [PRE-PUSH] HEAD SHA: 402040b6e093ec26df6d747f56831085b28bb735
[2026-08-02 16:02:07] [BACKUP-START] Mirroring to backup remote...
[2026-08-02 16:02:09] [BACKUP-START] Mirroring to backup remote...
========================================
[2026-08-02 16:02:09] [PUSH-EVENT] Push detected.
========================================
[2026-08-02 16:02:10] [PUSH-EVENT] Push detected.
========================================
[2026-08-02 16:02:10] [PUSH-EVENT] Push detected.
[2026-08-02 16:02:09] [PRE-PUSH] HEAD SHA: 402040b6e093ec26df6d747f56831085b28bb735
[2026-08-02 16:02:10] [PRE-PUSH] HEAD SHA: 402040b6e093ec26df6d747f56831085b28bb735
========================================
[2026-08-02 16:02:11] [PUSH-EVENT] Push detected.
[2026-08-02 16:02:11] [BACKUP-START] Mirroring to backup remote...
[2026-08-02 16:02:11] [BACKUP-START] Mirroring to backup remote...
[2026-08-02 16:02:10] [PRE-PUSH] HEAD SHA: 402040b6e093ec26df6d747f56831085b28bb735
[2026-08-02 16:02:12] [BACKUP-START] Mirroring to backup remote...
[2026-08-02 16:02:11] [PRE-PUSH] HEAD SHA: 402040b6e093ec26df6d747f56831085b28bb735
========================================
[2026-08-02 16:02:12] [PUSH-EVENT] Push detected.
[2026-08-02 16:02:12] [PRE-PUSH] HEAD SHA: 402040b6e093ec26df6d747f56831085b28bb735
========================================
[2026-08-02 16:02:14] [PUSH-EVENT] Push detected.
[2026-08-02 16:02:14] [PRE-PUSH] HEAD SHA: 402040b6e093ec26df6d747f56831085b28bb735
========================================
[2026-08-02 16:02:16] [PUSH-EVENT] Push detected.
========================================
[2026-08-02 16:02:16] [PUSH-EVENT] Push detected.
[2026-08-02 16:02:16] [BACKUP-START] Mirroring to backup remote...
[2026-08-02 16:02:16] [PRE-PUSH] HEAD SHA: 402040b6e093ec26df6d747f56831085b28bb735
[2026-08-02 16:02:18] [BACKUP-START] Mirroring to backup remote...
[2026-08-02 16:02:16] [PRE-PUSH] HEAD SHA: 402040b6e093ec26df6d747f56831085b28bb735
========================================
[2026-08-02 16:02:17] [PUSH-EVENT] Push detected.
[2026-08-02 16:02:18] [BACKUP-START] Mirroring to backup remote...
[2026-08-02 16:02:18] [BACKUP-START] Mirroring to backup remote...
[2026-08-02 16:02:17] [PRE-PUSH] HEAD SHA: 402040b6e093ec26df6d747f56831085b28bb735
[2026-08-02 16:02:20] [BACKUP-START] Mirroring to backup remote...
========================================
[2026-08-02 16:02:20] [PUSH-EVENT] Push detected.
[2026-08-02 16:02:20] [PRE-PUSH] HEAD SHA: 402040b6e093ec26df6d747f56831085b28bb735
========================================
[2026-08-02 16:02:21] [PUSH-EVENT] Push detected.
[2026-08-02 16:02:21] [PRE-PUSH] HEAD SHA: 402040b6e093ec26df6d747f56831085b28bb735
========================================
[2026-08-02 16:02:22] [PUSH-EVENT] Push detected.
========================================
[2026-08-02 16:02:22] [PUSH-EVENT] Push detected.
[2026-08-02 16:02:23] [BACKUP-START] Mirroring to backup remote...
[2026-08-02 16:02:22] [PRE-PUSH] HEAD SHA: 402040b6e093ec26df6d747f56831085b28bb735
[2026-08-02 16:02:23] [BACKUP-START] Mirroring to backup remote...
[2026-08-02 16:02:22] [PRE-PUSH] HEAD SHA: 402040b6e093ec26df6d747f56831085b28bb735
[2026-08-02 16:02:24] [BACKUP-START] Mirroring to backup remote...
[2026-08-02 16:02:25] [BACKUP-START] Mirroring to backup remote...
[2026-08-02 16:02:26] [BACKUP-START] Mirroring to backup remote...
========================================
[2026-08-02 16:02:26] [PUSH-EVENT] Push detected.
========================================
[2026-08-02 16:02:27] [PUSH-EVENT] Push detected.
[2026-08-02 16:02:28] [BACKUP-START] Mirroring to backup remote...
========================================
[2026-08-02 16:02:27] [PUSH-EVENT] Push detected.
[2026-08-02 16:02:26] [PRE-PUSH] HEAD SHA: 402040b6e093ec26df6d747f56831085b28bb735
[2026-08-02 16:02:27] [PRE-PUSH] HEAD SHA: 402040b6e093ec26df6d747f56831085b28bb735
[2026-08-02 16:02:27] [PRE-PUSH] HEAD SHA: 402040b6e093ec26df6d747f56831085b28bb735
[2026-08-02 16:02:30] [BACKUP-START] Mirroring to backup remote...
========================================
[2026-08-02 16:02:30] [BACKUP-START] Mirroring to backup remote...
[2026-08-02 16:02:29] [PUSH-EVENT] Push detected.
========================================
[2026-08-02 16:02:29] [PUSH-EVENT] Push detected.
[2026-08-02 16:02:29] [PRE-PUSH] HEAD SHA: 402040b6e093ec26df6d747f56831085b28bb735
[2026-08-02 16:02:29] [PRE-PUSH] HEAD SHA: 402040b6e093ec26df6d747f56831085b28bb735
========================================
[2026-08-02 16:02:31] [PUSH-EVENT] Push detected.
[2026-08-02 16:02:31] [PRE-PUSH] HEAD SHA: 402040b6e093ec26df6d747f56831085b28bb735
========================================
[2026-08-02 16:02:34] [PUSH-EVENT] Push detected.
========================================
[2026-08-02 16:02:34] [PUSH-EVENT] Push detected.
[2026-08-02 16:02:34] [PRE-PUSH] HEAD SHA: 402040b6e093ec26df6d747f56831085b28bb735
========================================
[2026-08-02 16:02:34] [PUSH-EVENT] Push detected.
[2026-08-02 16:02:34] [PRE-PUSH] HEAD SHA: 402040b6e093ec26df6d747f56831085b28bb735
[2026-08-02 16:02:36] [BACKUP-START] Mirroring to backup remote...
[2026-08-02 16:02:36] [BACKUP-START] Mirroring to backup remote...
[2026-08-02 16:02:36] [BACKUP-START] Mirroring to backup remote...
[2026-08-02 16:02:34] [PRE-PUSH] HEAD SHA: 402040b6e093ec26df6d747f56831085b28bb735
[2026-08-02 16:02:37] [BACKUP-START] Mirroring to backup remote...
[2026-08-02 16:02:38] [BACKUP-START] Mirroring to backup remote...
[2026-08-02 16:02:38] [BACKUP-START] Mirroring to backup remote...
[2026-08-02 16:02:41] [BACKUP-START] Mirroring to backup remote...
========================================
[2026-08-02 16:02:41] [PUSH-EVENT] Push detected.
[2026-08-02 16:02:42] [BACKUP-START] Mirroring to backup remote...
========================================
[2026-08-02 16:02:41] [PUSH-EVENT] Push detected.
========================================
[2026-08-02 16:02:41] [PUSH-EVENT] Push detected.
[2026-08-02 16:02:43] [BACKUP-START] Mirroring to backup remote...
========================================
[2026-08-02 16:02:43] [PUSH-EVENT] Push detected.
[2026-08-02 16:02:41] [PRE-PUSH] HEAD SHA: 402040b6e093ec26df6d747f56831085b28bb735
========================================
[2026-08-02 16:02:43] [PUSH-EVENT] Push detected.
========================================
[2026-08-02 16:02:45] [PUSH-EVENT] Push detected.
[2026-08-02 16:02:41] [PRE-PUSH] HEAD SHA: 402040b6e093ec26df6d747f56831085b28bb735
[2026-08-02 16:02:43] [PRE-PUSH] HEAD SHA: 402040b6e093ec26df6d747f56831085b28bb735
[2026-08-02 16:02:41] [PRE-PUSH] HEAD SHA: 402040b6e093ec26df6d747f56831085b28bb735
========================================
[2026-08-02 16:02:46] [PUSH-EVENT] Push detected.
[2026-08-02 16:02:45] [PRE-PUSH] HEAD SHA: 402040b6e093ec26df6d747f56831085b28bb735
[2026-08-02 16:02:43] [PRE-PUSH] HEAD SHA: 402040b6e093ec26df6d747f56831085b28bb735
[2026-08-02 16:02:46] [PRE-PUSH] HEAD SHA: 402040b6e093ec26df6d747f56831085b28bb735
========================================
[2026-08-02 16:02:48] [PUSH-EVENT] Push detected.
========================================
[2026-08-02 16:02:49] [PUSH-EVENT] Push detected.
[2026-08-02 16:02:48] [PRE-PUSH] HEAD SHA: 402040b6e093ec26df6d747f56831085b28bb735
[2026-08-02 16:02:49] [PRE-PUSH] HEAD SHA: 402040b6e093ec26df6d747f56831085b28bb735
[2026-08-02 16:02:50] [BACKUP-START] Mirroring to backup remote...
[2026-08-02 16:02:52] [BACKUP-START] Mirroring to backup remote...
[2026-08-02 16:02:52] [BACKUP-START] Mirroring to backup remote...
[2026-08-02 16:02:52] [BACKUP-START] Mirroring to backup remote...
[2026-08-02 16:02:53] [BACKUP-START] Mirroring to backup remote...
[2026-08-02 16:02:53] [BACKUP-START] Mirroring to backup remote...
[2026-08-02 16:02:53] [BACKUP-START] Mirroring to backup remote...
========================================
[2026-08-02 16:02:54] [PUSH-EVENT] Push detected.
[2026-08-02 16:02:54] [PRE-PUSH] HEAD SHA: 402040b6e093ec26df6d747f56831085b28bb735
========================================
[2026-08-02 16:02:55] [PUSH-EVENT] Push detected.
[2026-08-02 16:02:56] [BACKUP-START] Mirroring to backup remote...
[2026-08-02 16:02:55] [PRE-PUSH] HEAD SHA: 402040b6e093ec26df6d747f56831085b28bb735
[2026-08-02 16:02:56] [BACKUP-START] Mirroring to backup remote...
[2026-08-02 16:03:01] [BACKUP-START] Mirroring to backup remote...
[2026-08-02 16:03:01] [BACKUP-START] Mirroring to backup remote...
========================================
[2026-08-02 16:03:01] [PUSH-EVENT] Push detected.
========================================
[2026-08-02 16:03:01] [PUSH-EVENT] Push detected.
========================================
[2026-08-02 16:03:02] [PUSH-EVENT] Push detected.
[2026-08-02 16:03:01] [PRE-PUSH] HEAD SHA: 402040b6e093ec26df6d747f56831085b28bb735
[2026-08-02 16:03:01] [PRE-PUSH] HEAD SHA: 402040b6e093ec26df6d747f56831085b28bb735
========================================
[2026-08-02 16:03:02] [PUSH-EVENT] Push detected.
========================================
[2026-08-02 16:03:03] [PUSH-EVENT] Push detected.
========================================
[2026-08-02 16:03:04] [PUSH-EVENT] Push detected.
[2026-08-02 16:03:02] [PRE-PUSH] HEAD SHA: 402040b6e093ec26df6d747f56831085b28bb735
[2026-08-02 16:03:02] [PRE-PUSH] HEAD SHA: 402040b6e093ec26df6d747f56831085b28bb735
========================================
[2026-08-02 16:03:05] [PUSH-EVENT] Push detected.
[2026-08-02 16:03:03] [PRE-PUSH] HEAD SHA: 402040b6e093ec26df6d747f56831085b28bb735
[2026-08-02 16:03:04] [PRE-PUSH] HEAD SHA: 402040b6e093ec26df6d747f56831085b28bb735
========================================
[2026-08-02 16:03:07] [PUSH-EVENT] Push detected.
========================================
[2026-08-02 16:03:07] [PUSH-EVENT] Push detected.
[2026-08-02 16:03:05] [PRE-PUSH] HEAD SHA: 402040b6e093ec26df6d747f56831085b28bb735
[2026-08-02 16:03:07] [PRE-PUSH] HEAD SHA: 402040b6e093ec26df6d747f56831085b28bb735
[2026-08-02 16:03:07] [PRE-PUSH] HEAD SHA: 402040b6e093ec26df6d747f56831085b28bb735
[2026-08-02 16:03:09] [BACKUP-START] Mirroring to backup remote...
[2026-08-02 16:03:10] [BACKUP-START] Mirroring to backup remote...
========================================
[2026-08-02 16:03:12] [PUSH-EVENT] Push detected.
[2026-08-02 16:03:12] [PRE-PUSH] HEAD SHA: 402040b6e093ec26df6d747f56831085b28bb735
[2026-08-02 16:03:13] [BACKUP-START] Mirroring to backup remote...
[2026-08-02 16:03:13] [BACKUP-START] Mirroring to backup remote...
[2026-08-02 16:03:13] [BACKUP-START] Mirroring to backup remote...
[2026-08-02 16:03:14] [BACKUP-START] Mirroring to backup remote...
[2026-08-02 16:03:14] [BACKUP-START] Mirroring to backup remote...
[2026-08-02 16:03:14] [BACKUP-START] Mirroring to backup remote...
========================================
[2026-08-02 16:03:14] [PUSH-EVENT] Push detected.
[2026-08-02 16:03:15] [BACKUP-START] Mirroring to backup remote...
[2026-08-02 16:03:14] [PRE-PUSH] HEAD SHA: 402040b6e093ec26df6d747f56831085b28bb735
[2026-08-02 16:03:18] [BACKUP-START] Mirroring to backup remote...
========================================
[2026-08-02 16:03:18] [PUSH-EVENT] Push detected.
========================================
[2026-08-02 16:03:18] [PUSH-EVENT] Push detected.
========================================
[2026-08-02 16:03:18] [PUSH-EVENT] Push detected.
========================================
[2026-08-02 16:03:18] [PUSH-EVENT] Push detected.
[2026-08-02 16:03:18] [PRE-PUSH] HEAD SHA: 402040b6e093ec26df6d747f56831085b28bb735
[2026-08-02 16:03:18] [PRE-PUSH] HEAD SHA: 402040b6e093ec26df6d747f56831085b28bb735
========================================
[2026-08-02 16:03:19] [PUSH-EVENT] Push detected.
[2026-08-02 16:03:18] [PRE-PUSH] HEAD SHA: 402040b6e093ec26df6d747f56831085b28bb735
[2026-08-02 16:03:18] [PRE-PUSH] HEAD SHA: 402040b6e093ec26df6d747f56831085b28bb735
[2026-08-02 16:03:19] [PRE-PUSH] HEAD SHA: 402040b6e093ec26df6d747f56831085b28bb735
[2026-08-02 16:03:22] [BACKUP-START] Mirroring to backup remote...
========================================
[2026-08-02 16:03:23] [PUSH-EVENT] Push detected.
[2026-08-02 16:03:23] [PRE-PUSH] HEAD SHA: 402040b6e093ec26df6d747f56831085b28bb735
========================================
[2026-08-02 16:03:23] [PUSH-EVENT] Push detected.
[2026-08-02 16:03:23] [PRE-PUSH] HEAD SHA: 402040b6e093ec26df6d747f56831085b28bb735
========================================
[2026-08-02 16:03:25] [PUSH-EVENT] Push detected.
[2026-08-02 16:03:25] [BACKUP-START] Mirroring to backup remote...
========================================
[2026-08-02 16:03:25] [PUSH-EVENT] Push detected.
[2026-08-02 16:03:25] [PRE-PUSH] HEAD SHA: 402040b6e093ec26df6d747f56831085b28bb735
[2026-08-02 16:03:26] [BACKUP-START] Mirroring to backup remote...
[2026-08-02 16:03:25] [PRE-PUSH] HEAD SHA: 402040b6e093ec26df6d747f56831085b28bb735
[2026-08-02 16:03:26] [BACKUP-START] Mirroring to backup remote...
[2026-08-02 16:03:27] [BACKUP-START] Mirroring to backup remote...
[2026-08-02 16:03:27] [BACKUP-START] Mirroring to backup remote...
[2026-08-02 16:03:29] [BACKUP-START] Mirroring to backup remote...
========================================
[2026-08-02 16:03:29] [PUSH-EVENT] Push detected.
[2026-08-02 16:03:29] [PRE-PUSH] HEAD SHA: 402040b6e093ec26df6d747f56831085b28bb735
[2026-08-02 16:03:32] [BACKUP-START] Mirroring to backup remote...
========================================
[2026-08-02 16:03:30] [PUSH-EVENT] Push detected.
[2026-08-02 16:03:32] [BACKUP-START] Mirroring to backup remote...
[2026-08-02 16:03:33] [BACKUP-START] Mirroring to backup remote...
========================================
[2026-08-02 16:03:32] [PUSH-EVENT] Push detected.
========================================
[2026-08-02 16:03:33] [PUSH-EVENT] Push detected.
[2026-08-02 16:03:30] [PRE-PUSH] HEAD SHA: 402040b6e093ec26df6d747f56831085b28bb735
========================================
[2026-08-02 16:03:33] [PUSH-EVENT] Push detected.
========================================
[2026-08-02 16:03:34] [PUSH-EVENT] Push detected.
[2026-08-02 16:03:32] [PRE-PUSH] HEAD SHA: 402040b6e093ec26df6d747f56831085b28bb735
[2026-08-02 16:03:33] [PRE-PUSH] HEAD SHA: 402040b6e093ec26df6d747f56831085b28bb735
[2026-08-02 16:03:34] [PRE-PUSH] HEAD SHA: 402040b6e093ec26df6d747f56831085b28bb735
[2026-08-02 16:03:36] [BACKUP-START] Mirroring to backup remote...
[2026-08-02 16:03:33] [PRE-PUSH] HEAD SHA: 402040b6e093ec26df6d747f56831085b28bb735
========================================
[2026-08-02 16:03:37] [PUSH-EVENT] Push detected.
========================================
[2026-08-02 16:03:37] [PUSH-EVENT] Push detected.
[2026-08-02 16:03:37] [PRE-PUSH] HEAD SHA: 402040b6e093ec26df6d747f56831085b28bb735
========================================
[2026-08-02 16:03:38] [PUSH-EVENT] Push detected.
[2026-08-02 16:03:37] [PRE-PUSH] HEAD SHA: 402040b6e093ec26df6d747f56831085b28bb735
========================================
[2026-08-02 16:03:39] [PUSH-EVENT] Push detected.
[2026-08-02 16:03:38] [PRE-PUSH] HEAD SHA: 402040b6e093ec26df6d747f56831085b28bb735
[2026-08-02 16:03:39] [PRE-PUSH] HEAD SHA: 402040b6e093ec26df6d747f56831085b28bb735
[2026-08-02 16:03:41] [BACKUP-START] Mirroring to backup remote...
[2026-08-02 16:03:41] [BACKUP-START] Mirroring to backup remote...
[2026-08-02 16:03:41] [BACKUP-START] Mirroring to backup remote...
[2026-08-02 16:03:42] [BACKUP-START] Mirroring to backup remote...
[2026-08-02 16:03:42] [BACKUP-START] Mirroring to backup remote...
========================================
[2026-08-02 16:03:44] [PUSH-EVENT] Push detected.
[2026-08-02 16:03:44] [PRE-PUSH] HEAD SHA: 402040b6e093ec26df6d747f56831085b28bb735
[2026-08-02 16:03:46] [BACKUP-START] Mirroring to backup remote...
[2026-08-02 16:03:46] [BACKUP-START] Mirroring to backup remote...
[2026-08-02 16:03:46] [BACKUP-START] Mirroring to backup remote...
[2026-08-02 16:03:46] [BACKUP-START] Mirroring to backup remote...
========================================
[2026-08-02 16:03:50] [PUSH-EVENT] Push detected.
========================================
[2026-08-02 16:03:50] [PUSH-EVENT] Push detected.
[2026-08-02 16:03:52] [BACKUP-START] Mirroring to backup remote...
========================================
[2026-08-02 16:03:51] [PUSH-EVENT] Push detected.
[2026-08-02 16:03:50] [PRE-PUSH] HEAD SHA: 402040b6e093ec26df6d747f56831085b28bb735
[2026-08-02 16:03:50] [PRE-PUSH] HEAD SHA: 402040b6e093ec26df6d747f56831085b28bb735
========================================
[2026-08-02 16:03:53] [PUSH-EVENT] Push detected.
[2026-08-02 16:03:51] [PRE-PUSH] HEAD SHA: 402040b6e093ec26df6d747f56831085b28bb735
========================================
[2026-08-02 16:03:53] [PUSH-EVENT] Push detected.
[2026-08-02 16:03:53] [PRE-PUSH] HEAD SHA: 402040b6e093ec26df6d747f56831085b28bb735
========================================
[2026-08-02 16:03:54] [PUSH-EVENT] Push detected.
========================================
[2026-08-02 16:03:54] [PUSH-EVENT] Push detected.
========================================
[2026-08-02 16:03:55] [PUSH-EVENT] Push detected.
[2026-08-02 16:03:53] [PRE-PUSH] HEAD SHA: 402040b6e093ec26df6d747f56831085b28bb735
[2026-08-02 16:03:54] [PRE-PUSH] HEAD SHA: 402040b6e093ec26df6d747f56831085b28bb735
[2026-08-02 16:03:54] [PRE-PUSH] HEAD SHA: 402040b6e093ec26df6d747f56831085b28bb735
[2026-08-02 16:03:55] [PRE-PUSH] HEAD SHA: 402040b6e093ec26df6d747f56831085b28bb735
========================================
[2026-08-02 16:03:57] [PUSH-EVENT] Push detected.
[2026-08-02 16:03:58] [BACKUP-START] Mirroring to backup remote...
[2026-08-02 16:03:57] [PRE-PUSH] HEAD SHA: 402040b6e093ec26df6d747f56831085b28bb735
[2026-08-02 16:04:00] [BACKUP-START] Mirroring to backup remote...
[2026-08-02 16:04:01] [BACKUP-START] Mirroring to backup remote...
[2026-08-02 16:04:01] [BACKUP-START] Mirroring to backup remote...
========================================
[2026-08-02 16:04:01] [PUSH-EVENT] Push detected.
[2026-08-02 16:04:01] [PRE-PUSH] HEAD SHA: 402040b6e093ec26df6d747f56831085b28bb735
